allocation_id,participant_id,participant_slot,set_id,set_trial_index,global_trial_index,document_id,document_index,condition_id,enriched_file,degree_value,baseline_side,enriched_side,document_exposure_number,randomization_seed,rating,response_time,assignment_version,study_version
n30-round2-three-versions-v1-slot-01,,1,1,1,1,P14_DOC_B,28,D4_derived,D4_derived.html,5,right,left,1,text-enrichment-reader-round2-n30-v1:participant:1:documents:set:1:rotation:0,,,n30-round2-three-versions-v1,2026-09-04-r2-v1
n30-round2-three-versions-v1-slot-01,,1,1,2,2,P8_DOC_B,16,D4_derived,D4_derived.html,5,left,right,1,text-enrichment-reader-round2-n30-v1:participant:1:documents:set:1:rotation:0,,,n30-round2-three-versions-v1,2026-09-04-r2-v1
n30-round2-three-versions-v1-slot-01,,1,1,3,3,P18_DOC_A,35,D5_maximal,D5_maximal.html,6,left,right,1,text-enrichment-reader-round2-n30-v1:participant:1:documents:set:1:rotation:0,,,n30-round2-three-versions-v1,2026-09-04-r2-v1
n30-round2-three-versions-v1-slot-01,,1,1,4,4,P3_DOC_A,5,W_writer_optimal,W_writer_optimal.html,3,left,right,1,text-enrichment-reader-round2-n30-v1:participant:1:documents:set:1:rotation:0,,,n30-round2-three-versions-v1,2026-09-04-r2-v1
n30-round2-three-versions-v1-slot-01,,1,1,5,5,P1_DOC_B,2,D3_derived,D3_derived.html,4,right,left,1,text-enrichment-reader-round2-n30-v1:participant:1:documents:set:1:rotation:0,,,n30-round2-three-versions-v1,2026-09-04-r2-v1
n30-round2-three-versions-v1-slot-01,,1,1,6,6,P19_DOC_A,37,D1_derived,D1_derived.html,1,left,right,1,text-enrichment-reader-round2-n30-v1:participant:1:documents:set:1:rotation:0,,,n30-round2-three-versions-v1,2026-09-04-r2-v1
n30-round2-three-versions-v1-slot-01,,1,1,7,7,P6_DOC_A,11,D5_maximal,D5_maximal.html,6,left,right,1,text-enrichment-reader-round2-n30-v1:participant:1:documents:set:1:rotation:0,,,n30-round2-three-versions-v1,2026-09-04-r2-v1
n30-round2-three-versions-v1-slot-01,,1,1,8,8,P17_DOC_B,34,D2_derived,D2_derived.html,2,left,right,1,text-enrichment-reader-round2-n30-v1:participant:1:documents:set:1:rotation:0,,,n30-round2-three-versions-v1,2026-09-04-r2-v1
n30-round2-three-versions-v1-slot-01,,1,1,9,9,P4_DOC_A,7,D3_derived,D3_derived.html,4,left,right,1,text-enrichment-reader-round2-n30-v1:participant:1:documents:set:1:rotation:0,,,n30-round2-three-versions-v1,2026-09-04-r2-v1
n30-round2-three-versions-v1-slot-01,,1,1,10,10,P5_DOC_A,9,D4_derived,D4_derived.html,5,left,right,1,text-enrichment-reader-round2-n30-v1:participant:1:documents:set:1:rotation:0,,,n30-round2-three-versions-v1,2026-09-04-r2-v1
n30-round2-three-versions-v1-slot-01,,1,1,11,11,P18_DOC_B,36,W_writer_optimal,W_writer_optimal.html,3,left,right,1,text-enrichment-reader-round2-n30-v1:participant:1:documents:set:1:rotation:0,,,n30-round2-three-versions-v1,2026-09-04-r2-v1
n30-round2-three-versions-v1-slot-01,,1,1,12,12,P16_DOC_B,32,D1_derived,D1_derived.html,1,right,left,1,text-enrichment-reader-round2-n30-v1:participant:1:documents:set:1:rotation:0,,,n30-round2-three-versions-v1,2026-09-04-r2-v1
n30-round2-three-versions-v1-slot-01,,1,1,13,13,P7_DOC_A,13,D1_derived,D1_derived.html,1,left,right,1,text-enrichment-reader-round2-n30-v1:participant:1:documents:set:1:rotation:0,,,n30-round2-three-versions-v1,2026-09-04-r2-v1
n30-round2-three-versions-v1-slot-01,,1,1,14,14,P9_DOC_B,18,D5_maximal,D5_maximal.html,6,left,right,1,text-enrichment-reader-round2-n30-v1:participant:1:documents:set:1:rotation:0,,,n30-round2-three-versions-v1,2026-09-04-r2-v1
n30-round2-three-versions-v1-slot-01,,1,1,15,15,P17_DOC_A,33,D4_derived,D4_derived.html,5,left,right,1,text-enrichment-reader-round2-n30-v1:participant:1:documents:set:1:rotation:0,,,n30-round2-three-versions-v1,2026-09-04-r2-v1
n30-round2-three-versions-v1-slot-01,,1,1,16,16,P12_DOC_B,24,W_writer_optimal,W_writer_optimal.html,3,right,left,1,text-enrichment-reader-round2-n30-v1:participant:1:documents:set:1:rotation:0,,,n30-round2-three-versions-v1,2026-09-04-r2-v1
n30-round2-three-versions-v1-slot-01,,1,1,17,17,P10_DOC_B,20,D1_derived,D1_derived.html,1,right,left,1,text-enrichment-reader-round2-n30-v1:participant:1:documents:set:1:rotation:0,,,n30-round2-three-versions-v1,2026-09-04-r2-v1
n30-round2-three-versions-v1-slot-01,,1,1,18,18,P7_DOC_B,14,D3_derived,D3_derived.html,4,left,right,1,text-enrichment-reader-round2-n30-v1:participant:1:documents:set:1:rotation:0,,,n30-round2-three-versions-v1,2026-09-04-r2-v1
n30-round2-three-versions-v1-slot-01,,1,1,19,19,P15_DOC_B,30,D5_maximal,D5_maximal.html,6,right,left,1,text-enrichment-reader-round2-n30-v1:participant:1:documents:set:1:rotation:0,,,n30-round2-three-versions-v1,2026-09-04-r2-v1
n30-round2-three-versions-v1-slot-01,,1,1,20,20,P11_DOC_B,22,D2_derived,D2_derived.html,2,right,left,1,text-enrichment-reader-round2-n30-v1:participant:1:documents:set:1:rotation:0,,,n30-round2-three-versions-v1,2026-09-04-r2-v1
n30-round2-three-versions-v1-slot-01,,1,1,21,21,P15_DOC_A,29,W_writer_optimal,W_writer_optimal.html,3,left,right,1,text-enrichment-reader-round2-n30-v1:participant:1:documents:set:1:rotation:0,,,n30-round2-three-versions-v1,2026-09-04-r2-v1
n30-round2-three-versions-v1-slot-01,,1,1,22,22,P14_DOC_A,27,D2_derived,D2_derived.html,2,right,left,1,text-enrichment-reader-round2-n30-v1:participant:1:documents:set:1:rotation:0,,,n30-round2-three-versions-v1,2026-09-04-r2-v1
n30-round2-three-versions-v1-slot-01,,1,1,23,23,P2_DOC_A,3,D2_derived,D2_derived.html,2,right,left,1,text-enrichment-reader-round2-n30-v1:participant:1:documents:set:1:rotation:0,,,n30-round2-three-versions-v1,2026-09-04-r2-v1
n30-round2-three-versions-v1-slot-01,,1,1,24,24,P8_DOC_A,15,D2_derived,D2_derived.html,2,left,right,1,text-enrichment-reader-round2-n30-v1:participant:1:documents:set:1:rotation:0,,,n30-round2-three-versions-v1,2026-09-04-r2-v1
n30-round2-three-versions-v1-slot-01,,1,1,25,25,P10_DOC_A,19,D3_derived,D3_derived.html,4,left,right,1,text-enrichment-reader-round2-n30-v1:participant:1:documents:set:1:rotation:0,,,n30-round2-three-versions-v1,2026-09-04-r2-v1
n30-round2-three-versions-v1-slot-01,,1,1,26,26,P2_DOC_B,4,D4_derived,D4_derived.html,5,right,left,1,text-enrichment-reader-round2-n30-v1:participant:1:documents:set:1:rotation:0,,,n30-round2-three-versions-v1,2026-09-04-r2-v1
n30-round2-three-versions-v1-slot-01,,1,1,27,27,P13_DOC_A,25,D1_derived,D1_derived.html,1,left,right,1,text-enrichment-reader-round2-n30-v1:participant:1:documents:set:1:rotation:0,,,n30-round2-three-versions-v1,2026-09-04-r2-v1
n30-round2-three-versions-v1-slot-01,,1,1,28,28,P19_DOC_B,38,D3_derived,D3_derived.html,4,right,left,1,text-enrichment-reader-round2-n30-v1:participant:1:documents:set:1:rotation:0,,,n30-round2-three-versions-v1,2026-09-04-r2-v1
n30-round2-three-versions-v1-slot-01,,1,1,29,29,P13_DOC_B,26,D3_derived,D3_derived.html,4,right,left,1,text-enrichment-reader-round2-n30-v1:participant:1:documents:set:1:rotation:0,,,n30-round2-three-versions-v1,2026-09-04-r2-v1
n30-round2-three-versions-v1-slot-01,,1,1,30,30,P12_DOC_A,23,D5_maximal,D5_maximal.html,6,right,left,1,text-enrichment-reader-round2-n30-v1:participant:1:documents:set:1:rotation:0,,,n30-round2-three-versions-v1,2026-09-04-r2-v1
n30-round2-three-versions-v1-slot-01,,1,1,31,31,P1_DOC_A,1,D1_derived,D1_derived.html,1,right,left,1,text-enrichment-reader-round2-n30-v1:participant:1:documents:set:1:rotation:0,,,n30-round2-three-versions-v1,2026-09-04-r2-v1
n30-round2-three-versions-v1-slot-01,,1,1,32,32,P4_DOC_B,8,D1_derived,D1_derived.html,1,right,left,1,text-enrichment-reader-round2-n30-v1:participant:1:documents:set:1:rotation:0,,,n30-round2-three-versions-v1,2026-09-04-r2-v1
n30-round2-three-versions-v1-slot-01,,1,1,33,33,P6_DOC_B,12,W_writer_optimal,W_writer_optimal.html,3,left,right,1,text-enrichment-reader-round2-n30-v1:participant:1:documents:set:1:rotation:0,,,n30-round2-three-versions-v1,2026-09-04-r2-v1
n30-round2-three-versions-v1-slot-01,,1,1,34,34,P16_DOC_A,31,D3_derived,D3_derived.html,4,right,left,1,text-enrichment-reader-round2-n30-v1:participant:1:documents:set:1:rotation:0,,,n30-round2-three-versions-v1,2026-09-04-r2-v1
n30-round2-three-versions-v1-slot-01,,1,1,35,35,P11_DOC_A,21,D4_derived,D4_derived.html,5,right,left,1,text-enrichment-reader-round2-n30-v1:participant:1:documents:set:1:rotation:0,,,n30-round2-three-versions-v1,2026-09-04-r2-v1
n30-round2-three-versions-v1-slot-01,,1,1,36,36,P5_DOC_B,10,D2_derived,D2_derived.html,2,right,left,1,text-enrichment-reader-round2-n30-v1:participant:1:documents:set:1:rotation:0,,,n30-round2-three-versions-v1,2026-09-04-r2-v1
n30-round2-three-versions-v1-slot-01,,1,1,37,37,P9_DOC_A,17,W_writer_optimal,W_writer_optimal.html,3,left,right,1,text-enrichment-reader-round2-n30-v1:participant:1:documents:set:1:rotation:0,,,n30-round2-three-versions-v1,2026-09-04-r2-v1
n30-round2-three-versions-v1-slot-01,,1,1,38,38,P3_DOC_B,6,D5_maximal,D5_maximal.html,6,right,left,1,text-enrichment-reader-round2-n30-v1:participant:1:documents:set:1:rotation:0,,,n30-round2-three-versions-v1,2026-09-04-r2-v1
n30-round2-three-versions-v1-slot-01,,1,2,1,39,P9_DOC_B,18,D1_derived,D1_derived.html,1,left,right,2,text-enrichment-reader-round2-n30-v1:participant:1:documents:set:2:rotation:13,,,n30-round2-three-versions-v1,2026-09-04-r2-v1
n30-round2-three-versions-v1-slot-01,,1,2,2,40,P17_DOC_A,33,D5_maximal,D5_maximal.html,6,right,left,2,text-enrichment-reader-round2-n30-v1:participant:1:documents:set:2:rotation:13,,,n30-round2-three-versions-v1,2026-09-04-r2-v1
n30-round2-three-versions-v1-slot-01,,1,2,3,41,P12_DOC_B,24,D3_derived,D3_derived.html,4,right,left,2,text-enrichment-reader-round2-n30-v1:participant:1:documents:set:2:rotation:13,,,n30-round2-three-versions-v1,2026-09-04-r2-v1
n30-round2-three-versions-v1-slot-01,,1,2,4,42,P10_DOC_B,20,D2_derived,D2_derived.html,2,right,left,2,text-enrichment-reader-round2-n30-v1:participant:1:documents:set:2:rotation:13,,,n30-round2-three-versions-v1,2026-09-04-r2-v1
n30-round2-three-versions-v1-slot-01,,1,2,5,43,P7_DOC_B,14,D4_derived,D4_derived.html,5,left,right,2,text-enrichment-reader-round2-n30-v1:participant:1:documents:set:2:rotation:13,,,n30-round2-three-versions-v1,2026-09-04-r2-v1
n30-round2-three-versions-v1-slot-01,,1,2,6,44,P15_DOC_B,30,D1_derived,D1_derived.html,1,left,right,2,text-enrichment-reader-round2-n30-v1:participant:1:documents:set:2:rotation:13,,,n30-round2-three-versions-v1,2026-09-04-r2-v1
n30-round2-three-versions-v1-slot-01,,1,2,7,45,P11_DOC_B,22,W_writer_optimal,W_writer_optimal.html,3,right,left,2,text-enrichment-reader-round2-n30-v1:participant:1:documents:set:2:rotation:13,,,n30-round2-three-versions-v1,2026-09-04-r2-v1
n30-round2-three-versions-v1-slot-01,,1,2,8,46,P15_DOC_A,29,D3_derived,D3_derived.html,4,right,left,2,text-enrichment-reader-round2-n30-v1:participant:1:documents:set:2:rotation:13,,,n30-round2-three-versions-v1,2026-09-04-r2-v1
n30-round2-three-versions-v1-slot-01,,1,2,9,47,P14_DOC_A,27,W_writer_optimal,W_writer_optimal.html,3,right,left,2,text-enrichment-reader-round2-n30-v1:participant:1:documents:set:2:rotation:13,,,n30-round2-three-versions-v1,2026-09-04-r2-v1
n30-round2-three-versions-v1-slot-01,,1,2,10,48,P2_DOC_A,3,W_writer_optimal,W_writer_optimal.html,3,right,left,2,text-enrichment-reader-round2-n30-v1:participant:1:documents:set:2:rotation:13,,,n30-round2-three-versions-v1,2026-09-04-r2-v1
n30-round2-three-versions-v1-slot-01,,1,2,11,49,P8_DOC_A,15,W_writer_optimal,W_writer_optimal.html,3,left,right,2,text-enrichment-reader-round2-n30-v1:participant:1:documents:set:2:rotation:13,,,n30-round2-three-versions-v1,2026-09-04-r2-v1
n30-round2-three-versions-v1-slot-01,,1,2,12,50,P10_DOC_A,19,D4_derived,D4_derived.html,5,left,right,2,text-enrichment-reader-round2-n30-v1:participant:1:documents:set:2:rotation:13,,,n30-round2-three-versions-v1,2026-09-04-r2-v1
n30-round2-three-versions-v1-slot-01,,1,2,13,51,P2_DOC_B,4,D5_maximal,D5_maximal.html,6,left,right,2,text-enrichment-reader-round2-n30-v1:participant:1:documents:set:2:rotation:13,,,n30-round2-three-versions-v1,2026-09-04-r2-v1
n30-round2-three-versions-v1-slot-01,,1,2,14,52,P13_DOC_A,25,D2_derived,D2_derived.html,2,right,left,2,text-enrichment-reader-round2-n30-v1:participant:1:documents:set:2:rotation:13,,,n30-round2-three-versions-v1,2026-09-04-r2-v1
n30-round2-three-versions-v1-slot-01,,1,2,15,53,P19_DOC_B,38,D4_derived,D4_derived.html,5,right,left,2,text-enrichment-reader-round2-n30-v1:participant:1:documents:set:2:rotation:13,,,n30-round2-three-versions-v1,2026-09-04-r2-v1
n30-round2-three-versions-v1-slot-01,,1,2,16,54,P13_DOC_B,26,D4_derived,D4_derived.html,5,right,left,2,text-enrichment-reader-round2-n30-v1:participant:1:documents:set:2:rotation:13,,,n30-round2-three-versions-v1,2026-09-04-r2-v1
n30-round2-three-versions-v1-slot-01,,1,2,17,55,P12_DOC_A,23,D1_derived,D1_derived.html,1,right,left,2,text-enrichment-reader-round2-n30-v1:participant:1:documents:set:2:rotation:13,,,n30-round2-three-versions-v1,2026-09-04-r2-v1
n30-round2-three-versions-v1-slot-01,,1,2,18,56,P1_DOC_A,1,D2_derived,D2_derived.html,2,right,left,2,text-enrichment-reader-round2-n30-v1:participant:1:documents:set:2:rotation:13,,,n30-round2-three-versions-v1,2026-09-04-r2-v1
n30-round2-three-versions-v1-slot-01,,1,2,19,57,P4_DOC_B,8,D2_derived,D2_derived.html,2,left,right,2,text-enrichment-reader-round2-n30-v1:participant:1:documents:set:2:rotation:13,,,n30-round2-three-versions-v1,2026-09-04-r2-v1
n30-round2-three-versions-v1-slot-01,,1,2,20,58,P6_DOC_B,12,D3_derived,D3_derived.html,4,left,right,2,text-enrichment-reader-round2-n30-v1:participant:1:documents:set:2:rotation:13,,,n30-round2-three-versions-v1,2026-09-04-r2-v1
n30-round2-three-versions-v1-slot-01,,1,2,21,59,P16_DOC_A,31,D4_derived,D4_derived.html,5,left,right,2,text-enrichment-reader-round2-n30-v1:participant:1:documents:set:2:rotation:13,,,n30-round2-three-versions-v1,2026-09-04-r2-v1
n30-round2-three-versions-v1-slot-01,,1,2,22,60,P11_DOC_A,21,D5_maximal,D5_maximal.html,6,right,left,2,text-enrichment-reader-round2-n30-v1:participant:1:documents:set:2:rotation:13,,,n30-round2-three-versions-v1,2026-09-04-r2-v1
n30-round2-three-versions-v1-slot-01,,1,2,23,61,P5_DOC_B,10,W_writer_optimal,W_writer_optimal.html,3,left,right,2,text-enrichment-reader-round2-n30-v1:participant:1:documents:set:2:rotation:13,,,n30-round2-three-versions-v1,2026-09-04-r2-v1
n30-round2-three-versions-v1-slot-01,,1,2,24,62,P9_DOC_A,17,D3_derived,D3_derived.html,4,left,right,2,text-enrichment-reader-round2-n30-v1:participant:1:documents:set:2:rotation:13,,,n30-round2-three-versions-v1,2026-09-04-r2-v1
n30-round2-three-versions-v1-slot-01,,1,2,25,63,P3_DOC_B,6,D1_derived,D1_derived.html,1,left,right,2,text-enrichment-reader-round2-n30-v1:participant:1:documents:set:2:rotation:13,,,n30-round2-three-versions-v1,2026-09-04-r2-v1
n30-round2-three-versions-v1-slot-01,,1,2,26,64,P14_DOC_B,28,D5_maximal,D5_maximal.html,6,right,left,2,text-enrichment-reader-round2-n30-v1:participant:1:documents:set:2:rotation:13,,,n30-round2-three-versions-v1,2026-09-04-r2-v1
n30-round2-three-versions-v1-slot-01,,1,2,27,65,P8_DOC_B,16,D5_maximal,D5_maximal.html,6,left,right,2,text-enrichment-reader-round2-n30-v1:participant:1:documents:set:2:rotation:13,,,n30-round2-three-versions-v1,2026-09-04-r2-v1
n30-round2-three-versions-v1-slot-01,,1,2,28,66,P18_DOC_A,35,D1_derived,D1_derived.html,1,left,right,2,text-enrichment-reader-round2-n30-v1:participant:1:documents:set:2:rotation:13,,,n30-round2-three-versions-v1,2026-09-04-r2-v1
n30-round2-three-versions-v1-slot-01,,1,2,29,67,P3_DOC_A,5,D3_derived,D3_derived.html,4,right,left,2,text-enrichment-reader-round2-n30-v1:participant:1:documents:set:2:rotation:13,,,n30-round2-three-versions-v1,2026-09-04-r2-v1
n30-round2-three-versions-v1-slot-01,,1,2,30,68,P1_DOC_B,2,D4_derived,D4_derived.html,5,right,left,2,text-enrichment-reader-round2-n30-v1:participant:1:documents:set:2:rotation:13,,,n30-round2-three-versions-v1,2026-09-04-r2-v1
n30-round2-three-versions-v1-slot-01,,1,2,31,69,P19_DOC_A,37,D2_derived,D2_derived.html,2,right,left,2,text-enrichment-reader-round2-n30-v1:participant:1:documents:set:2:rotation:13,,,n30-round2-three-versions-v1,2026-09-04-r2-v1
n30-round2-three-versions-v1-slot-01,,1,2,32,70,P6_DOC_A,11,D1_derived,D1_derived.html,1,left,right,2,text-enrichment-reader-round2-n30-v1:participant:1:documents:set:2:rotation:13,,,n30-round2-three-versions-v1,2026-09-04-r2-v1
n30-round2-three-versions-v1-slot-01,,1,2,33,71,P17_DOC_B,34,W_writer_optimal,W_writer_optimal.html,3,left,right,2,text-enrichment-reader-round2-n30-v1:participant:1:documents:set:2:rotation:13,,,n30-round2-three-versions-v1,2026-09-04-r2-v1
n30-round2-three-versions-v1-slot-01,,1,2,34,72,P4_DOC_A,7,D4_derived,D4_derived.html,5,left,right,2,text-enrichment-reader-round2-n30-v1:participant:1:documents:set:2:rotation:13,,,n30-round2-three-versions-v1,2026-09-04-r2-v1
n30-round2-three-versions-v1-slot-01,,1,2,35,73,P5_DOC_A,9,D5_maximal,D5_maximal.html,6,left,right,2,text-enrichment-reader-round2-n30-v1:participant:1:documents:set:2:rotation:13,,,n30-round2-three-versions-v1,2026-09-04-r2-v1
n30-round2-three-versions-v1-slot-01,,1,2,36,74,P18_DOC_B,36,D3_derived,D3_derived.html,4,right,left,2,text-enrichment-reader-round2-n30-v1:participant:1:documents:set:2:rotation:13,,,n30-round2-three-versions-v1,2026-09-04-r2-v1
n30-round2-three-versions-v1-slot-01,,1,2,37,75,P16_DOC_B,32,D2_derived,D2_derived.html,2,right,left,2,text-enrichment-reader-round2-n30-v1:participant:1:documents:set:2:rotation:13,,,n30-round2-three-versions-v1,2026-09-04-r2-v1
n30-round2-three-versions-v1-slot-01,,1,2,38,76,P7_DOC_A,13,D2_derived,D2_derived.html,2,left,right,2,text-enrichment-reader-round2-n30-v1:participant:1:documents:set:2:rotation:13,,,n30-round2-three-versions-v1,2026-09-04-r2-v1
n30-round2-three-versions-v1-slot-01,,1,3,1,77,P13_DOC_A,25,W_writer_optimal,W_writer_optimal.html,3,left,right,3,text-enrichment-reader-round2-n30-v1:participant:1:documents:set:3:rotation:26,,,n30-round2-three-versions-v1,2026-09-04-r2-v1
n30-round2-three-versions-v1-slot-01,,1,3,2,78,P19_DOC_B,38,D5_maximal,D5_maximal.html,6,left,right,3,text-enrichment-reader-round2-n30-v1:participant:1:documents:set:3:rotation:26,,,n30-round2-three-versions-v1,2026-09-04-r2-v1
n30-round2-three-versions-v1-slot-01,,1,3,3,79,P13_DOC_B,26,D5_maximal,D5_maximal.html,6,right,left,3,text-enrichment-reader-round2-n30-v1:participant:1:documents:set:3:rotation:26,,,n30-round2-three-versions-v1,2026-09-04-r2-v1
n30-round2-three-versions-v1-slot-01,,1,3,4,80,P12_DOC_A,23,D2_derived,D2_derived.html,2,left,right,3,text-enrichment-reader-round2-n30-v1:participant:1:documents:set:3:rotation:26,,,n30-round2-three-versions-v1,2026-09-04-r2-v1
n30-round2-three-versions-v1-slot-01,,1,3,5,81,P1_DOC_A,1,W_writer_optimal,W_writer_optimal.html,3,left,right,3,text-enrichment-reader-round2-n30-v1:participant:1:documents:set:3:rotation:26,,,n30-round2-three-versions-v1,2026-09-04-r2-v1
n30-round2-three-versions-v1-slot-01,,1,3,6,82,P4_DOC_B,8,W_writer_optimal,W_writer_optimal.html,3,right,left,3,text-enrichment-reader-round2-n30-v1:participant:1:documents:set:3:rotation:26,,,n30-round2-three-versions-v1,2026-09-04-r2-v1
n30-round2-three-versions-v1-slot-01,,1,3,7,83,P6_DOC_B,12,D4_derived,D4_derived.html,5,right,left,3,text-enrichment-reader-round2-n30-v1:participant:1:documents:set:3:rotation:26,,,n30-round2-three-versions-v1,2026-09-04-r2-v1
n30-round2-three-versions-v1-slot-01,,1,3,8,84,P16_DOC_A,31,D5_maximal,D5_maximal.html,6,right,left,3,text-enrichment-reader-round2-n30-v1:participant:1:documents:set:3:rotation:26,,,n30-round2-three-versions-v1,2026-09-04-r2-v1
n30-round2-three-versions-v1-slot-01,,1,3,9,85,P11_DOC_A,21,D1_derived,D1_derived.html,1,left,right,3,text-enrichment-reader-round2-n30-v1:participant:1:documents:set:3:rotation:26,,,n30-round2-three-versions-v1,2026-09-04-r2-v1
n30-round2-three-versions-v1-slot-01,,1,3,10,86,P5_DOC_B,10,D3_derived,D3_derived.html,4,right,left,3,text-enrichment-reader-round2-n30-v1:participant:1:documents:set:3:rotation:26,,,n30-round2-three-versions-v1,2026-09-04-r2-v1
n30-round2-three-versions-v1-slot-01,,1,3,11,87,P9_DOC_A,17,D4_derived,D4_derived.html,5,left,right,3,text-enrichment-reader-round2-n30-v1:participant:1:documents:set:3:rotation:26,,,n30-round2-three-versions-v1,2026-09-04-r2-v1
n30-round2-three-versions-v1-slot-01,,1,3,12,88,P3_DOC_B,6,D2_derived,D2_derived.html,2,right,left,3,text-enrichment-reader-round2-n30-v1:participant:1:documents:set:3:rotation:26,,,n30-round2-three-versions-v1,2026-09-04-r2-v1
n30-round2-three-versions-v1-slot-01,,1,3,13,89,P14_DOC_B,28,D1_derived,D1_derived.html,1,right,left,3,text-enrichment-reader-round2-n30-v1:participant:1:documents:set:3:rotation:26,,,n30-round2-three-versions-v1,2026-09-04-r2-v1
n30-round2-three-versions-v1-slot-01,,1,3,14,90,P8_DOC_B,16,D1_derived,D1_derived.html,1,left,right,3,text-enrichment-reader-round2-n30-v1:participant:1:documents:set:3:rotation:26,,,n30-round2-three-versions-v1,2026-09-04-r2-v1
n30-round2-three-versions-v1-slot-01,,1,3,15,91,P18_DOC_A,35,D2_derived,D2_derived.html,2,right,left,3,text-enrichment-reader-round2-n30-v1:participant:1:documents:set:3:rotation:26,,,n30-round2-three-versions-v1,2026-09-04-r2-v1
n30-round2-three-versions-v1-slot-01,,1,3,16,92,P3_DOC_A,5,D4_derived,D4_derived.html,5,left,right,3,text-enrichment-reader-round2-n30-v1:participant:1:documents:set:3:rotation:26,,,n30-round2-three-versions-v1,2026-09-04-r2-v1
n30-round2-three-versions-v1-slot-01,,1,3,17,93,P1_DOC_B,2,D5_maximal,D5_maximal.html,6,right,left,3,text-enrichment-reader-round2-n30-v1:participant:1:documents:set:3:rotation:26,,,n30-round2-three-versions-v1,2026-09-04-r2-v1
n30-round2-three-versions-v1-slot-01,,1,3,18,94,P19_DOC_A,37,W_writer_optimal,W_writer_optimal.html,3,left,right,3,text-enrichment-reader-round2-n30-v1:participant:1:documents:set:3:rotation:26,,,n30-round2-three-versions-v1,2026-09-04-r2-v1
n30-round2-three-versions-v1-slot-01,,1,3,19,95,P6_DOC_A,11,D2_derived,D2_derived.html,2,left,right,3,text-enrichment-reader-round2-n30-v1:participant:1:documents:set:3:rotation:26,,,n30-round2-three-versions-v1,2026-09-04-r2-v1
n30-round2-three-versions-v1-slot-01,,1,3,20,96,P17_DOC_B,34,D3_derived,D3_derived.html,4,left,right,3,text-enrichment-reader-round2-n30-v1:participant:1:documents:set:3:rotation:26,,,n30-round2-three-versions-v1,2026-09-04-r2-v1
n30-round2-three-versions-v1-slot-01,,1,3,21,97,P4_DOC_A,7,D5_maximal,D5_maximal.html,6,left,right,3,text-enrichment-reader-round2-n30-v1:participant:1:documents:set:3:rotation:26,,,n30-round2-three-versions-v1,2026-09-04-r2-v1
n30-round2-three-versions-v1-slot-01,,1,3,22,98,P5_DOC_A,9,D1_derived,D1_derived.html,1,left,right,3,text-enrichment-reader-round2-n30-v1:participant:1:documents:set:3:rotation:26,,,n30-round2-three-versions-v1,2026-09-04-r2-v1
n30-round2-three-versions-v1-slot-01,,1,3,23,99,P18_DOC_B,36,D4_derived,D4_derived.html,5,left,right,3,text-enrichment-reader-round2-n30-v1:participant:1:documents:set:3:rotation:26,,,n30-round2-three-versions-v1,2026-09-04-r2-v1
n30-round2-three-versions-v1-slot-01,,1,3,24,100,P16_DOC_B,32,W_writer_optimal,W_writer_optimal.html,3,right,left,3,text-enrichment-reader-round2-n30-v1:participant:1:documents:set:3:rotation:26,,,n30-round2-three-versions-v1,2026-09-04-r2-v1
n30-round2-three-versions-v1-slot-01,,1,3,25,101,P7_DOC_A,13,W_writer_optimal,W_writer_optimal.html,3,left,right,3,text-enrichment-reader-round2-n30-v1:participant:1:documents:set:3:rotation:26,,,n30-round2-three-versions-v1,2026-09-04-r2-v1
n30-round2-three-versions-v1-slot-01,,1,3,26,102,P9_DOC_B,18,D2_derived,D2_derived.html,2,left,right,3,text-enrichment-reader-round2-n30-v1:participant:1:documents:set:3:rotation:26,,,n30-round2-three-versions-v1,2026-09-04-r2-v1
n30-round2-three-versions-v1-slot-01,,1,3,27,103,P17_DOC_A,33,D1_derived,D1_derived.html,1,right,left,3,text-enrichment-reader-round2-n30-v1:participant:1:documents:set:3:rotation:26,,,n30-round2-three-versions-v1,2026-09-04-r2-v1
n30-round2-three-versions-v1-slot-01,,1,3,28,104,P12_DOC_B,24,D4_derived,D4_derived.html,5,right,left,3,text-enrichment-reader-round2-n30-v1:participant:1:documents:set:3:rotation:26,,,n30-round2-three-versions-v1,2026-09-04-r2-v1
n30-round2-three-versions-v1-slot-01,,1,3,29,105,P10_DOC_B,20,W_writer_optimal,W_writer_optimal.html,3,right,left,3,text-enrichment-reader-round2-n30-v1:participant:1:documents:set:3:rotation:26,,,n30-round2-three-versions-v1,2026-09-04-r2-v1
n30-round2-three-versions-v1-slot-01,,1,3,30,106,P7_DOC_B,14,D5_maximal,D5_maximal.html,6,right,left,3,text-enrichment-reader-round2-n30-v1:participant:1:documents:set:3:rotation:26,,,n30-round2-three-versions-v1,2026-09-04-r2-v1
n30-round2-three-versions-v1-slot-01,,1,3,31,107,P15_DOC_B,30,D2_derived,D2_derived.html,2,right,left,3,text-enrichment-reader-round2-n30-v1:participant:1:documents:set:3:rotation:26,,,n30-round2-three-versions-v1,2026-09-04-r2-v1
n30-round2-three-versions-v1-slot-01,,1,3,32,108,P11_DOC_B,22,D3_derived,D3_derived.html,4,right,left,3,text-enrichment-reader-round2-n30-v1:participant:1:documents:set:3:rotation:26,,,n30-round2-three-versions-v1,2026-09-04-r2-v1
n30-round2-three-versions-v1-slot-01,,1,3,33,109,P15_DOC_A,29,D4_derived,D4_derived.html,5,right,left,3,text-enrichment-reader-round2-n30-v1:participant:1:documents:set:3:rotation:26,,,n30-round2-three-versions-v1,2026-09-04-r2-v1
n30-round2-three-versions-v1-slot-01,,1,3,34,110,P14_DOC_A,27,D3_derived,D3_derived.html,4,right,left,3,text-enrichment-reader-round2-n30-v1:participant:1:documents:set:3:rotation:26,,,n30-round2-three-versions-v1,2026-09-04-r2-v1
n30-round2-three-versions-v1-slot-01,,1,3,35,111,P2_DOC_A,3,D3_derived,D3_derived.html,4,left,right,3,text-enrichment-reader-round2-n30-v1:participant:1:documents:set:3:rotation:26,,,n30-round2-three-versions-v1,2026-09-04-r2-v1
n30-round2-three-versions-v1-slot-01,,1,3,36,112,P8_DOC_A,15,D3_derived,D3_derived.html,4,left,right,3,text-enrichment-reader-round2-n30-v1:participant:1:documents:set:3:rotation:26,,,n30-round2-three-versions-v1,2026-09-04-r2-v1
n30-round2-three-versions-v1-slot-01,,1,3,37,113,P10_DOC_A,19,D5_maximal,D5_maximal.html,6,left,right,3,text-enrichment-reader-round2-n30-v1:participant:1:documents:set:3:rotation:26,,,n30-round2-three-versions-v1,2026-09-04-r2-v1
n30-round2-three-versions-v1-slot-01,,1,3,38,114,P2_DOC_B,4,D1_derived,D1_derived.html,1,right,left,3,text-enrichment-reader-round2-n30-v1:participant:1:documents:set:3:rotation:26,,,n30-round2-three-versions-v1,2026-09-04-r2-v1
n30-round2-three-versions-v1-slot-02,,2,1,1,1,P6_DOC_B,12,D2_derived,D2_derived.html,2,right,left,1,text-enrichment-reader-round2-n30-v1:participant:2:documents:set:1:rotation:0,,,n30-round2-three-versions-v1,2026-09-04-r2-v1
n30-round2-three-versions-v1-slot-02,,2,1,2,2,P5_DOC_B,10,D1_derived,D1_derived.html,1,right,left,1,text-enrichment-reader-round2-n30-v1:participant:2:documents:set:1:rotation:0,,,n30-round2-three-versions-v1,2026-09-04-r2-v1
n30-round2-three-versions-v1-slot-02,,2,1,3,3,P10_DOC_A,19,D3_derived,D3_derived.html,4,right,left,1,text-enrichment-reader-round2-n30-v1:participant:2:documents:set:1:rotation:0,,,n30-round2-three-versions-v1,2026-09-04-r2-v1
n30-round2-three-versions-v1-slot-02,,2,1,4,4,P15_DOC_A,29,W_writer_optimal,W_writer_optimal.html,3,left,right,1,text-enrichment-reader-round2-n30-v1:participant:2:documents:set:1:rotation:0,,,n30-round2-three-versions-v1,2026-09-04-r2-v1
n30-round2-three-versions-v1-slot-02,,2,1,5,5,P4_DOC_A,7,D3_derived,D3_derived.html,4,right,left,1,text-enrichment-reader-round2-n30-v1:participant:2:documents:set:1:rotation:0,,,n30-round2-three-versions-v1,2026-09-04-r2-v1
n30-round2-three-versions-v1-slot-02,,2,1,6,6,P1_DOC_B,2,W_writer_optimal,W_writer_optimal.html,3,right,left,1,text-enrichment-reader-round2-n30-v1:participant:2:documents:set:1:rotation:0,,,n30-round2-three-versions-v1,2026-09-04-r2-v1
n30-round2-three-versions-v1-slot-02,,2,1,7,7,P7_DOC_A,13,D1_derived,D1_derived.html,1,right,left,1,text-enrichment-reader-round2-n30-v1:participant:2:documents:set:1:rotation:0,,,n30-round2-three-versions-v1,2026-09-04-r2-v1
n30-round2-three-versions-v1-slot-02,,2,1,8,8,P5_DOC_A,9,D4_derived,D4_derived.html,5,right,left,1,text-enrichment-reader-round2-n30-v1:participant:2:documents:set:1:rotation:0,,,n30-round2-three-versions-v1,2026-09-04-r2-v1
n30-round2-three-versions-v1-slot-02,,2,1,9,9,P18_DOC_A,35,D5_maximal,D5_maximal.html,6,left,right,1,text-enrichment-reader-round2-n30-v1:participant:2:documents:set:1:rotation:0,,,n30-round2-three-versions-v1,2026-09-04-r2-v1
n30-round2-three-versions-v1-slot-02,,2,1,10,10,P1_DOC_A,1,D1_derived,D1_derived.html,1,right,left,1,text-enrichment-reader-round2-n30-v1:participant:2:documents:set:1:rotation:0,,,n30-round2-three-versions-v1,2026-09-04-r2-v1
n30-round2-three-versions-v1-slot-02,,2,1,11,11,P14_DOC_A,27,D2_derived,D2_derived.html,2,left,right,1,text-enrichment-reader-round2-n30-v1:participant:2:documents:set:1:rotation:0,,,n30-round2-three-versions-v1,2026-09-04-r2-v1
n30-round2-three-versions-v1-slot-02,,2,1,12,12,P3_DOC_B,6,D4_derived,D4_derived.html,5,right,left,1,text-enrichment-reader-round2-n30-v1:participant:2:documents:set:1:rotation:0,,,n30-round2-three-versions-v1,2026-09-04-r2-v1
n30-round2-three-versions-v1-slot-02,,2,1,13,13,P13_DOC_B,26,W_writer_optimal,W_writer_optimal.html,3,left,right,1,text-enrichment-reader-round2-n30-v1:participant:2:documents:set:1:rotation:0,,,n30-round2-three-versions-v1,2026-09-04-r2-v1
n30-round2-three-versions-v1-slot-02,,2,1,14,14,P16_DOC_A,31,D3_derived,D3_derived.html,4,left,right,1,text-enrichment-reader-round2-n30-v1:participant:2:documents:set:1:rotation:0,,,n30-round2-three-versions-v1,2026-09-04-r2-v1
n30-round2-three-versions-v1-slot-02,,2,1,15,15,P4_DOC_B,8,D5_maximal,D5_maximal.html,6,right,left,1,text-enrichment-reader-round2-n30-v1:participant:2:documents:set:1:rotation:0,,,n30-round2-three-versions-v1,2026-09-04-r2-v1
n30-round2-three-versions-v1-slot-02,,2,1,16,16,P18_DOC_B,36,D2_derived,D2_derived.html,2,left,right,1,text-enrichment-reader-round2-n30-v1:participant:2:documents:set:1:rotation:0,,,n30-round2-three-versions-v1,2026-09-04-r2-v1
n30-round2-three-versions-v1-slot-02,,2,1,17,17,P16_DOC_B,32,D5_maximal,D5_maximal.html,6,left,right,1,text-enrichment-reader-round2-n30-v1:participant:2:documents:set:1:rotation:0,,,n30-round2-three-versions-v1,2026-09-04-r2-v1
n30-round2-three-versions-v1-slot-02,,2,1,18,18,P8_DOC_A,15,D2_derived,D2_derived.html,2,right,left,1,text-enrichment-reader-round2-n30-v1:participant:2:documents:set:1:rotation:0,,,n30-round2-three-versions-v1,2026-09-04-r2-v1
n30-round2-three-versions-v1-slot-02,,2,1,19,19,P19_DOC_A,37,D1_derived,D1_derived.html,1,left,right,1,text-enrichment-reader-round2-n30-v1:participant:2:documents:set:1:rotation:0,,,n30-round2-three-versions-v1,2026-09-04-r2-v1
n30-round2-three-versions-v1-slot-02,,2,1,20,20,P12_DOC_A,23,D5_maximal,D5_maximal.html,6,left,right,1,text-enrichment-reader-round2-n30-v1:participant:2:documents:set:1:rotation:0,,,n30-round2-three-versions-v1,2026-09-04-r2-v1
n30-round2-three-versions-v1-slot-02,,2,1,21,21,P6_DOC_A,11,D5_maximal,D5_maximal.html,6,right,left,1,text-enrichment-reader-round2-n30-v1:participant:2:documents:set:1:rotation:0,,,n30-round2-three-versions-v1,2026-09-04-r2-v1
n30-round2-three-versions-v1-slot-02,,2,1,22,22,P13_DOC_A,25,D1_derived,D1_derived.html,1,left,right,1,text-enrichment-reader-round2-n30-v1:participant:2:documents:set:1:rotation:0,,,n30-round2-three-versions-v1,2026-09-04-r2-v1
n30-round2-three-versions-v1-slot-02,,2,1,23,23,P7_DOC_B,14,W_writer_optimal,W_writer_optimal.html,3,right,left,1,text-enrichment-reader-round2-n30-v1:participant:2:documents:set:1:rotation:0,,,n30-round2-three-versions-v1,2026-09-04-r2-v1
n30-round2-three-versions-v1-slot-02,,2,1,24,24,P11_DOC_A,21,D4_derived,D4_derived.html,5,left,right,1,text-enrichment-reader-round2-n30-v1:participant:2:documents:set:1:rotation:0,,,n30-round2-three-versions-v1,2026-09-04-r2-v1
n30-round2-three-versions-v1-slot-02,,2,1,25,25,P2_DOC_B,4,D3_derived,D3_derived.html,4,right,left,1,text-enrichment-reader-round2-n30-v1:participant:2:documents:set:1:rotation:0,,,n30-round2-three-versions-v1,2026-09-04-r2-v1
n30-round2-three-versions-v1-slot-02,,2,1,26,26,P11_DOC_B,22,D1_derived,D1_derived.html,1,left,right,1,text-enrichment-reader-round2-n30-v1:participant:2:documents:set:1:rotation:0,,,n30-round2-three-versions-v1,2026-09-04-r2-v1
n30-round2-three-versions-v1-slot-02,,2,1,27,27,P9_DOC_A,17,W_writer_optimal,W_writer_optimal.html,3,right,left,1,text-enrichment-reader-round2-n30-v1:participant:2:documents:set:1:rotation:0,,,n30-round2-three-versions-v1,2026-09-04-r2-v1
n30-round2-three-versions-v1-slot-02,,2,1,28,28,P17_DOC_B,34,D1_derived,D1_derived.html,1,left,right,1,text-enrichment-reader-round2-n30-v1:participant:2:documents:set:1:rotation:0,,,n30-round2-three-versions-v1,2026-09-04-r2-v1
n30-round2-three-versions-v1-slot-02,,2,1,29,29,P8_DOC_B,16,D3_derived,D3_derived.html,4,right,left,1,text-enrichment-reader-round2-n30-v1:participant:2:documents:set:1:rotation:0,,,n30-round2-three-versions-v1,2026-09-04-r2-v1
n30-round2-three-versions-v1-slot-02,,2,1,30,30,P10_DOC_B,20,D5_maximal,D5_maximal.html,6,left,right,1,text-enrichment-reader-round2-n30-v1:participant:2:documents:set:1:rotation:0,,,n30-round2-three-versions-v1,2026-09-04-r2-v1
n30-round2-three-versions-v1-slot-02,,2,1,31,31,P9_DOC_B,18,D4_derived,D4_derived.html,5,right,left,1,text-enrichment-reader-round2-n30-v1:participant:2:documents:set:1:rotation:0,,,n30-round2-three-versions-v1,2026-09-04-r2-v1
n30-round2-three-versions-v1-slot-02,,2,1,32,32,P14_DOC_B,28,D3_derived,D3_derived.html,4,left,right,1,text-enrichment-reader-round2-n30-v1:participant:2:documents:set:1:rotation:0,,,n30-round2-three-versions-v1,2026-09-04-r2-v1
n30-round2-three-versions-v1-slot-02,,2,1,33,33,P15_DOC_B,30,D4_derived,D4_derived.html,5,left,right,1,text-enrichment-reader-round2-n30-v1:participant:2:documents:set:1:rotation:0,,,n30-round2-three-versions-v1,2026-09-04-r2-v1
n30-round2-three-versions-v1-slot-02,,2,1,34,34,P2_DOC_A,3,D2_derived,D2_derived.html,2,right,left,1,text-enrichment-reader-round2-n30-v1:participant:2:documents:set:1:rotation:0,,,n30-round2-three-versions-v1,2026-09-04-r2-v1
n30-round2-three-versions-v1-slot-02,,2,1,35,35,P17_DOC_A,33,D4_derived,D4_derived.html,5,left,right,1,text-enrichment-reader-round2-n30-v1:participant:2:documents:set:1:rotation:0,,,n30-round2-three-versions-v1,2026-09-04-r2-v1
n30-round2-three-versions-v1-slot-02,,2,1,36,36,P19_DOC_B,38,W_writer_optimal,W_writer_optimal.html,3,left,right,1,text-enrichment-reader-round2-n30-v1:participant:2:documents:set:1:rotation:0,,,n30-round2-three-versions-v1,2026-09-04-r2-v1
n30-round2-three-versions-v1-slot-02,,2,1,37,37,P12_DOC_B,24,D2_derived,D2_derived.html,2,left,right,1,text-enrichment-reader-round2-n30-v1:participant:2:documents:set:1:rotation:0,,,n30-round2-three-versions-v1,2026-09-04-r2-v1
n30-round2-three-versions-v1-slot-02,,2,1,38,38,P3_DOC_A,5,W_writer_optimal,W_writer_optimal.html,3,right,left,1,text-enrichment-reader-round2-n30-v1:participant:2:documents:set:1:rotation:0,,,n30-round2-three-versions-v1,2026-09-04-r2-v1
n30-round2-three-versions-v1-slot-02,,2,2,1,39,P16_DOC_A,31,D4_derived,D4_derived.html,5,left,right,2,text-enrichment-reader-round2-n30-v1:participant:2:documents:set:2:rotation:13,,,n30-round2-three-versions-v1,2026-09-04-r2-v1
n30-round2-three-versions-v1-slot-02,,2,2,2,40,P4_DOC_B,8,D2_derived,D2_derived.html,2,right,left,2,text-enrichment-reader-round2-n30-v1:participant:2:documents:set:2:rotation:13,,,n30-round2-three-versions-v1,2026-09-04-r2-v1
n30-round2-three-versions-v1-slot-02,,2,2,3,41,P18_DOC_B,36,D3_derived,D3_derived.html,4,left,right,2,text-enrichment-reader-round2-n30-v1:participant:2:documents:set:2:rotation:13,,,n30-round2-three-versions-v1,2026-09-04-r2-v1
n30-round2-three-versions-v1-slot-02,,2,2,4,42,P16_DOC_B,32,D2_derived,D2_derived.html,2,left,right,2,text-enrichment-reader-round2-n30-v1:participant:2:documents:set:2:rotation:13,,,n30-round2-three-versions-v1,2026-09-04-r2-v1
n30-round2-three-versions-v1-slot-02,,2,2,5,43,P8_DOC_A,15,W_writer_optimal,W_writer_optimal.html,3,right,left,2,text-enrichment-reader-round2-n30-v1:participant:2:documents:set:2:rotation:13,,,n30-round2-three-versions-v1,2026-09-04-r2-v1
n30-round2-three-versions-v1-slot-02,,2,2,6,44,P19_DOC_A,37,D2_derived,D2_derived.html,2,left,right,2,text-enrichment-reader-round2-n30-v1:participant:2:documents:set:2:rotation:13,,,n30-round2-three-versions-v1,2026-09-04-r2-v1
n30-round2-three-versions-v1-slot-02,,2,2,7,45,P12_DOC_A,23,D1_derived,D1_derived.html,1,left,right,2,text-enrichment-reader-round2-n30-v1:participant:2:documents:set:2:rotation:13,,,n30-round2-three-versions-v1,2026-09-04-r2-v1
n30-round2-three-versions-v1-slot-02,,2,2,8,46,P6_DOC_A,11,D1_derived,D1_derived.html,1,right,left,2,text-enrichment-reader-round2-n30-v1:participant:2:documents:set:2:rotation:13,,,n30-round2-three-versions-v1,2026-09-04-r2-v1
n30-round2-three-versions-v1-slot-02,,2,2,9,47,P13_DOC_A,25,D2_derived,D2_derived.html,2,left,right,2,text-enrichment-reader-round2-n30-v1:participant:2:documents:set:2:rotation:13,,,n30-round2-three-versions-v1,2026-09-04-r2-v1
n30-round2-three-versions-v1-slot-02,,2,2,10,48,P7_DOC_B,14,D4_derived,D4_derived.html,5,right,left,2,text-enrichment-reader-round2-n30-v1:participant:2:documents:set:2:rotation:13,,,n30-round2-three-versions-v1,2026-09-04-r2-v1
n30-round2-three-versions-v1-slot-02,,2,2,11,49,P11_DOC_A,21,D5_maximal,D5_maximal.html,6,left,right,2,text-enrichment-reader-round2-n30-v1:participant:2:documents:set:2:rotation:13,,,n30-round2-three-versions-v1,2026-09-04-r2-v1
n30-round2-three-versions-v1-slot-02,,2,2,12,50,P2_DOC_B,4,D5_maximal,D5_maximal.html,6,right,left,2,text-enrichment-reader-round2-n30-v1:participant:2:documents:set:2:rotation:13,,,n30-round2-three-versions-v1,2026-09-04-r2-v1
n30-round2-three-versions-v1-slot-02,,2,2,13,51,P11_DOC_B,22,W_writer_optimal,W_writer_optimal.html,3,left,right,2,text-enrichment-reader-round2-n30-v1:participant:2:documents:set:2:rotation:13,,,n30-round2-three-versions-v1,2026-09-04-r2-v1
n30-round2-three-versions-v1-slot-02,,2,2,14,52,P9_DOC_A,17,D3_derived,D3_derived.html,4,right,left,2,text-enrichment-reader-round2-n30-v1:participant:2:documents:set:2:rotation:13,,,n30-round2-three-versions-v1,2026-09-04-r2-v1
n30-round2-three-versions-v1-slot-02,,2,2,15,53,P17_DOC_B,34,W_writer_optimal,W_writer_optimal.html,3,left,right,2,text-enrichment-reader-round2-n30-v1:participant:2:documents:set:2:rotation:13,,,n30-round2-three-versions-v1,2026-09-04-r2-v1
n30-round2-three-versions-v1-slot-02,,2,2,16,54,P8_DOC_B,16,D5_maximal,D5_maximal.html,6,right,left,2,text-enrichment-reader-round2-n30-v1:participant:2:documents:set:2:rotation:13,,,n30-round2-three-versions-v1,2026-09-04-r2-v1
n30-round2-three-versions-v1-slot-02,,2,2,17,55,P10_DOC_B,20,D2_derived,D2_derived.html,2,left,right,2,text-enrichment-reader-round2-n30-v1:participant:2:documents:set:2:rotation:13,,,n30-round2-three-versions-v1,2026-09-04-r2-v1
n30-round2-three-versions-v1-slot-02,,2,2,18,56,P9_DOC_B,18,D1_derived,D1_derived.html,1,right,left,2,text-enrichment-reader-round2-n30-v1:participant:2:documents:set:2:rotation:13,,,n30-round2-three-versions-v1,2026-09-04-r2-v1
n30-round2-three-versions-v1-slot-02,,2,2,19,57,P14_DOC_B,28,D5_maximal,D5_maximal.html,6,left,right,2,text-enrichment-reader-round2-n30-v1:participant:2:documents:set:2:rotation:13,,,n30-round2-three-versions-v1,2026-09-04-r2-v1
n30-round2-three-versions-v1-slot-02,,2,2,20,58,P15_DOC_B,30,D1_derived,D1_derived.html,1,left,right,2,text-enrichment-reader-round2-n30-v1:participant:2:documents:set:2:rotation:13,,,n30-round2-three-versions-v1,2026-09-04-r2-v1
n30-round2-three-versions-v1-slot-02,,2,2,21,59,P2_DOC_A,3,W_writer_optimal,W_writer_optimal.html,3,right,left,2,text-enrichment-reader-round2-n30-v1:participant:2:documents:set:2:rotation:13,,,n30-round2-three-versions-v1,2026-09-04-r2-v1
n30-round2-three-versions-v1-slot-02,,2,2,22,60,P17_DOC_A,33,D5_maximal,D5_maximal.html,6,left,right,2,text-enrichment-reader-round2-n30-v1:participant:2:documents:set:2:rotation:13,,,n30-round2-three-versions-v1,2026-09-04-r2-v1
n30-round2-three-versions-v1-slot-02,,2,2,23,61,P19_DOC_B,38,D4_derived,D4_derived.html,5,left,right,2,text-enrichment-reader-round2-n30-v1:participant:2:documents:set:2:rotation:13,,,n30-round2-three-versions-v1,2026-09-04-r2-v1
n30-round2-three-versions-v1-slot-02,,2,2,24,62,P12_DOC_B,24,D3_derived,D3_derived.html,4,left,right,2,text-enrichment-reader-round2-n30-v1:participant:2:documents:set:2:rotation:13,,,n30-round2-three-versions-v1,2026-09-04-r2-v1
n30-round2-three-versions-v1-slot-02,,2,2,25,63,P3_DOC_A,5,D3_derived,D3_derived.html,4,right,left,2,text-enrichment-reader-round2-n30-v1:participant:2:documents:set:2:rotation:13,,,n30-round2-three-versions-v1,2026-09-04-r2-v1
n30-round2-three-versions-v1-slot-02,,2,2,26,64,P6_DOC_B,12,D3_derived,D3_derived.html,4,right,left,2,text-enrichment-reader-round2-n30-v1:participant:2:documents:set:2:rotation:13,,,n30-round2-three-versions-v1,2026-09-04-r2-v1
n30-round2-three-versions-v1-slot-02,,2,2,27,65,P5_DOC_B,10,W_writer_optimal,W_writer_optimal.html,3,right,left,2,text-enrichment-reader-round2-n30-v1:participant:2:documents:set:2:rotation:13,,,n30-round2-three-versions-v1,2026-09-04-r2-v1
n30-round2-three-versions-v1-slot-02,,2,2,28,66,P10_DOC_A,19,D4_derived,D4_derived.html,5,right,left,2,text-enrichment-reader-round2-n30-v1:participant:2:documents:set:2:rotation:13,,,n30-round2-three-versions-v1,2026-09-04-r2-v1
n30-round2-three-versions-v1-slot-02,,2,2,29,67,P15_DOC_A,29,D3_derived,D3_derived.html,4,left,right,2,text-enrichment-reader-round2-n30-v1:participant:2:documents:set:2:rotation:13,,,n30-round2-three-versions-v1,2026-09-04-r2-v1
n30-round2-three-versions-v1-slot-02,,2,2,30,68,P4_DOC_A,7,D4_derived,D4_derived.html,5,right,left,2,text-enrichment-reader-round2-n30-v1:participant:2:documents:set:2:rotation:13,,,n30-round2-three-versions-v1,2026-09-04-r2-v1
n30-round2-three-versions-v1-slot-02,,2,2,31,69,P1_DOC_B,2,D4_derived,D4_derived.html,5,right,left,2,text-enrichment-reader-round2-n30-v1:participant:2:documents:set:2:rotation:13,,,n30-round2-three-versions-v1,2026-09-04-r2-v1
n30-round2-three-versions-v1-slot-02,,2,2,32,70,P7_DOC_A,13,D2_derived,D2_derived.html,2,right,left,2,text-enrichment-reader-round2-n30-v1:participant:2:documents:set:2:rotation:13,,,n30-round2-three-versions-v1,2026-09-04-r2-v1
n30-round2-three-versions-v1-slot-02,,2,2,33,71,P5_DOC_A,9,D5_maximal,D5_maximal.html,6,right,left,2,text-enrichment-reader-round2-n30-v1:participant:2:documents:set:2:rotation:13,,,n30-round2-three-versions-v1,2026-09-04-r2-v1
n30-round2-three-versions-v1-slot-02,,2,2,34,72,P18_DOC_A,35,D1_derived,D1_derived.html,1,left,right,2,text-enrichment-reader-round2-n30-v1:participant:2:documents:set:2:rotation:13,,,n30-round2-three-versions-v1,2026-09-04-r2-v1
n30-round2-three-versions-v1-slot-02,,2,2,35,73,P1_DOC_A,1,D2_derived,D2_derived.html,2,right,left,2,text-enrichment-reader-round2-n30-v1:participant:2:documents:set:2:rotation:13,,,n30-round2-three-versions-v1,2026-09-04-r2-v1
n30-round2-three-versions-v1-slot-02,,2,2,36,74,P14_DOC_A,27,W_writer_optimal,W_writer_optimal.html,3,left,right,2,text-enrichment-reader-round2-n30-v1:participant:2:documents:set:2:rotation:13,,,n30-round2-three-versions-v1,2026-09-04-r2-v1
n30-round2-three-versions-v1-slot-02,,2,2,37,75,P3_DOC_B,6,D1_derived,D1_derived.html,1,right,left,2,text-enrichment-reader-round2-n30-v1:participant:2:documents:set:2:rotation:13,,,n30-round2-three-versions-v1,2026-09-04-r2-v1
n30-round2-three-versions-v1-slot-02,,2,2,38,76,P13_DOC_B,26,D4_derived,D4_derived.html,5,left,right,2,text-enrichment-reader-round2-n30-v1:participant:2:documents:set:2:rotation:13,,,n30-round2-three-versions-v1,2026-09-04-r2-v1
n30-round2-three-versions-v1-slot-02,,2,3,1,77,P9_DOC_A,17,D5_maximal,D5_maximal.html,6,right,left,3,text-enrichment-reader-round2-n30-v1:participant:2:documents:set:3:rotation:26,,,n30-round2-three-versions-v1,2026-09-04-r2-v1
n30-round2-three-versions-v1-slot-02,,2,3,2,78,P17_DOC_B,34,D3_derived,D3_derived.html,4,left,right,3,text-enrichment-reader-round2-n30-v1:participant:2:documents:set:3:rotation:26,,,n30-round2-three-versions-v1,2026-09-04-r2-v1
n30-round2-three-versions-v1-slot-02,,2,3,3,79,P8_DOC_B,16,D1_derived,D1_derived.html,1,right,left,3,text-enrichment-reader-round2-n30-v1:participant:2:documents:set:3:rotation:26,,,n30-round2-three-versions-v1,2026-09-04-r2-v1
n30-round2-three-versions-v1-slot-02,,2,3,4,80,P10_DOC_B,20,W_writer_optimal,W_writer_optimal.html,3,left,right,3,text-enrichment-reader-round2-n30-v1:participant:2:documents:set:3:rotation:26,,,n30-round2-three-versions-v1,2026-09-04-r2-v1
n30-round2-three-versions-v1-slot-02,,2,3,5,81,P9_DOC_B,18,D2_derived,D2_derived.html,2,right,left,3,text-enrichment-reader-round2-n30-v1:participant:2:documents:set:3:rotation:26,,,n30-round2-three-versions-v1,2026-09-04-r2-v1
n30-round2-three-versions-v1-slot-02,,2,3,6,82,P14_DOC_B,28,D1_derived,D1_derived.html,1,left,right,3,text-enrichment-reader-round2-n30-v1:participant:2:documents:set:3:rotation:26,,,n30-round2-three-versions-v1,2026-09-04-r2-v1
n30-round2-three-versions-v1-slot-02,,2,3,7,83,P15_DOC_B,30,D2_derived,D2_derived.html,2,left,right,3,text-enrichment-reader-round2-n30-v1:participant:2:documents:set:3:rotation:26,,,n30-round2-three-versions-v1,2026-09-04-r2-v1
n30-round2-three-versions-v1-slot-02,,2,3,8,84,P2_DOC_A,3,D4_derived,D4_derived.html,5,right,left,3,text-enrichment-reader-round2-n30-v1:participant:2:documents:set:3:rotation:26,,,n30-round2-three-versions-v1,2026-09-04-r2-v1
n30-round2-three-versions-v1-slot-02,,2,3,9,85,P17_DOC_A,33,D2_derived,D2_derived.html,2,left,right,3,text-enrichment-reader-round2-n30-v1:participant:2:documents:set:3:rotation:26,,,n30-round2-three-versions-v1,2026-09-04-r2-v1
n30-round2-three-versions-v1-slot-02,,2,3,10,86,P19_DOC_B,38,D5_maximal,D5_maximal.html,6,left,right,3,text-enrichment-reader-round2-n30-v1:participant:2:documents:set:3:rotation:26,,,n30-round2-three-versions-v1,2026-09-04-r2-v1
n30-round2-three-versions-v1-slot-02,,2,3,11,87,P12_DOC_B,24,D4_derived,D4_derived.html,5,left,right,3,text-enrichment-reader-round2-n30-v1:participant:2:documents:set:3:rotation:26,,,n30-round2-three-versions-v1,2026-09-04-r2-v1
n30-round2-three-versions-v1-slot-02,,2,3,12,88,P3_DOC_A,5,D5_maximal,D5_maximal.html,6,right,left,3,text-enrichment-reader-round2-n30-v1:participant:2:documents:set:3:rotation:26,,,n30-round2-three-versions-v1,2026-09-04-r2-v1
n30-round2-three-versions-v1-slot-02,,2,3,13,89,P6_DOC_B,12,D4_derived,D4_derived.html,5,right,left,3,text-enrichment-reader-round2-n30-v1:participant:2:documents:set:3:rotation:26,,,n30-round2-three-versions-v1,2026-09-04-r2-v1
n30-round2-three-versions-v1-slot-02,,2,3,14,90,P5_DOC_B,10,D3_derived,D3_derived.html,4,right,left,3,text-enrichment-reader-round2-n30-v1:participant:2:documents:set:3:rotation:26,,,n30-round2-three-versions-v1,2026-09-04-r2-v1
n30-round2-three-versions-v1-slot-02,,2,3,15,91,P10_DOC_A,19,D1_derived,D1_derived.html,1,right,left,3,text-enrichment-reader-round2-n30-v1:participant:2:documents:set:3:rotation:26,,,n30-round2-three-versions-v1,2026-09-04-r2-v1
n30-round2-three-versions-v1-slot-02,,2,3,16,92,P15_DOC_A,29,D5_maximal,D5_maximal.html,6,left,right,3,text-enrichment-reader-round2-n30-v1:participant:2:documents:set:3:rotation:26,,,n30-round2-three-versions-v1,2026-09-04-r2-v1
n30-round2-three-versions-v1-slot-02,,2,3,17,93,P4_DOC_A,7,D1_derived,D1_derived.html,1,right,left,3,text-enrichment-reader-round2-n30-v1:participant:2:documents:set:3:rotation:26,,,n30-round2-three-versions-v1,2026-09-04-r2-v1
n30-round2-three-versions-v1-slot-02,,2,3,18,94,P1_DOC_B,2,D5_maximal,D5_maximal.html,6,right,left,3,text-enrichment-reader-round2-n30-v1:participant:2:documents:set:3:rotation:26,,,n30-round2-three-versions-v1,2026-09-04-r2-v1
n30-round2-three-versions-v1-slot-02,,2,3,19,95,P7_DOC_A,13,D3_derived,D3_derived.html,4,right,left,3,text-enrichment-reader-round2-n30-v1:participant:2:documents:set:3:rotation:26,,,n30-round2-three-versions-v1,2026-09-04-r2-v1
n30-round2-three-versions-v1-slot-02,,2,3,20,96,P5_DOC_A,9,D2_derived,D2_derived.html,2,right,left,3,text-enrichment-reader-round2-n30-v1:participant:2:documents:set:3:rotation:26,,,n30-round2-three-versions-v1,2026-09-04-r2-v1
n30-round2-three-versions-v1-slot-02,,2,3,21,97,P18_DOC_A,35,W_writer_optimal,W_writer_optimal.html,3,left,right,3,text-enrichment-reader-round2-n30-v1:participant:2:documents:set:3:rotation:26,,,n30-round2-three-versions-v1,2026-09-04-r2-v1
n30-round2-three-versions-v1-slot-02,,2,3,22,98,P1_DOC_A,1,D3_derived,D3_derived.html,4,right,left,3,text-enrichment-reader-round2-n30-v1:participant:2:documents:set:3:rotation:26,,,n30-round2-three-versions-v1,2026-09-04-r2-v1
n30-round2-three-versions-v1-slot-02,,2,3,23,99,P14_DOC_A,27,D4_derived,D4_derived.html,5,left,right,3,text-enrichment-reader-round2-n30-v1:participant:2:documents:set:3:rotation:26,,,n30-round2-three-versions-v1,2026-09-04-r2-v1
n30-round2-three-versions-v1-slot-02,,2,3,24,100,P3_DOC_B,6,D2_derived,D2_derived.html,2,right,left,3,text-enrichment-reader-round2-n30-v1:participant:2:documents:set:3:rotation:26,,,n30-round2-three-versions-v1,2026-09-04-r2-v1
n30-round2-three-versions-v1-slot-02,,2,3,25,101,P13_DOC_B,26,D5_maximal,D5_maximal.html,6,left,right,3,text-enrichment-reader-round2-n30-v1:participant:2:documents:set:3:rotation:26,,,n30-round2-three-versions-v1,2026-09-04-r2-v1
n30-round2-three-versions-v1-slot-02,,2,3,26,102,P16_DOC_A,31,D1_derived,D1_derived.html,1,left,right,3,text-enrichment-reader-round2-n30-v1:participant:2:documents:set:3:rotation:26,,,n30-round2-three-versions-v1,2026-09-04-r2-v1
n30-round2-three-versions-v1-slot-02,,2,3,27,103,P4_DOC_B,8,W_writer_optimal,W_writer_optimal.html,3,right,left,3,text-enrichment-reader-round2-n30-v1:participant:2:documents:set:3:rotation:26,,,n30-round2-three-versions-v1,2026-09-04-r2-v1
n30-round2-three-versions-v1-slot-02,,2,3,28,104,P18_DOC_B,36,D4_derived,D4_derived.html,5,left,right,3,text-enrichment-reader-round2-n30-v1:participant:2:documents:set:3:rotation:26,,,n30-round2-three-versions-v1,2026-09-04-r2-v1
n30-round2-three-versions-v1-slot-02,,2,3,29,105,P16_DOC_B,32,W_writer_optimal,W_writer_optimal.html,3,left,right,3,text-enrichment-reader-round2-n30-v1:participant:2:documents:set:3:rotation:26,,,n30-round2-three-versions-v1,2026-09-04-r2-v1
n30-round2-three-versions-v1-slot-02,,2,3,30,106,P8_DOC_A,15,D4_derived,D4_derived.html,5,right,left,3,text-enrichment-reader-round2-n30-v1:participant:2:documents:set:3:rotation:26,,,n30-round2-three-versions-v1,2026-09-04-r2-v1
n30-round2-three-versions-v1-slot-02,,2,3,31,107,P19_DOC_A,37,D3_derived,D3_derived.html,4,left,right,3,text-enrichment-reader-round2-n30-v1:participant:2:documents:set:3:rotation:26,,,n30-round2-three-versions-v1,2026-09-04-r2-v1
n30-round2-three-versions-v1-slot-02,,2,3,32,108,P12_DOC_A,23,W_writer_optimal,W_writer_optimal.html,3,left,right,3,text-enrichment-reader-round2-n30-v1:participant:2:documents:set:3:rotation:26,,,n30-round2-three-versions-v1,2026-09-04-r2-v1
n30-round2-three-versions-v1-slot-02,,2,3,33,109,P6_DOC_A,11,W_writer_optimal,W_writer_optimal.html,3,right,left,3,text-enrichment-reader-round2-n30-v1:participant:2:documents:set:3:rotation:26,,,n30-round2-three-versions-v1,2026-09-04-r2-v1
n30-round2-three-versions-v1-slot-02,,2,3,34,110,P13_DOC_A,25,D3_derived,D3_derived.html,4,left,right,3,text-enrichment-reader-round2-n30-v1:participant:2:documents:set:3:rotation:26,,,n30-round2-three-versions-v1,2026-09-04-r2-v1
n30-round2-three-versions-v1-slot-02,,2,3,35,111,P7_DOC_B,14,D5_maximal,D5_maximal.html,6,right,left,3,text-enrichment-reader-round2-n30-v1:participant:2:documents:set:3:rotation:26,,,n30-round2-three-versions-v1,2026-09-04-r2-v1
n30-round2-three-versions-v1-slot-02,,2,3,36,112,P11_DOC_A,21,D2_derived,D2_derived.html,2,left,right,3,text-enrichment-reader-round2-n30-v1:participant:2:documents:set:3:rotation:26,,,n30-round2-three-versions-v1,2026-09-04-r2-v1
n30-round2-three-versions-v1-slot-02,,2,3,37,113,P2_DOC_B,4,D1_derived,D1_derived.html,1,right,left,3,text-enrichment-reader-round2-n30-v1:participant:2:documents:set:3:rotation:26,,,n30-round2-three-versions-v1,2026-09-04-r2-v1
n30-round2-three-versions-v1-slot-02,,2,3,38,114,P11_DOC_B,22,D3_derived,D3_derived.html,4,left,right,3,text-enrichment-reader-round2-n30-v1:participant:2:documents:set:3:rotation:26,,,n30-round2-three-versions-v1,2026-09-04-r2-v1
n30-round2-three-versions-v1-slot-03,,3,1,1,1,P17_DOC_A,33,D4_derived,D4_derived.html,5,left,right,1,text-enrichment-reader-round2-n30-v1:participant:3:documents:set:1:rotation:0,,,n30-round2-three-versions-v1,2026-09-04-r2-v1
n30-round2-three-versions-v1-slot-03,,3,1,2,2,P6_DOC_A,11,D5_maximal,D5_maximal.html,6,right,left,1,text-enrichment-reader-round2-n30-v1:participant:3:documents:set:1:rotation:0,,,n30-round2-three-versions-v1,2026-09-04-r2-v1
n30-round2-three-versions-v1-slot-03,,3,1,3,3,P9_DOC_A,17,W_writer_optimal,W_writer_optimal.html,3,right,left,1,text-enrichment-reader-round2-n30-v1:participant:3:documents:set:1:rotation:0,,,n30-round2-three-versions-v1,2026-09-04-r2-v1
n30-round2-three-versions-v1-slot-03,,3,1,4,4,P16_DOC_A,31,D3_derived,D3_derived.html,4,left,right,1,text-enrichment-reader-round2-n30-v1:participant:3:documents:set:1:rotation:0,,,n30-round2-three-versions-v1,2026-09-04-r2-v1
n30-round2-three-versions-v1-slot-03,,3,1,5,5,P18_DOC_B,36,D1_derived,D1_derived.html,1,left,right,1,text-enrichment-reader-round2-n30-v1:participant:3:documents:set:1:rotation:0,,,n30-round2-three-versions-v1,2026-09-04-r2-v1
n30-round2-three-versions-v1-slot-03,,3,1,6,6,P5_DOC_A,9,D4_derived,D4_derived.html,5,right,left,1,text-enrichment-reader-round2-n30-v1:participant:3:documents:set:1:rotation:0,,,n30-round2-three-versions-v1,2026-09-04-r2-v1
n30-round2-three-versions-v1-slot-03,,3,1,7,7,P3_DOC_A,5,W_writer_optimal,W_writer_optimal.html,3,right,left,1,text-enrichment-reader-round2-n30-v1:participant:3:documents:set:1:rotation:0,,,n30-round2-three-versions-v1,2026-09-04-r2-v1
n30-round2-three-versions-v1-slot-03,,3,1,8,8,P1_DOC_B,2,D2_derived,D2_derived.html,2,right,left,1,text-enrichment-reader-round2-n30-v1:participant:3:documents:set:1:rotation:0,,,n30-round2-three-versions-v1,2026-09-04-r2-v1
n30-round2-three-versions-v1-slot-03,,3,1,9,9,P10_DOC_A,19,D3_derived,D3_derived.html,4,right,left,1,text-enrichment-reader-round2-n30-v1:participant:3:documents:set:1:rotation:0,,,n30-round2-three-versions-v1,2026-09-04-r2-v1
n30-round2-three-versions-v1-slot-03,,3,1,10,10,P16_DOC_B,32,D4_derived,D4_derived.html,5,left,right,1,text-enrichment-reader-round2-n30-v1:participant:3:documents:set:1:rotation:0,,,n30-round2-three-versions-v1,2026-09-04-r2-v1
n30-round2-three-versions-v1-slot-03,,3,1,11,11,P7_DOC_A,13,D1_derived,D1_derived.html,1,right,left,1,text-enrichment-reader-round2-n30-v1:participant:3:documents:set:1:rotation:0,,,n30-round2-three-versions-v1,2026-09-04-r2-v1
n30-round2-three-versions-v1-slot-03,,3,1,12,12,P7_DOC_B,14,D2_derived,D2_derived.html,2,right,left,1,text-enrichment-reader-round2-n30-v1:participant:3:documents:set:1:rotation:0,,,n30-round2-three-versions-v1,2026-09-04-r2-v1
n30-round2-three-versions-v1-slot-03,,3,1,13,13,P4_DOC_A,7,D3_derived,D3_derived.html,4,right,left,1,text-enrichment-reader-round2-n30-v1:participant:3:documents:set:1:rotation:0,,,n30-round2-three-versions-v1,2026-09-04-r2-v1
n30-round2-three-versions-v1-slot-03,,3,1,14,14,P3_DOC_B,6,D3_derived,D3_derived.html,4,right,left,1,text-enrichment-reader-round2-n30-v1:participant:3:documents:set:1:rotation:0,,,n30-round2-three-versions-v1,2026-09-04-r2-v1
n30-round2-three-versions-v1-slot-03,,3,1,15,15,P12_DOC_B,24,D1_derived,D1_derived.html,1,left,right,1,text-enrichment-reader-round2-n30-v1:participant:3:documents:set:1:rotation:0,,,n30-round2-three-versions-v1,2026-09-04-r2-v1
n30-round2-three-versions-v1-slot-03,,3,1,16,16,P8_DOC_B,16,W_writer_optimal,W_writer_optimal.html,3,right,left,1,text-enrichment-reader-round2-n30-v1:participant:3:documents:set:1:rotation:0,,,n30-round2-three-versions-v1,2026-09-04-r2-v1
n30-round2-three-versions-v1-slot-03,,3,1,17,17,P15_DOC_B,30,D3_derived,D3_derived.html,4,left,right,1,text-enrichment-reader-round2-n30-v1:participant:3:documents:set:1:rotation:0,,,n30-round2-three-versions-v1,2026-09-04-r2-v1
n30-round2-three-versions-v1-slot-03,,3,1,18,18,P11_DOC_A,21,D4_derived,D4_derived.html,5,left,right,1,text-enrichment-reader-round2-n30-v1:participant:3:documents:set:1:rotation:0,,,n30-round2-three-versions-v1,2026-09-04-r2-v1
n30-round2-three-versions-v1-slot-03,,3,1,19,19,P18_DOC_A,35,D5_maximal,D5_maximal.html,6,left,right,1,text-enrichment-reader-round2-n30-v1:participant:3:documents:set:1:rotation:0,,,n30-round2-three-versions-v1,2026-09-04-r2-v1
n30-round2-three-versions-v1-slot-03,,3,1,20,20,P1_DOC_A,1,D1_derived,D1_derived.html,1,right,left,1,text-enrichment-reader-round2-n30-v1:participant:3:documents:set:1:rotation:0,,,n30-round2-three-versions-v1,2026-09-04-r2-v1
n30-round2-three-versions-v1-slot-03,,3,1,21,21,P4_DOC_B,8,D4_derived,D4_derived.html,5,right,left,1,text-enrichment-reader-round2-n30-v1:participant:3:documents:set:1:rotation:0,,,n30-round2-three-versions-v1,2026-09-04-r2-v1
n30-round2-three-versions-v1-slot-03,,3,1,22,22,P17_DOC_B,34,D5_maximal,D5_maximal.html,6,left,right,1,text-enrichment-reader-round2-n30-v1:participant:3:documents:set:1:rotation:0,,,n30-round2-three-versions-v1,2026-09-04-r2-v1
n30-round2-three-versions-v1-slot-03,,3,1,23,23,P14_DOC_A,27,D2_derived,D2_derived.html,2,left,right,1,text-enrichment-reader-round2-n30-v1:participant:3:documents:set:1:rotation:0,,,n30-round2-three-versions-v1,2026-09-04-r2-v1
n30-round2-three-versions-v1-slot-03,,3,1,24,24,P19_DOC_B,38,D2_derived,D2_derived.html,2,left,right,1,text-enrichment-reader-round2-n30-v1:participant:3:documents:set:1:rotation:0,,,n30-round2-three-versions-v1,2026-09-04-r2-v1
n30-round2-three-versions-v1-slot-03,,3,1,25,25,P9_DOC_B,18,D3_derived,D3_derived.html,4,right,left,1,text-enrichment-reader-round2-n30-v1:participant:3:documents:set:1:rotation:0,,,n30-round2-three-versions-v1,2026-09-04-r2-v1
n30-round2-three-versions-v1-slot-03,,3,1,26,26,P2_DOC_A,3,D2_derived,D2_derived.html,2,right,left,1,text-enrichment-reader-round2-n30-v1:participant:3:documents:set:1:rotation:0,,,n30-round2-three-versions-v1,2026-09-04-r2-v1
n30-round2-three-versions-v1-slot-03,,3,1,27,27,P15_DOC_A,29,W_writer_optimal,W_writer_optimal.html,3,left,right,1,text-enrichment-reader-round2-n30-v1:participant:3:documents:set:1:rotation:0,,,n30-round2-three-versions-v1,2026-09-04-r2-v1
n30-round2-three-versions-v1-slot-03,,3,1,28,28,P13_DOC_B,26,D2_derived,D2_derived.html,2,left,right,1,text-enrichment-reader-round2-n30-v1:participant:3:documents:set:1:rotation:0,,,n30-round2-three-versions-v1,2026-09-04-r2-v1
n30-round2-three-versions-v1-slot-03,,3,1,29,29,P14_DOC_B,28,W_writer_optimal,W_writer_optimal.html,3,left,right,1,text-enrichment-reader-round2-n30-v1:participant:3:documents:set:1:rotation:0,,,n30-round2-three-versions-v1,2026-09-04-r2-v1
n30-round2-three-versions-v1-slot-03,,3,1,30,30,P19_DOC_A,37,D1_derived,D1_derived.html,1,left,right,1,text-enrichment-reader-round2-n30-v1:participant:3:documents:set:1:rotation:0,,,n30-round2-three-versions-v1,2026-09-04-r2-v1
n30-round2-three-versions-v1-slot-03,,3,1,31,31,P10_DOC_B,20,D4_derived,D4_derived.html,5,left,right,1,text-enrichment-reader-round2-n30-v1:participant:3:documents:set:1:rotation:0,,,n30-round2-three-versions-v1,2026-09-04-r2-v1
n30-round2-three-versions-v1-slot-03,,3,1,32,32,P12_DOC_A,23,D5_maximal,D5_maximal.html,6,left,right,1,text-enrichment-reader-round2-n30-v1:participant:3:documents:set:1:rotation:0,,,n30-round2-three-versions-v1,2026-09-04-r2-v1
n30-round2-three-versions-v1-slot-03,,3,1,33,33,P8_DOC_A,15,D2_derived,D2_derived.html,2,right,left,1,text-enrichment-reader-round2-n30-v1:participant:3:documents:set:1:rotation:0,,,n30-round2-three-versions-v1,2026-09-04-r2-v1
n30-round2-three-versions-v1-slot-03,,3,1,34,34,P11_DOC_B,22,D5_maximal,D5_maximal.html,6,left,right,1,text-enrichment-reader-round2-n30-v1:participant:3:documents:set:1:rotation:0,,,n30-round2-three-versions-v1,2026-09-04-r2-v1
n30-round2-three-versions-v1-slot-03,,3,1,35,35,P5_DOC_B,10,D5_maximal,D5_maximal.html,6,right,left,1,text-enrichment-reader-round2-n30-v1:participant:3:documents:set:1:rotation:0,,,n30-round2-three-versions-v1,2026-09-04-r2-v1
n30-round2-three-versions-v1-slot-03,,3,1,36,36,P6_DOC_B,12,D1_derived,D1_derived.html,1,right,left,1,text-enrichment-reader-round2-n30-v1:participant:3:documents:set:1:rotation:0,,,n30-round2-three-versions-v1,2026-09-04-r2-v1
n30-round2-three-versions-v1-slot-03,,3,1,37,37,P13_DOC_A,25,D1_derived,D1_derived.html,1,left,right,1,text-enrichment-reader-round2-n30-v1:participant:3:documents:set:1:rotation:0,,,n30-round2-three-versions-v1,2026-09-04-r2-v1
n30-round2-three-versions-v1-slot-03,,3,1,38,38,P2_DOC_B,4,W_writer_optimal,W_writer_optimal.html,3,right,left,1,text-enrichment-reader-round2-n30-v1:participant:3:documents:set:1:rotation:0,,,n30-round2-three-versions-v1,2026-09-04-r2-v1
n30-round2-three-versions-v1-slot-03,,3,2,1,39,P3_DOC_B,6,D5_maximal,D5_maximal.html,6,right,left,2,text-enrichment-reader-round2-n30-v1:participant:3:documents:set:2:rotation:13,,,n30-round2-three-versions-v1,2026-09-04-r2-v1
n30-round2-three-versions-v1-slot-03,,3,2,2,40,P12_DOC_B,24,W_writer_optimal,W_writer_optimal.html,3,left,right,2,text-enrichment-reader-round2-n30-v1:participant:3:documents:set:2:rotation:13,,,n30-round2-three-versions-v1,2026-09-04-r2-v1
n30-round2-three-versions-v1-slot-03,,3,2,3,41,P8_DOC_B,16,D4_derived,D4_derived.html,5,right,left,2,text-enrichment-reader-round2-n30-v1:participant:3:documents:set:2:rotation:13,,,n30-round2-three-versions-v1,2026-09-04-r2-v1
n30-round2-three-versions-v1-slot-03,,3,2,4,42,P15_DOC_B,30,D5_maximal,D5_maximal.html,6,left,right,2,text-enrichment-reader-round2-n30-v1:participant:3:documents:set:2:rotation:13,,,n30-round2-three-versions-v1,2026-09-04-r2-v1
n30-round2-three-versions-v1-slot-03,,3,2,5,43,P11_DOC_A,21,D1_derived,D1_derived.html,1,right,left,2,text-enrichment-reader-round2-n30-v1:participant:3:documents:set:2:rotation:13,,,n30-round2-three-versions-v1,2026-09-04-r2-v1
n30-round2-three-versions-v1-slot-03,,3,2,6,44,P18_DOC_A,35,D2_derived,D2_derived.html,2,left,right,2,text-enrichment-reader-round2-n30-v1:participant:3:documents:set:2:rotation:13,,,n30-round2-three-versions-v1,2026-09-04-r2-v1
n30-round2-three-versions-v1-slot-03,,3,2,7,45,P1_DOC_A,1,W_writer_optimal,W_writer_optimal.html,3,right,left,2,text-enrichment-reader-round2-n30-v1:participant:3:documents:set:2:rotation:13,,,n30-round2-three-versions-v1,2026-09-04-r2-v1
n30-round2-three-versions-v1-slot-03,,3,2,8,46,P4_DOC_B,8,D1_derived,D1_derived.html,1,right,left,2,text-enrichment-reader-round2-n30-v1:participant:3:documents:set:2:rotation:13,,,n30-round2-three-versions-v1,2026-09-04-r2-v1
n30-round2-three-versions-v1-slot-03,,3,2,9,47,P17_DOC_B,34,D2_derived,D2_derived.html,2,left,right,2,text-enrichment-reader-round2-n30-v1:participant:3:documents:set:2:rotation:13,,,n30-round2-three-versions-v1,2026-09-04-r2-v1
n30-round2-three-versions-v1-slot-03,,3,2,10,48,P14_DOC_A,27,D3_derived,D3_derived.html,4,left,right,2,text-enrichment-reader-round2-n30-v1:participant:3:documents:set:2:rotation:13,,,n30-round2-three-versions-v1,2026-09-04-r2-v1
n30-round2-three-versions-v1-slot-03,,3,2,11,49,P19_DOC_B,38,D3_derived,D3_derived.html,4,left,right,2,text-enrichment-reader-round2-n30-v1:participant:3:documents:set:2:rotation:13,,,n30-round2-three-versions-v1,2026-09-04-r2-v1
n30-round2-three-versions-v1-slot-03,,3,2,12,50,P9_DOC_B,18,D5_maximal,D5_maximal.html,6,right,left,2,text-enrichment-reader-round2-n30-v1:participant:3:documents:set:2:rotation:13,,,n30-round2-three-versions-v1,2026-09-04-r2-v1
n30-round2-three-versions-v1-slot-03,,3,2,13,51,P2_DOC_A,3,D3_derived,D3_derived.html,4,right,left,2,text-enrichment-reader-round2-n30-v1:participant:3:documents:set:2:rotation:13,,,n30-round2-three-versions-v1,2026-09-04-r2-v1
n30-round2-three-versions-v1-slot-03,,3,2,14,52,P15_DOC_A,29,D4_derived,D4_derived.html,5,left,right,2,text-enrichment-reader-round2-n30-v1:participant:3:documents:set:2:rotation:13,,,n30-round2-three-versions-v1,2026-09-04-r2-v1
n30-round2-three-versions-v1-slot-03,,3,2,15,53,P13_DOC_B,26,D3_derived,D3_derived.html,4,left,right,2,text-enrichment-reader-round2-n30-v1:participant:3:documents:set:2:rotation:13,,,n30-round2-three-versions-v1,2026-09-04-r2-v1
n30-round2-three-versions-v1-slot-03,,3,2,16,54,P14_DOC_B,28,D4_derived,D4_derived.html,5,left,right,2,text-enrichment-reader-round2-n30-v1:participant:3:documents:set:2:rotation:13,,,n30-round2-three-versions-v1,2026-09-04-r2-v1
n30-round2-three-versions-v1-slot-03,,3,2,17,55,P19_DOC_A,37,W_writer_optimal,W_writer_optimal.html,3,left,right,2,text-enrichment-reader-round2-n30-v1:participant:3:documents:set:2:rotation:13,,,n30-round2-three-versions-v1,2026-09-04-r2-v1
n30-round2-three-versions-v1-slot-03,,3,2,18,56,P10_DOC_B,20,D1_derived,D1_derived.html,1,left,right,2,text-enrichment-reader-round2-n30-v1:participant:3:documents:set:2:rotation:13,,,n30-round2-three-versions-v1,2026-09-04-r2-v1
n30-round2-three-versions-v1-slot-03,,3,2,19,57,P12_DOC_A,23,D2_derived,D2_derived.html,2,right,left,2,text-enrichment-reader-round2-n30-v1:participant:3:documents:set:2:rotation:13,,,n30-round2-three-versions-v1,2026-09-04-r2-v1
n30-round2-three-versions-v1-slot-03,,3,2,20,58,P8_DOC_A,15,D3_derived,D3_derived.html,4,right,left,2,text-enrichment-reader-round2-n30-v1:participant:3:documents:set:2:rotation:13,,,n30-round2-three-versions-v1,2026-09-04-r2-v1
n30-round2-three-versions-v1-slot-03,,3,2,21,59,P11_DOC_B,22,D2_derived,D2_derived.html,2,left,right,2,text-enrichment-reader-round2-n30-v1:participant:3:documents:set:2:rotation:13,,,n30-round2-three-versions-v1,2026-09-04-r2-v1
n30-round2-three-versions-v1-slot-03,,3,2,22,60,P5_DOC_B,10,D2_derived,D2_derived.html,2,right,left,2,text-enrichment-reader-round2-n30-v1:participant:3:documents:set:2:rotation:13,,,n30-round2-three-versions-v1,2026-09-04-r2-v1
n30-round2-three-versions-v1-slot-03,,3,2,23,61,P6_DOC_B,12,W_writer_optimal,W_writer_optimal.html,3,right,left,2,text-enrichment-reader-round2-n30-v1:participant:3:documents:set:2:rotation:13,,,n30-round2-three-versions-v1,2026-09-04-r2-v1
n30-round2-three-versions-v1-slot-03,,3,2,24,62,P13_DOC_A,25,W_writer_optimal,W_writer_optimal.html,3,left,right,2,text-enrichment-reader-round2-n30-v1:participant:3:documents:set:2:rotation:13,,,n30-round2-three-versions-v1,2026-09-04-r2-v1
n30-round2-three-versions-v1-slot-03,,3,2,25,63,P2_DOC_B,4,D4_derived,D4_derived.html,5,left,right,2,text-enrichment-reader-round2-n30-v1:participant:3:documents:set:2:rotation:13,,,n30-round2-three-versions-v1,2026-09-04-r2-v1
n30-round2-three-versions-v1-slot-03,,3,2,26,64,P17_DOC_A,33,D1_derived,D1_derived.html,1,left,right,2,text-enrichment-reader-round2-n30-v1:participant:3:documents:set:2:rotation:13,,,n30-round2-three-versions-v1,2026-09-04-r2-v1
n30-round2-three-versions-v1-slot-03,,3,2,27,65,P6_DOC_A,11,D2_derived,D2_derived.html,2,right,left,2,text-enrichment-reader-round2-n30-v1:participant:3:documents:set:2:rotation:13,,,n30-round2-three-versions-v1,2026-09-04-r2-v1
n30-round2-three-versions-v1-slot-03,,3,2,28,66,P9_DOC_A,17,D4_derived,D4_derived.html,5,right,left,2,text-enrichment-reader-round2-n30-v1:participant:3:documents:set:2:rotation:13,,,n30-round2-three-versions-v1,2026-09-04-r2-v1
n30-round2-three-versions-v1-slot-03,,3,2,29,67,P16_DOC_A,31,D5_maximal,D5_maximal.html,6,left,right,2,text-enrichment-reader-round2-n30-v1:participant:3:documents:set:2:rotation:13,,,n30-round2-three-versions-v1,2026-09-04-r2-v1
n30-round2-three-versions-v1-slot-03,,3,2,30,68,P18_DOC_B,36,W_writer_optimal,W_writer_optimal.html,3,left,right,2,text-enrichment-reader-round2-n30-v1:participant:3:documents:set:2:rotation:13,,,n30-round2-three-versions-v1,2026-09-04-r2-v1
n30-round2-three-versions-v1-slot-03,,3,2,31,69,P5_DOC_A,9,D1_derived,D1_derived.html,1,right,left,2,text-enrichment-reader-round2-n30-v1:participant:3:documents:set:2:rotation:13,,,n30-round2-three-versions-v1,2026-09-04-r2-v1
n30-round2-three-versions-v1-slot-03,,3,2,32,70,P3_DOC_A,5,D4_derived,D4_derived.html,5,right,left,2,text-enrichment-reader-round2-n30-v1:participant:3:documents:set:2:rotation:13,,,n30-round2-three-versions-v1,2026-09-04-r2-v1
n30-round2-three-versions-v1-slot-03,,3,2,33,71,P1_DOC_B,2,D3_derived,D3_derived.html,4,left,right,2,text-enrichment-reader-round2-n30-v1:participant:3:documents:set:2:rotation:13,,,n30-round2-three-versions-v1,2026-09-04-r2-v1
n30-round2-three-versions-v1-slot-03,,3,2,34,72,P10_DOC_A,19,D5_maximal,D5_maximal.html,6,right,left,2,text-enrichment-reader-round2-n30-v1:participant:3:documents:set:2:rotation:13,,,n30-round2-three-versions-v1,2026-09-04-r2-v1
n30-round2-three-versions-v1-slot-03,,3,2,35,73,P16_DOC_B,32,D1_derived,D1_derived.html,1,left,right,2,text-enrichment-reader-round2-n30-v1:participant:3:documents:set:2:rotation:13,,,n30-round2-three-versions-v1,2026-09-04-r2-v1
n30-round2-three-versions-v1-slot-03,,3,2,36,74,P7_DOC_A,13,W_writer_optimal,W_writer_optimal.html,3,right,left,2,text-enrichment-reader-round2-n30-v1:participant:3:documents:set:2:rotation:13,,,n30-round2-three-versions-v1,2026-09-04-r2-v1
n30-round2-three-versions-v1-slot-03,,3,2,37,75,P7_DOC_B,14,D3_derived,D3_derived.html,4,right,left,2,text-enrichment-reader-round2-n30-v1:participant:3:documents:set:2:rotation:13,,,n30-round2-three-versions-v1,2026-09-04-r2-v1
n30-round2-three-versions-v1-slot-03,,3,2,38,76,P4_DOC_A,7,D5_maximal,D5_maximal.html,6,right,left,2,text-enrichment-reader-round2-n30-v1:participant:3:documents:set:2:rotation:13,,,n30-round2-three-versions-v1,2026-09-04-r2-v1
n30-round2-three-versions-v1-slot-03,,3,3,1,77,P15_DOC_A,29,D1_derived,D1_derived.html,1,left,right,3,text-enrichment-reader-round2-n30-v1:participant:3:documents:set:3:rotation:26,,,n30-round2-three-versions-v1,2026-09-04-r2-v1
n30-round2-three-versions-v1-slot-03,,3,3,2,78,P13_DOC_B,26,D5_maximal,D5_maximal.html,6,left,right,3,text-enrichment-reader-round2-n30-v1:participant:3:documents:set:3:rotation:26,,,n30-round2-three-versions-v1,2026-09-04-r2-v1
n30-round2-three-versions-v1-slot-03,,3,3,3,79,P14_DOC_B,28,D1_derived,D1_derived.html,1,left,right,3,text-enrichment-reader-round2-n30-v1:participant:3:documents:set:3:rotation:26,,,n30-round2-three-versions-v1,2026-09-04-r2-v1
n30-round2-three-versions-v1-slot-03,,3,3,4,80,P19_DOC_A,37,D4_derived,D4_derived.html,5,left,right,3,text-enrichment-reader-round2-n30-v1:participant:3:documents:set:3:rotation:26,,,n30-round2-three-versions-v1,2026-09-04-r2-v1
n30-round2-three-versions-v1-slot-03,,3,3,5,81,P10_DOC_B,20,W_writer_optimal,W_writer_optimal.html,3,left,right,3,text-enrichment-reader-round2-n30-v1:participant:3:documents:set:3:rotation:26,,,n30-round2-three-versions-v1,2026-09-04-r2-v1
n30-round2-three-versions-v1-slot-03,,3,3,6,82,P12_DOC_A,23,D3_derived,D3_derived.html,4,left,right,3,text-enrichment-reader-round2-n30-v1:participant:3:documents:set:3:rotation:26,,,n30-round2-three-versions-v1,2026-09-04-r2-v1
n30-round2-three-versions-v1-slot-03,,3,3,7,83,P8_DOC_A,15,D5_maximal,D5_maximal.html,6,right,left,3,text-enrichment-reader-round2-n30-v1:participant:3:documents:set:3:rotation:26,,,n30-round2-three-versions-v1,2026-09-04-r2-v1
n30-round2-three-versions-v1-slot-03,,3,3,8,84,P11_DOC_B,22,D3_derived,D3_derived.html,4,left,right,3,text-enrichment-reader-round2-n30-v1:participant:3:documents:set:3:rotation:26,,,n30-round2-three-versions-v1,2026-09-04-r2-v1
n30-round2-three-versions-v1-slot-03,,3,3,9,85,P5_DOC_B,10,D3_derived,D3_derived.html,4,right,left,3,text-enrichment-reader-round2-n30-v1:participant:3:documents:set:3:rotation:26,,,n30-round2-three-versions-v1,2026-09-04-r2-v1
n30-round2-three-versions-v1-slot-03,,3,3,10,86,P6_DOC_B,12,D4_derived,D4_derived.html,5,right,left,3,text-enrichment-reader-round2-n30-v1:participant:3:documents:set:3:rotation:26,,,n30-round2-three-versions-v1,2026-09-04-r2-v1
n30-round2-three-versions-v1-slot-03,,3,3,11,87,P13_DOC_A,25,D4_derived,D4_derived.html,5,left,right,3,text-enrichment-reader-round2-n30-v1:participant:3:documents:set:3:rotation:26,,,n30-round2-three-versions-v1,2026-09-04-r2-v1
n30-round2-three-versions-v1-slot-03,,3,3,12,88,P2_DOC_B,4,D1_derived,D1_derived.html,1,right,left,3,text-enrichment-reader-round2-n30-v1:participant:3:documents:set:3:rotation:26,,,n30-round2-three-versions-v1,2026-09-04-r2-v1
n30-round2-three-versions-v1-slot-03,,3,3,13,89,P17_DOC_A,33,W_writer_optimal,W_writer_optimal.html,3,left,right,3,text-enrichment-reader-round2-n30-v1:participant:3:documents:set:3:rotation:26,,,n30-round2-three-versions-v1,2026-09-04-r2-v1
n30-round2-three-versions-v1-slot-03,,3,3,14,90,P6_DOC_A,11,D3_derived,D3_derived.html,4,right,left,3,text-enrichment-reader-round2-n30-v1:participant:3:documents:set:3:rotation:26,,,n30-round2-three-versions-v1,2026-09-04-r2-v1
n30-round2-three-versions-v1-slot-03,,3,3,15,91,P9_DOC_A,17,D1_derived,D1_derived.html,1,right,left,3,text-enrichment-reader-round2-n30-v1:participant:3:documents:set:3:rotation:26,,,n30-round2-three-versions-v1,2026-09-04-r2-v1
n30-round2-three-versions-v1-slot-03,,3,3,16,92,P16_DOC_A,31,D2_derived,D2_derived.html,2,left,right,3,text-enrichment-reader-round2-n30-v1:participant:3:documents:set:3:rotation:26,,,n30-round2-three-versions-v1,2026-09-04-r2-v1
n30-round2-three-versions-v1-slot-03,,3,3,17,93,P18_DOC_B,36,D4_derived,D4_derived.html,5,left,right,3,text-enrichment-reader-round2-n30-v1:participant:3:documents:set:3:rotation:26,,,n30-round2-three-versions-v1,2026-09-04-r2-v1
n30-round2-three-versions-v1-slot-03,,3,3,18,94,P5_DOC_A,9,W_writer_optimal,W_writer_optimal.html,3,right,left,3,text-enrichment-reader-round2-n30-v1:participant:3:documents:set:3:rotation:26,,,n30-round2-three-versions-v1,2026-09-04-r2-v1
n30-round2-three-versions-v1-slot-03,,3,3,19,95,P3_DOC_A,5,D1_derived,D1_derived.html,1,right,left,3,text-enrichment-reader-round2-n30-v1:participant:3:documents:set:3:rotation:26,,,n30-round2-three-versions-v1,2026-09-04-r2-v1
n30-round2-three-versions-v1-slot-03,,3,3,20,96,P1_DOC_B,2,D5_maximal,D5_maximal.html,6,right,left,3,text-enrichment-reader-round2-n30-v1:participant:3:documents:set:3:rotation:26,,,n30-round2-three-versions-v1,2026-09-04-r2-v1
n30-round2-three-versions-v1-slot-03,,3,3,21,97,P10_DOC_A,19,D2_derived,D2_derived.html,2,right,left,3,text-enrichment-reader-round2-n30-v1:participant:3:documents:set:3:rotation:26,,,n30-round2-three-versions-v1,2026-09-04-r2-v1
n30-round2-three-versions-v1-slot-03,,3,3,22,98,P16_DOC_B,32,W_writer_optimal,W_writer_optimal.html,3,left,right,3,text-enrichment-reader-round2-n30-v1:participant:3:documents:set:3:rotation:26,,,n30-round2-three-versions-v1,2026-09-04-r2-v1
n30-round2-three-versions-v1-slot-03,,3,3,23,99,P7_DOC_A,13,D4_derived,D4_derived.html,5,right,left,3,text-enrichment-reader-round2-n30-v1:participant:3:documents:set:3:rotation:26,,,n30-round2-three-versions-v1,2026-09-04-r2-v1
n30-round2-three-versions-v1-slot-03,,3,3,24,100,P7_DOC_B,14,D5_maximal,D5_maximal.html,6,right,left,3,text-enrichment-reader-round2-n30-v1:participant:3:documents:set:3:rotation:26,,,n30-round2-three-versions-v1,2026-09-04-r2-v1
n30-round2-three-versions-v1-slot-03,,3,3,25,101,P4_DOC_A,7,D2_derived,D2_derived.html,2,right,left,3,text-enrichment-reader-round2-n30-v1:participant:3:documents:set:3:rotation:26,,,n30-round2-three-versions-v1,2026-09-04-r2-v1
n30-round2-three-versions-v1-slot-03,,3,3,26,102,P3_DOC_B,6,D2_derived,D2_derived.html,2,right,left,3,text-enrichment-reader-round2-n30-v1:participant:3:documents:set:3:rotation:26,,,n30-round2-three-versions-v1,2026-09-04-r2-v1
n30-round2-three-versions-v1-slot-03,,3,3,27,103,P12_DOC_B,24,D4_derived,D4_derived.html,5,left,right,3,text-enrichment-reader-round2-n30-v1:participant:3:documents:set:3:rotation:26,,,n30-round2-three-versions-v1,2026-09-04-r2-v1
n30-round2-three-versions-v1-slot-03,,3,3,28,104,P8_DOC_B,16,D1_derived,D1_derived.html,1,right,left,3,text-enrichment-reader-round2-n30-v1:participant:3:documents:set:3:rotation:26,,,n30-round2-three-versions-v1,2026-09-04-r2-v1
n30-round2-three-versions-v1-slot-03,,3,3,29,105,P15_DOC_B,30,D2_derived,D2_derived.html,2,left,right,3,text-enrichment-reader-round2-n30-v1:participant:3:documents:set:3:rotation:26,,,n30-round2-three-versions-v1,2026-09-04-r2-v1
n30-round2-three-versions-v1-slot-03,,3,3,30,106,P11_DOC_A,21,W_writer_optimal,W_writer_optimal.html,3,left,right,3,text-enrichment-reader-round2-n30-v1:participant:3:documents:set:3:rotation:26,,,n30-round2-three-versions-v1,2026-09-04-r2-v1
n30-round2-three-versions-v1-slot-03,,3,3,31,107,P18_DOC_A,35,D3_derived,D3_derived.html,4,left,right,3,text-enrichment-reader-round2-n30-v1:participant:3:documents:set:3:rotation:26,,,n30-round2-three-versions-v1,2026-09-04-r2-v1
n30-round2-three-versions-v1-slot-03,,3,3,32,108,P1_DOC_A,1,D4_derived,D4_derived.html,5,right,left,3,text-enrichment-reader-round2-n30-v1:participant:3:documents:set:3:rotation:26,,,n30-round2-three-versions-v1,2026-09-04-r2-v1
n30-round2-three-versions-v1-slot-03,,3,3,33,109,P4_DOC_B,8,W_writer_optimal,W_writer_optimal.html,3,right,left,3,text-enrichment-reader-round2-n30-v1:participant:3:documents:set:3:rotation:26,,,n30-round2-three-versions-v1,2026-09-04-r2-v1
n30-round2-three-versions-v1-slot-03,,3,3,34,110,P17_DOC_B,34,D3_derived,D3_derived.html,4,left,right,3,text-enrichment-reader-round2-n30-v1:participant:3:documents:set:3:rotation:26,,,n30-round2-three-versions-v1,2026-09-04-r2-v1
n30-round2-three-versions-v1-slot-03,,3,3,35,111,P14_DOC_A,27,D5_maximal,D5_maximal.html,6,left,right,3,text-enrichment-reader-round2-n30-v1:participant:3:documents:set:3:rotation:26,,,n30-round2-three-versions-v1,2026-09-04-r2-v1
n30-round2-three-versions-v1-slot-03,,3,3,36,112,P19_DOC_B,38,D5_maximal,D5_maximal.html,6,left,right,3,text-enrichment-reader-round2-n30-v1:participant:3:documents:set:3:rotation:26,,,n30-round2-three-versions-v1,2026-09-04-r2-v1
n30-round2-three-versions-v1-slot-03,,3,3,37,113,P9_DOC_B,18,D2_derived,D2_derived.html,2,right,left,3,text-enrichment-reader-round2-n30-v1:participant:3:documents:set:3:rotation:26,,,n30-round2-three-versions-v1,2026-09-04-r2-v1
n30-round2-three-versions-v1-slot-03,,3,3,38,114,P2_DOC_A,3,D5_maximal,D5_maximal.html,6,right,left,3,text-enrichment-reader-round2-n30-v1:participant:3:documents:set:3:rotation:26,,,n30-round2-three-versions-v1,2026-09-04-r2-v1
n30-round2-three-versions-v1-slot-04,,4,1,1,1,P11_DOC_B,22,D5_maximal,D5_maximal.html,6,left,right,1,text-enrichment-reader-round2-n30-v1:participant:4:documents:set:1:rotation:0,,,n30-round2-three-versions-v1,2026-09-04-r2-v1
n30-round2-three-versions-v1-slot-04,,4,1,2,2,P5_DOC_B,10,D5_maximal,D5_maximal.html,6,right,left,1,text-enrichment-reader-round2-n30-v1:participant:4:documents:set:1:rotation:0,,,n30-round2-three-versions-v1,2026-09-04-r2-v1
n30-round2-three-versions-v1-slot-04,,4,1,3,3,P12_DOC_A,23,D5_maximal,D5_maximal.html,6,left,right,1,text-enrichment-reader-round2-n30-v1:participant:4:documents:set:1:rotation:0,,,n30-round2-three-versions-v1,2026-09-04-r2-v1
n30-round2-three-versions-v1-slot-04,,4,1,4,4,P15_DOC_A,29,W_writer_optimal,W_writer_optimal.html,3,left,right,1,text-enrichment-reader-round2-n30-v1:participant:4:documents:set:1:rotation:0,,,n30-round2-three-versions-v1,2026-09-04-r2-v1
n30-round2-three-versions-v1-slot-04,,4,1,5,5,P6_DOC_A,11,D5_maximal,D5_maximal.html,6,right,left,1,text-enrichment-reader-round2-n30-v1:participant:4:documents:set:1:rotation:0,,,n30-round2-three-versions-v1,2026-09-04-r2-v1
n30-round2-three-versions-v1-slot-04,,4,1,6,6,P18_DOC_B,36,D1_derived,D1_derived.html,1,left,right,1,text-enrichment-reader-round2-n30-v1:participant:4:documents:set:1:rotation:0,,,n30-round2-three-versions-v1,2026-09-04-r2-v1
n30-round2-three-versions-v1-slot-04,,4,1,7,7,P3_DOC_A,5,W_writer_optimal,W_writer_optimal.html,3,right,left,1,text-enrichment-reader-round2-n30-v1:participant:4:documents:set:1:rotation:0,,,n30-round2-three-versions-v1,2026-09-04-r2-v1
n30-round2-three-versions-v1-slot-04,,4,1,8,8,P3_DOC_B,6,D3_derived,D3_derived.html,4,right,left,1,text-enrichment-reader-round2-n30-v1:participant:4:documents:set:1:rotation:0,,,n30-round2-three-versions-v1,2026-09-04-r2-v1
n30-round2-three-versions-v1-slot-04,,4,1,9,9,P10_DOC_A,19,D3_derived,D3_derived.html,4,right,left,1,text-enrichment-reader-round2-n30-v1:participant:4:documents:set:1:rotation:0,,,n30-round2-three-versions-v1,2026-09-04-r2-v1
n30-round2-three-versions-v1-slot-04,,4,1,10,10,P4_DOC_A,7,D3_derived,D3_derived.html,4,right,left,1,text-enrichment-reader-round2-n30-v1:participant:4:documents:set:1:rotation:0,,,n30-round2-three-versions-v1,2026-09-04-r2-v1
n30-round2-three-versions-v1-slot-04,,4,1,11,11,P16_DOC_A,31,D3_derived,D3_derived.html,4,left,right,1,text-enrichment-reader-round2-n30-v1:participant:4:documents:set:1:rotation:0,,,n30-round2-three-versions-v1,2026-09-04-r2-v1
n30-round2-three-versions-v1-slot-04,,4,1,12,12,P15_DOC_B,30,D3_derived,D3_derived.html,4,left,right,1,text-enrichment-reader-round2-n30-v1:participant:4:documents:set:1:rotation:0,,,n30-round2-three-versions-v1,2026-09-04-r2-v1
n30-round2-three-versions-v1-slot-04,,4,1,13,13,P17_DOC_B,34,D5_maximal,D5_maximal.html,6,left,right,1,text-enrichment-reader-round2-n30-v1:participant:4:documents:set:1:rotation:0,,,n30-round2-three-versions-v1,2026-09-04-r2-v1
n30-round2-three-versions-v1-slot-04,,4,1,14,14,P13_DOC_B,26,D2_derived,D2_derived.html,2,left,right,1,text-enrichment-reader-round2-n30-v1:participant:4:documents:set:1:rotation:0,,,n30-round2-three-versions-v1,2026-09-04-r2-v1
n30-round2-three-versions-v1-slot-04,,4,1,15,15,P19_DOC_B,38,D2_derived,D2_derived.html,2,left,right,1,text-enrichment-reader-round2-n30-v1:participant:4:documents:set:1:rotation:0,,,n30-round2-three-versions-v1,2026-09-04-r2-v1
n30-round2-three-versions-v1-slot-04,,4,1,16,16,P16_DOC_B,32,D4_derived,D4_derived.html,5,left,right,1,text-enrichment-reader-round2-n30-v1:participant:4:documents:set:1:rotation:0,,,n30-round2-three-versions-v1,2026-09-04-r2-v1
n30-round2-three-versions-v1-slot-04,,4,1,17,17,P7_DOC_A,13,D1_derived,D1_derived.html,1,right,left,1,text-enrichment-reader-round2-n30-v1:participant:4:documents:set:1:rotation:0,,,n30-round2-three-versions-v1,2026-09-04-r2-v1
n30-round2-three-versions-v1-slot-04,,4,1,18,18,P7_DOC_B,14,D2_derived,D2_derived.html,2,right,left,1,text-enrichment-reader-round2-n30-v1:participant:4:documents:set:1:rotation:0,,,n30-round2-three-versions-v1,2026-09-04-r2-v1
n30-round2-three-versions-v1-slot-04,,4,1,19,19,P14_DOC_A,27,D2_derived,D2_derived.html,2,left,right,1,text-enrichment-reader-round2-n30-v1:participant:4:documents:set:1:rotation:0,,,n30-round2-three-versions-v1,2026-09-04-r2-v1
n30-round2-three-versions-v1-slot-04,,4,1,20,20,P11_DOC_A,21,D4_derived,D4_derived.html,5,left,right,1,text-enrichment-reader-round2-n30-v1:participant:4:documents:set:1:rotation:0,,,n30-round2-three-versions-v1,2026-09-04-r2-v1
n30-round2-three-versions-v1-slot-04,,4,1,21,21,P6_DOC_B,12,D1_derived,D1_derived.html,1,right,left,1,text-enrichment-reader-round2-n30-v1:participant:4:documents:set:1:rotation:0,,,n30-round2-three-versions-v1,2026-09-04-r2-v1
n30-round2-three-versions-v1-slot-04,,4,1,22,22,P10_DOC_B,20,D4_derived,D4_derived.html,5,left,right,1,text-enrichment-reader-round2-n30-v1:participant:4:documents:set:1:rotation:0,,,n30-round2-three-versions-v1,2026-09-04-r2-v1
n30-round2-three-versions-v1-slot-04,,4,1,23,23,P8_DOC_A,15,D2_derived,D2_derived.html,2,right,left,1,text-enrichment-reader-round2-n30-v1:participant:4:documents:set:1:rotation:0,,,n30-round2-three-versions-v1,2026-09-04-r2-v1
n30-round2-three-versions-v1-slot-04,,4,1,24,24,P2_DOC_A,3,D2_derived,D2_derived.html,2,right,left,1,text-enrichment-reader-round2-n30-v1:participant:4:documents:set:1:rotation:0,,,n30-round2-three-versions-v1,2026-09-04-r2-v1
n30-round2-three-versions-v1-slot-04,,4,1,25,25,P2_DOC_B,4,W_writer_optimal,W_writer_optimal.html,3,right,left,1,text-enrichment-reader-round2-n30-v1:participant:4:documents:set:1:rotation:0,,,n30-round2-three-versions-v1,2026-09-04-r2-v1
n30-round2-three-versions-v1-slot-04,,4,1,26,26,P19_DOC_A,37,D1_derived,D1_derived.html,1,left,right,1,text-enrichment-reader-round2-n30-v1:participant:4:documents:set:1:rotation:0,,,n30-round2-three-versions-v1,2026-09-04-r2-v1
n30-round2-three-versions-v1-slot-04,,4,1,27,27,P18_DOC_A,35,D5_maximal,D5_maximal.html,6,left,right,1,text-enrichment-reader-round2-n30-v1:participant:4:documents:set:1:rotation:0,,,n30-round2-three-versions-v1,2026-09-04-r2-v1
n30-round2-three-versions-v1-slot-04,,4,1,28,28,P1_DOC_B,2,D2_derived,D2_derived.html,2,right,left,1,text-enrichment-reader-round2-n30-v1:participant:4:documents:set:1:rotation:0,,,n30-round2-three-versions-v1,2026-09-04-r2-v1
n30-round2-three-versions-v1-slot-04,,4,1,29,29,P9_DOC_A,17,W_writer_optimal,W_writer_optimal.html,3,right,left,1,text-enrichment-reader-round2-n30-v1:participant:4:documents:set:1:rotation:0,,,n30-round2-three-versions-v1,2026-09-04-r2-v1
n30-round2-three-versions-v1-slot-04,,4,1,30,30,P8_DOC_B,16,W_writer_optimal,W_writer_optimal.html,3,right,left,1,text-enrichment-reader-round2-n30-v1:participant:4:documents:set:1:rotation:0,,,n30-round2-three-versions-v1,2026-09-04-r2-v1
n30-round2-three-versions-v1-slot-04,,4,1,31,31,P1_DOC_A,1,D1_derived,D1_derived.html,1,right,left,1,text-enrichment-reader-round2-n30-v1:participant:4:documents:set:1:rotation:0,,,n30-round2-three-versions-v1,2026-09-04-r2-v1
n30-round2-three-versions-v1-slot-04,,4,1,32,32,P5_DOC_A,9,D4_derived,D4_derived.html,5,right,left,1,text-enrichment-reader-round2-n30-v1:participant:4:documents:set:1:rotation:0,,,n30-round2-three-versions-v1,2026-09-04-r2-v1
n30-round2-three-versions-v1-slot-04,,4,1,33,33,P9_DOC_B,18,D3_derived,D3_derived.html,4,right,left,1,text-enrichment-reader-round2-n30-v1:participant:4:documents:set:1:rotation:0,,,n30-round2-three-versions-v1,2026-09-04-r2-v1
n30-round2-three-versions-v1-slot-04,,4,1,34,34,P12_DOC_B,24,D1_derived,D1_derived.html,1,left,right,1,text-enrichment-reader-round2-n30-v1:participant:4:documents:set:1:rotation:0,,,n30-round2-three-versions-v1,2026-09-04-r2-v1
n30-round2-three-versions-v1-slot-04,,4,1,35,35,P4_DOC_B,8,D4_derived,D4_derived.html,5,right,left,1,text-enrichment-reader-round2-n30-v1:participant:4:documents:set:1:rotation:0,,,n30-round2-three-versions-v1,2026-09-04-r2-v1
n30-round2-three-versions-v1-slot-04,,4,1,36,36,P17_DOC_A,33,D4_derived,D4_derived.html,5,left,right,1,text-enrichment-reader-round2-n30-v1:participant:4:documents:set:1:rotation:0,,,n30-round2-three-versions-v1,2026-09-04-r2-v1
n30-round2-three-versions-v1-slot-04,,4,1,37,37,P14_DOC_B,28,W_writer_optimal,W_writer_optimal.html,3,left,right,1,text-enrichment-reader-round2-n30-v1:participant:4:documents:set:1:rotation:0,,,n30-round2-three-versions-v1,2026-09-04-r2-v1
n30-round2-three-versions-v1-slot-04,,4,1,38,38,P13_DOC_A,25,D1_derived,D1_derived.html,1,left,right,1,text-enrichment-reader-round2-n30-v1:participant:4:documents:set:1:rotation:0,,,n30-round2-three-versions-v1,2026-09-04-r2-v1
n30-round2-three-versions-v1-slot-04,,4,2,1,39,P13_DOC_B,26,W_writer_optimal,W_writer_optimal.html,3,left,right,2,text-enrichment-reader-round2-n30-v1:participant:4:documents:set:2:rotation:13,,,n30-round2-three-versions-v1,2026-09-04-r2-v1
n30-round2-three-versions-v1-slot-04,,4,2,2,40,P19_DOC_B,38,W_writer_optimal,W_writer_optimal.html,3,left,right,2,text-enrichment-reader-round2-n30-v1:participant:4:documents:set:2:rotation:13,,,n30-round2-three-versions-v1,2026-09-04-r2-v1
n30-round2-three-versions-v1-slot-04,,4,2,3,41,P16_DOC_B,32,D5_maximal,D5_maximal.html,6,left,right,2,text-enrichment-reader-round2-n30-v1:participant:4:documents:set:2:rotation:13,,,n30-round2-three-versions-v1,2026-09-04-r2-v1
n30-round2-three-versions-v1-slot-04,,4,2,4,42,P7_DOC_A,13,D3_derived,D3_derived.html,4,right,left,2,text-enrichment-reader-round2-n30-v1:participant:4:documents:set:2:rotation:13,,,n30-round2-three-versions-v1,2026-09-04-r2-v1
n30-round2-three-versions-v1-slot-04,,4,2,5,43,P7_DOC_B,14,W_writer_optimal,W_writer_optimal.html,3,right,left,2,text-enrichment-reader-round2-n30-v1:participant:4:documents:set:2:rotation:13,,,n30-round2-three-versions-v1,2026-09-04-r2-v1
n30-round2-three-versions-v1-slot-04,,4,2,6,44,P14_DOC_A,27,D4_derived,D4_derived.html,5,left,right,2,text-enrichment-reader-round2-n30-v1:participant:4:documents:set:2:rotation:13,,,n30-round2-three-versions-v1,2026-09-04-r2-v1
n30-round2-three-versions-v1-slot-04,,4,2,7,45,P11_DOC_A,21,D2_derived,D2_derived.html,2,left,right,2,text-enrichment-reader-round2-n30-v1:participant:4:documents:set:2:rotation:13,,,n30-round2-three-versions-v1,2026-09-04-r2-v1
n30-round2-three-versions-v1-slot-04,,4,2,8,46,P6_DOC_B,12,D2_derived,D2_derived.html,2,right,left,2,text-enrichment-reader-round2-n30-v1:participant:4:documents:set:2:rotation:13,,,n30-round2-three-versions-v1,2026-09-04-r2-v1
n30-round2-three-versions-v1-slot-04,,4,2,9,47,P10_DOC_B,20,D5_maximal,D5_maximal.html,6,left,right,2,text-enrichment-reader-round2-n30-v1:participant:4:documents:set:2:rotation:13,,,n30-round2-three-versions-v1,2026-09-04-r2-v1
n30-round2-three-versions-v1-slot-04,,4,2,10,48,P8_DOC_A,15,D4_derived,D4_derived.html,5,right,left,2,text-enrichment-reader-round2-n30-v1:participant:4:documents:set:2:rotation:13,,,n30-round2-three-versions-v1,2026-09-04-r2-v1
n30-round2-three-versions-v1-slot-04,,4,2,11,49,P2_DOC_A,3,D4_derived,D4_derived.html,5,right,left,2,text-enrichment-reader-round2-n30-v1:participant:4:documents:set:2:rotation:13,,,n30-round2-three-versions-v1,2026-09-04-r2-v1
n30-round2-three-versions-v1-slot-04,,4,2,12,50,P2_DOC_B,4,D3_derived,D3_derived.html,4,right,left,2,text-enrichment-reader-round2-n30-v1:participant:4:documents:set:2:rotation:13,,,n30-round2-three-versions-v1,2026-09-04-r2-v1
n30-round2-three-versions-v1-slot-04,,4,2,13,51,P19_DOC_A,37,D3_derived,D3_derived.html,4,left,right,2,text-enrichment-reader-round2-n30-v1:participant:4:documents:set:2:rotation:13,,,n30-round2-three-versions-v1,2026-09-04-r2-v1
n30-round2-three-versions-v1-slot-04,,4,2,14,52,P18_DOC_A,35,W_writer_optimal,W_writer_optimal.html,3,left,right,2,text-enrichment-reader-round2-n30-v1:participant:4:documents:set:2:rotation:13,,,n30-round2-three-versions-v1,2026-09-04-r2-v1
n30-round2-three-versions-v1-slot-04,,4,2,15,53,P1_DOC_B,2,W_writer_optimal,W_writer_optimal.html,3,right,left,2,text-enrichment-reader-round2-n30-v1:participant:4:documents:set:2:rotation:13,,,n30-round2-three-versions-v1,2026-09-04-r2-v1
n30-round2-three-versions-v1-slot-04,,4,2,16,54,P9_DOC_A,17,D5_maximal,D5_maximal.html,6,right,left,2,text-enrichment-reader-round2-n30-v1:participant:4:documents:set:2:rotation:13,,,n30-round2-three-versions-v1,2026-09-04-r2-v1
n30-round2-three-versions-v1-slot-04,,4,2,17,55,P8_DOC_B,16,D3_derived,D3_derived.html,4,right,left,2,text-enrichment-reader-round2-n30-v1:participant:4:documents:set:2:rotation:13,,,n30-round2-three-versions-v1,2026-09-04-r2-v1
n30-round2-three-versions-v1-slot-04,,4,2,18,56,P1_DOC_A,1,D3_derived,D3_derived.html,4,right,left,2,text-enrichment-reader-round2-n30-v1:participant:4:documents:set:2:rotation:13,,,n30-round2-three-versions-v1,2026-09-04-r2-v1
n30-round2-three-versions-v1-slot-04,,4,2,19,57,P5_DOC_A,9,D2_derived,D2_derived.html,2,right,left,2,text-enrichment-reader-round2-n30-v1:participant:4:documents:set:2:rotation:13,,,n30-round2-three-versions-v1,2026-09-04-r2-v1
n30-round2-three-versions-v1-slot-04,,4,2,20,58,P9_DOC_B,18,D4_derived,D4_derived.html,5,right,left,2,text-enrichment-reader-round2-n30-v1:participant:4:documents:set:2:rotation:13,,,n30-round2-three-versions-v1,2026-09-04-r2-v1
n30-round2-three-versions-v1-slot-04,,4,2,21,59,P12_DOC_B,24,D2_derived,D2_derived.html,2,left,right,2,text-enrichment-reader-round2-n30-v1:participant:4:documents:set:2:rotation:13,,,n30-round2-three-versions-v1,2026-09-04-r2-v1
n30-round2-three-versions-v1-slot-04,,4,2,22,60,P4_DOC_B,8,D5_maximal,D5_maximal.html,6,right,left,2,text-enrichment-reader-round2-n30-v1:participant:4:documents:set:2:rotation:13,,,n30-round2-three-versions-v1,2026-09-04-r2-v1
n30-round2-three-versions-v1-slot-04,,4,2,23,61,P17_DOC_A,33,D2_derived,D2_derived.html,2,left,right,2,text-enrichment-reader-round2-n30-v1:participant:4:documents:set:2:rotation:13,,,n30-round2-three-versions-v1,2026-09-04-r2-v1
n30-round2-three-versions-v1-slot-04,,4,2,24,62,P14_DOC_B,28,D3_derived,D3_derived.html,4,left,right,2,text-enrichment-reader-round2-n30-v1:participant:4:documents:set:2:rotation:13,,,n30-round2-three-versions-v1,2026-09-04-r2-v1
n30-round2-three-versions-v1-slot-04,,4,2,25,63,P13_DOC_A,25,D3_derived,D3_derived.html,4,left,right,2,text-enrichment-reader-round2-n30-v1:participant:4:documents:set:2:rotation:13,,,n30-round2-three-versions-v1,2026-09-04-r2-v1
n30-round2-three-versions-v1-slot-04,,4,2,26,64,P11_DOC_B,22,D1_derived,D1_derived.html,1,left,right,2,text-enrichment-reader-round2-n30-v1:participant:4:documents:set:2:rotation:13,,,n30-round2-three-versions-v1,2026-09-04-r2-v1
n30-round2-three-versions-v1-slot-04,,4,2,27,65,P5_DOC_B,10,D1_derived,D1_derived.html,1,right,left,2,text-enrichment-reader-round2-n30-v1:participant:4:documents:set:2:rotation:13,,,n30-round2-three-versions-v1,2026-09-04-r2-v1
n30-round2-three-versions-v1-slot-04,,4,2,28,66,P12_DOC_A,23,W_writer_optimal,W_writer_optimal.html,3,left,right,2,text-enrichment-reader-round2-n30-v1:participant:4:documents:set:2:rotation:13,,,n30-round2-three-versions-v1,2026-09-04-r2-v1
n30-round2-three-versions-v1-slot-04,,4,2,29,67,P15_DOC_A,29,D5_maximal,D5_maximal.html,6,left,right,2,text-enrichment-reader-round2-n30-v1:participant:4:documents:set:2:rotation:13,,,n30-round2-three-versions-v1,2026-09-04-r2-v1
n30-round2-three-versions-v1-slot-04,,4,2,30,68,P6_DOC_A,11,W_writer_optimal,W_writer_optimal.html,3,right,left,2,text-enrichment-reader-round2-n30-v1:participant:4:documents:set:2:rotation:13,,,n30-round2-three-versions-v1,2026-09-04-r2-v1
n30-round2-three-versions-v1-slot-04,,4,2,31,69,P18_DOC_B,36,D2_derived,D2_derived.html,2,left,right,2,text-enrichment-reader-round2-n30-v1:participant:4:documents:set:2:rotation:13,,,n30-round2-three-versions-v1,2026-09-04-r2-v1
n30-round2-three-versions-v1-slot-04,,4,2,32,70,P3_DOC_A,5,D5_maximal,D5_maximal.html,6,right,left,2,text-enrichment-reader-round2-n30-v1:participant:4:documents:set:2:rotation:13,,,n30-round2-three-versions-v1,2026-09-04-r2-v1
n30-round2-three-versions-v1-slot-04,,4,2,33,71,P3_DOC_B,6,D4_derived,D4_derived.html,5,right,left,2,text-enrichment-reader-round2-n30-v1:participant:4:documents:set:2:rotation:13,,,n30-round2-three-versions-v1,2026-09-04-r2-v1
n30-round2-three-versions-v1-slot-04,,4,2,34,72,P10_DOC_A,19,D1_derived,D1_derived.html,1,right,left,2,text-enrichment-reader-round2-n30-v1:participant:4:documents:set:2:rotation:13,,,n30-round2-three-versions-v1,2026-09-04-r2-v1
n30-round2-three-versions-v1-slot-04,,4,2,35,73,P4_DOC_A,7,D1_derived,D1_derived.html,1,right,left,2,text-enrichment-reader-round2-n30-v1:participant:4:documents:set:2:rotation:13,,,n30-round2-three-versions-v1,2026-09-04-r2-v1
n30-round2-three-versions-v1-slot-04,,4,2,36,74,P16_DOC_A,31,D1_derived,D1_derived.html,1,left,right,2,text-enrichment-reader-round2-n30-v1:participant:4:documents:set:2:rotation:13,,,n30-round2-three-versions-v1,2026-09-04-r2-v1
n30-round2-three-versions-v1-slot-04,,4,2,37,75,P15_DOC_B,30,D4_derived,D4_derived.html,5,left,right,2,text-enrichment-reader-round2-n30-v1:participant:4:documents:set:2:rotation:13,,,n30-round2-three-versions-v1,2026-09-04-r2-v1
n30-round2-three-versions-v1-slot-04,,4,2,38,76,P17_DOC_B,34,D1_derived,D1_derived.html,1,left,right,2,text-enrichment-reader-round2-n30-v1:participant:4:documents:set:2:rotation:13,,,n30-round2-three-versions-v1,2026-09-04-r2-v1
n30-round2-three-versions-v1-slot-04,,4,3,1,77,P18_DOC_A,35,D4_derived,D4_derived.html,5,left,right,3,text-enrichment-reader-round2-n30-v1:participant:4:documents:set:3:rotation:26,,,n30-round2-three-versions-v1,2026-09-04-r2-v1
n30-round2-three-versions-v1-slot-04,,4,3,2,78,P1_DOC_B,2,D4_derived,D4_derived.html,5,right,left,3,text-enrichment-reader-round2-n30-v1:participant:4:documents:set:3:rotation:26,,,n30-round2-three-versions-v1,2026-09-04-r2-v1
n30-round2-three-versions-v1-slot-04,,4,3,3,79,P9_DOC_A,17,D2_derived,D2_derived.html,2,right,left,3,text-enrichment-reader-round2-n30-v1:participant:4:documents:set:3:rotation:26,,,n30-round2-three-versions-v1,2026-09-04-r2-v1
n30-round2-three-versions-v1-slot-04,,4,3,4,80,P8_DOC_B,16,D5_maximal,D5_maximal.html,6,right,left,3,text-enrichment-reader-round2-n30-v1:participant:4:documents:set:3:rotation:26,,,n30-round2-three-versions-v1,2026-09-04-r2-v1
n30-round2-three-versions-v1-slot-04,,4,3,5,81,P1_DOC_A,1,D5_maximal,D5_maximal.html,6,right,left,3,text-enrichment-reader-round2-n30-v1:participant:4:documents:set:3:rotation:26,,,n30-round2-three-versions-v1,2026-09-04-r2-v1
n30-round2-three-versions-v1-slot-04,,4,3,6,82,P5_DOC_A,9,D3_derived,D3_derived.html,4,right,left,3,text-enrichment-reader-round2-n30-v1:participant:4:documents:set:3:rotation:26,,,n30-round2-three-versions-v1,2026-09-04-r2-v1
n30-round2-three-versions-v1-slot-04,,4,3,7,83,P9_DOC_B,18,D1_derived,D1_derived.html,1,right,left,3,text-enrichment-reader-round2-n30-v1:participant:4:documents:set:3:rotation:26,,,n30-round2-three-versions-v1,2026-09-04-r2-v1
n30-round2-three-versions-v1-slot-04,,4,3,8,84,P12_DOC_B,24,D3_derived,D3_derived.html,4,left,right,3,text-enrichment-reader-round2-n30-v1:participant:4:documents:set:3:rotation:26,,,n30-round2-three-versions-v1,2026-09-04-r2-v1
n30-round2-three-versions-v1-slot-04,,4,3,9,85,P4_DOC_B,8,D2_derived,D2_derived.html,2,right,left,3,text-enrichment-reader-round2-n30-v1:participant:4:documents:set:3:rotation:26,,,n30-round2-three-versions-v1,2026-09-04-r2-v1
n30-round2-three-versions-v1-slot-04,,4,3,10,86,P17_DOC_A,33,D3_derived,D3_derived.html,4,left,right,3,text-enrichment-reader-round2-n30-v1:participant:4:documents:set:3:rotation:26,,,n30-round2-three-versions-v1,2026-09-04-r2-v1
n30-round2-three-versions-v1-slot-04,,4,3,11,87,P14_DOC_B,28,D5_maximal,D5_maximal.html,6,left,right,3,text-enrichment-reader-round2-n30-v1:participant:4:documents:set:3:rotation:26,,,n30-round2-three-versions-v1,2026-09-04-r2-v1
n30-round2-three-versions-v1-slot-04,,4,3,12,88,P13_DOC_A,25,D5_maximal,D5_maximal.html,6,left,right,3,text-enrichment-reader-round2-n30-v1:participant:4:documents:set:3:rotation:26,,,n30-round2-three-versions-v1,2026-09-04-r2-v1
n30-round2-three-versions-v1-slot-04,,4,3,13,89,P11_DOC_B,22,W_writer_optimal,W_writer_optimal.html,3,left,right,3,text-enrichment-reader-round2-n30-v1:participant:4:documents:set:3:rotation:26,,,n30-round2-three-versions-v1,2026-09-04-r2-v1
n30-round2-three-versions-v1-slot-04,,4,3,14,90,P5_DOC_B,10,W_writer_optimal,W_writer_optimal.html,3,right,left,3,text-enrichment-reader-round2-n30-v1:participant:4:documents:set:3:rotation:26,,,n30-round2-three-versions-v1,2026-09-04-r2-v1
n30-round2-three-versions-v1-slot-04,,4,3,15,91,P12_DOC_A,23,D4_derived,D4_derived.html,5,left,right,3,text-enrichment-reader-round2-n30-v1:participant:4:documents:set:3:rotation:26,,,n30-round2-three-versions-v1,2026-09-04-r2-v1
n30-round2-three-versions-v1-slot-04,,4,3,16,92,P15_DOC_A,29,D2_derived,D2_derived.html,2,left,right,3,text-enrichment-reader-round2-n30-v1:participant:4:documents:set:3:rotation:26,,,n30-round2-three-versions-v1,2026-09-04-r2-v1
n30-round2-three-versions-v1-slot-04,,4,3,17,93,P6_DOC_A,11,D4_derived,D4_derived.html,5,right,left,3,text-enrichment-reader-round2-n30-v1:participant:4:documents:set:3:rotation:26,,,n30-round2-three-versions-v1,2026-09-04-r2-v1
n30-round2-three-versions-v1-slot-04,,4,3,18,94,P18_DOC_B,36,D3_derived,D3_derived.html,4,left,right,3,text-enrichment-reader-round2-n30-v1:participant:4:documents:set:3:rotation:26,,,n30-round2-three-versions-v1,2026-09-04-r2-v1
n30-round2-three-versions-v1-slot-04,,4,3,19,95,P3_DOC_A,5,D2_derived,D2_derived.html,2,right,left,3,text-enrichment-reader-round2-n30-v1:participant:4:documents:set:3:rotation:26,,,n30-round2-three-versions-v1,2026-09-04-r2-v1
n30-round2-three-versions-v1-slot-04,,4,3,20,96,P3_DOC_B,6,D1_derived,D1_derived.html,1,right,left,3,text-enrichment-reader-round2-n30-v1:participant:4:documents:set:3:rotation:26,,,n30-round2-three-versions-v1,2026-09-04-r2-v1
n30-round2-three-versions-v1-slot-04,,4,3,21,97,P10_DOC_A,19,W_writer_optimal,W_writer_optimal.html,3,right,left,3,text-enrichment-reader-round2-n30-v1:participant:4:documents:set:3:rotation:26,,,n30-round2-three-versions-v1,2026-09-04-r2-v1
n30-round2-three-versions-v1-slot-04,,4,3,22,98,P4_DOC_A,7,W_writer_optimal,W_writer_optimal.html,3,right,left,3,text-enrichment-reader-round2-n30-v1:participant:4:documents:set:3:rotation:26,,,n30-round2-three-versions-v1,2026-09-04-r2-v1
n30-round2-three-versions-v1-slot-04,,4,3,23,99,P16_DOC_A,31,W_writer_optimal,W_writer_optimal.html,3,left,right,3,text-enrichment-reader-round2-n30-v1:participant:4:documents:set:3:rotation:26,,,n30-round2-three-versions-v1,2026-09-04-r2-v1
n30-round2-three-versions-v1-slot-04,,4,3,24,100,P15_DOC_B,30,D1_derived,D1_derived.html,1,left,right,3,text-enrichment-reader-round2-n30-v1:participant:4:documents:set:3:rotation:26,,,n30-round2-three-versions-v1,2026-09-04-r2-v1
n30-round2-three-versions-v1-slot-04,,4,3,25,101,P17_DOC_B,34,W_writer_optimal,W_writer_optimal.html,3,left,right,3,text-enrichment-reader-round2-n30-v1:participant:4:documents:set:3:rotation:26,,,n30-round2-three-versions-v1,2026-09-04-r2-v1
n30-round2-three-versions-v1-slot-04,,4,3,26,102,P13_DOC_B,26,D4_derived,D4_derived.html,5,left,right,3,text-enrichment-reader-round2-n30-v1:participant:4:documents:set:3:rotation:26,,,n30-round2-three-versions-v1,2026-09-04-r2-v1
n30-round2-three-versions-v1-slot-04,,4,3,27,103,P19_DOC_B,38,D4_derived,D4_derived.html,5,left,right,3,text-enrichment-reader-round2-n30-v1:participant:4:documents:set:3:rotation:26,,,n30-round2-three-versions-v1,2026-09-04-r2-v1
n30-round2-three-versions-v1-slot-04,,4,3,28,104,P16_DOC_B,32,D2_derived,D2_derived.html,2,left,right,3,text-enrichment-reader-round2-n30-v1:participant:4:documents:set:3:rotation:26,,,n30-round2-three-versions-v1,2026-09-04-r2-v1
n30-round2-three-versions-v1-slot-04,,4,3,29,105,P7_DOC_A,13,D5_maximal,D5_maximal.html,6,right,left,3,text-enrichment-reader-round2-n30-v1:participant:4:documents:set:3:rotation:26,,,n30-round2-three-versions-v1,2026-09-04-r2-v1
n30-round2-three-versions-v1-slot-04,,4,3,30,106,P7_DOC_B,14,D4_derived,D4_derived.html,5,right,left,3,text-enrichment-reader-round2-n30-v1:participant:4:documents:set:3:rotation:26,,,n30-round2-three-versions-v1,2026-09-04-r2-v1
n30-round2-three-versions-v1-slot-04,,4,3,31,107,P14_DOC_A,27,D1_derived,D1_derived.html,1,left,right,3,text-enrichment-reader-round2-n30-v1:participant:4:documents:set:3:rotation:26,,,n30-round2-three-versions-v1,2026-09-04-r2-v1
n30-round2-three-versions-v1-slot-04,,4,3,32,108,P11_DOC_A,21,D3_derived,D3_derived.html,4,left,right,3,text-enrichment-reader-round2-n30-v1:participant:4:documents:set:3:rotation:26,,,n30-round2-three-versions-v1,2026-09-04-r2-v1
n30-round2-three-versions-v1-slot-04,,4,3,33,109,P6_DOC_B,12,D3_derived,D3_derived.html,4,right,left,3,text-enrichment-reader-round2-n30-v1:participant:4:documents:set:3:rotation:26,,,n30-round2-three-versions-v1,2026-09-04-r2-v1
n30-round2-three-versions-v1-slot-04,,4,3,34,110,P10_DOC_B,20,D2_derived,D2_derived.html,2,left,right,3,text-enrichment-reader-round2-n30-v1:participant:4:documents:set:3:rotation:26,,,n30-round2-three-versions-v1,2026-09-04-r2-v1
n30-round2-three-versions-v1-slot-04,,4,3,35,111,P8_DOC_A,15,D1_derived,D1_derived.html,1,right,left,3,text-enrichment-reader-round2-n30-v1:participant:4:documents:set:3:rotation:26,,,n30-round2-three-versions-v1,2026-09-04-r2-v1
n30-round2-three-versions-v1-slot-04,,4,3,36,112,P2_DOC_A,3,D1_derived,D1_derived.html,1,right,left,3,text-enrichment-reader-round2-n30-v1:participant:4:documents:set:3:rotation:26,,,n30-round2-three-versions-v1,2026-09-04-r2-v1
n30-round2-three-versions-v1-slot-04,,4,3,37,113,P2_DOC_B,4,D5_maximal,D5_maximal.html,6,right,left,3,text-enrichment-reader-round2-n30-v1:participant:4:documents:set:3:rotation:26,,,n30-round2-three-versions-v1,2026-09-04-r2-v1
n30-round2-three-versions-v1-slot-04,,4,3,38,114,P19_DOC_A,37,D5_maximal,D5_maximal.html,6,left,right,3,text-enrichment-reader-round2-n30-v1:participant:4:documents:set:3:rotation:26,,,n30-round2-three-versions-v1,2026-09-04-r2-v1
n30-round2-three-versions-v1-slot-05,,5,1,1,1,P4_DOC_B,8,D4_derived,D4_derived.html,5,right,left,1,text-enrichment-reader-round2-n30-v1:participant:5:documents:set:1:rotation:0,,,n30-round2-three-versions-v1,2026-09-04-r2-v1
n30-round2-three-versions-v1-slot-05,,5,1,2,2,P3_DOC_B,6,D3_derived,D3_derived.html,4,right,left,1,text-enrichment-reader-round2-n30-v1:participant:5:documents:set:1:rotation:0,,,n30-round2-three-versions-v1,2026-09-04-r2-v1
n30-round2-three-versions-v1-slot-05,,5,1,3,3,P7_DOC_A,13,D1_derived,D1_derived.html,1,right,left,1,text-enrichment-reader-round2-n30-v1:participant:5:documents:set:1:rotation:0,,,n30-round2-three-versions-v1,2026-09-04-r2-v1
n30-round2-three-versions-v1-slot-05,,5,1,4,4,P5_DOC_A,9,D4_derived,D4_derived.html,5,right,left,1,text-enrichment-reader-round2-n30-v1:participant:5:documents:set:1:rotation:0,,,n30-round2-three-versions-v1,2026-09-04-r2-v1
n30-round2-three-versions-v1-slot-05,,5,1,5,5,P8_DOC_B,16,W_writer_optimal,W_writer_optimal.html,3,right,left,1,text-enrichment-reader-round2-n30-v1:participant:5:documents:set:1:rotation:0,,,n30-round2-three-versions-v1,2026-09-04-r2-v1
n30-round2-three-versions-v1-slot-05,,5,1,6,6,P3_DOC_A,5,W_writer_optimal,W_writer_optimal.html,3,right,left,1,text-enrichment-reader-round2-n30-v1:participant:5:documents:set:1:rotation:0,,,n30-round2-three-versions-v1,2026-09-04-r2-v1
n30-round2-three-versions-v1-slot-05,,5,1,7,7,P15_DOC_B,30,D3_derived,D3_derived.html,4,left,right,1,text-enrichment-reader-round2-n30-v1:participant:5:documents:set:1:rotation:0,,,n30-round2-three-versions-v1,2026-09-04-r2-v1
n30-round2-three-versions-v1-slot-05,,5,1,8,8,P9_DOC_A,17,W_writer_optimal,W_writer_optimal.html,3,right,left,1,text-enrichment-reader-round2-n30-v1:participant:5:documents:set:1:rotation:0,,,n30-round2-three-versions-v1,2026-09-04-r2-v1
n30-round2-three-versions-v1-slot-05,,5,1,9,9,P2_DOC_A,3,D2_derived,D2_derived.html,2,left,right,1,text-enrichment-reader-round2-n30-v1:participant:5:documents:set:1:rotation:0,,,n30-round2-three-versions-v1,2026-09-04-r2-v1
n30-round2-three-versions-v1-slot-05,,5,1,10,10,P5_DOC_B,10,D5_maximal,D5_maximal.html,6,right,left,1,text-enrichment-reader-round2-n30-v1:participant:5:documents:set:1:rotation:0,,,n30-round2-three-versions-v1,2026-09-04-r2-v1
n30-round2-three-versions-v1-slot-05,,5,1,11,11,P15_DOC_A,29,W_writer_optimal,W_writer_optimal.html,3,left,right,1,text-enrichment-reader-round2-n30-v1:participant:5:documents:set:1:rotation:0,,,n30-round2-three-versions-v1,2026-09-04-r2-v1
n30-round2-three-versions-v1-slot-05,,5,1,12,12,P1_DOC_A,1,D1_derived,D1_derived.html,1,left,right,1,text-enrichment-reader-round2-n30-v1:participant:5:documents:set:1:rotation:0,,,n30-round2-three-versions-v1,2026-09-04-r2-v1
n30-round2-three-versions-v1-slot-05,,5,1,13,13,P9_DOC_B,18,D3_derived,D3_derived.html,4,right,left,1,text-enrichment-reader-round2-n30-v1:participant:5:documents:set:1:rotation:0,,,n30-round2-three-versions-v1,2026-09-04-r2-v1
n30-round2-three-versions-v1-slot-05,,5,1,14,14,P14_DOC_B,28,W_writer_optimal,W_writer_optimal.html,3,right,left,1,text-enrichment-reader-round2-n30-v1:participant:5:documents:set:1:rotation:0,,,n30-round2-three-versions-v1,2026-09-04-r2-v1
n30-round2-three-versions-v1-slot-05,,5,1,15,15,P11_DOC_B,22,D5_maximal,D5_maximal.html,6,left,right,1,text-enrichment-reader-round2-n30-v1:participant:5:documents:set:1:rotation:0,,,n30-round2-three-versions-v1,2026-09-04-r2-v1
n30-round2-three-versions-v1-slot-05,,5,1,16,16,P7_DOC_B,14,D2_derived,D2_derived.html,2,right,left,1,text-enrichment-reader-round2-n30-v1:participant:5:documents:set:1:rotation:0,,,n30-round2-three-versions-v1,2026-09-04-r2-v1
n30-round2-three-versions-v1-slot-05,,5,1,17,17,P6_DOC_B,12,D1_derived,D1_derived.html,1,right,left,1,text-enrichment-reader-round2-n30-v1:participant:5:documents:set:1:rotation:0,,,n30-round2-three-versions-v1,2026-09-04-r2-v1
n30-round2-three-versions-v1-slot-05,,5,1,18,18,P16_DOC_A,31,D3_derived,D3_derived.html,4,left,right,1,text-enrichment-reader-round2-n30-v1:participant:5:documents:set:1:rotation:0,,,n30-round2-three-versions-v1,2026-09-04-r2-v1
n30-round2-three-versions-v1-slot-05,,5,1,19,19,P16_DOC_B,32,D4_derived,D4_derived.html,5,left,right,1,text-enrichment-reader-round2-n30-v1:participant:5:documents:set:1:rotation:0,,,n30-round2-three-versions-v1,2026-09-04-r2-v1
n30-round2-three-versions-v1-slot-05,,5,1,20,20,P13_DOC_B,26,D2_derived,D2_derived.html,2,left,right,1,text-enrichment-reader-round2-n30-v1:participant:5:documents:set:1:rotation:0,,,n30-round2-three-versions-v1,2026-09-04-r2-v1
n30-round2-three-versions-v1-slot-05,,5,1,21,21,P12_DOC_B,24,D1_derived,D1_derived.html,1,right,left,1,text-enrichment-reader-round2-n30-v1:participant:5:documents:set:1:rotation:0,,,n30-round2-three-versions-v1,2026-09-04-r2-v1
n30-round2-three-versions-v1-slot-05,,5,1,22,22,P18_DOC_B,36,D1_derived,D1_derived.html,1,left,right,1,text-enrichment-reader-round2-n30-v1:participant:5:documents:set:1:rotation:0,,,n30-round2-three-versions-v1,2026-09-04-r2-v1
n30-round2-three-versions-v1-slot-05,,5,1,23,23,P4_DOC_A,7,D3_derived,D3_derived.html,4,right,left,1,text-enrichment-reader-round2-n30-v1:participant:5:documents:set:1:rotation:0,,,n30-round2-three-versions-v1,2026-09-04-r2-v1
n30-round2-three-versions-v1-slot-05,,5,1,24,24,P10_DOC_A,19,D3_derived,D3_derived.html,4,right,left,1,text-enrichment-reader-round2-n30-v1:participant:5:documents:set:1:rotation:0,,,n30-round2-three-versions-v1,2026-09-04-r2-v1
n30-round2-three-versions-v1-slot-05,,5,1,25,25,P11_DOC_A,21,D4_derived,D4_derived.html,5,left,right,1,text-enrichment-reader-round2-n30-v1:participant:5:documents:set:1:rotation:0,,,n30-round2-three-versions-v1,2026-09-04-r2-v1
n30-round2-three-versions-v1-slot-05,,5,1,26,26,P19_DOC_B,38,D2_derived,D2_derived.html,2,left,right,1,text-enrichment-reader-round2-n30-v1:participant:5:documents:set:1:rotation:0,,,n30-round2-three-versions-v1,2026-09-04-r2-v1
n30-round2-three-versions-v1-slot-05,,5,1,27,27,P6_DOC_A,11,D5_maximal,D5_maximal.html,6,right,left,1,text-enrichment-reader-round2-n30-v1:participant:5:documents:set:1:rotation:0,,,n30-round2-three-versions-v1,2026-09-04-r2-v1
n30-round2-three-versions-v1-slot-05,,5,1,28,28,P19_DOC_A,37,D1_derived,D1_derived.html,1,left,right,1,text-enrichment-reader-round2-n30-v1:participant:5:documents:set:1:rotation:0,,,n30-round2-three-versions-v1,2026-09-04-r2-v1
n30-round2-three-versions-v1-slot-05,,5,1,29,29,P17_DOC_A,33,D4_derived,D4_derived.html,5,left,right,1,text-enrichment-reader-round2-n30-v1:participant:5:documents:set:1:rotation:0,,,n30-round2-three-versions-v1,2026-09-04-r2-v1
n30-round2-three-versions-v1-slot-05,,5,1,30,30,P1_DOC_B,2,D2_derived,D2_derived.html,2,left,right,1,text-enrichment-reader-round2-n30-v1:participant:5:documents:set:1:rotation:0,,,n30-round2-three-versions-v1,2026-09-04-r2-v1
n30-round2-three-versions-v1-slot-05,,5,1,31,31,P8_DOC_A,15,D2_derived,D2_derived.html,2,right,left,1,text-enrichment-reader-round2-n30-v1:participant:5:documents:set:1:rotation:0,,,n30-round2-three-versions-v1,2026-09-04-r2-v1
n30-round2-three-versions-v1-slot-05,,5,1,32,32,P18_DOC_A,35,D5_maximal,D5_maximal.html,6,left,right,1,text-enrichment-reader-round2-n30-v1:participant:5:documents:set:1:rotation:0,,,n30-round2-three-versions-v1,2026-09-04-r2-v1
n30-round2-three-versions-v1-slot-05,,5,1,33,33,P14_DOC_A,27,D2_derived,D2_derived.html,2,left,right,1,text-enrichment-reader-round2-n30-v1:participant:5:documents:set:1:rotation:0,,,n30-round2-three-versions-v1,2026-09-04-r2-v1
n30-round2-three-versions-v1-slot-05,,5,1,34,34,P2_DOC_B,4,W_writer_optimal,W_writer_optimal.html,3,left,right,1,text-enrichment-reader-round2-n30-v1:participant:5:documents:set:1:rotation:0,,,n30-round2-three-versions-v1,2026-09-04-r2-v1
n30-round2-three-versions-v1-slot-05,,5,1,35,35,P10_DOC_B,20,D4_derived,D4_derived.html,5,right,left,1,text-enrichment-reader-round2-n30-v1:participant:5:documents:set:1:rotation:0,,,n30-round2-three-versions-v1,2026-09-04-r2-v1
n30-round2-three-versions-v1-slot-05,,5,1,36,36,P17_DOC_B,34,D5_maximal,D5_maximal.html,6,left,right,1,text-enrichment-reader-round2-n30-v1:participant:5:documents:set:1:rotation:0,,,n30-round2-three-versions-v1,2026-09-04-r2-v1
n30-round2-three-versions-v1-slot-05,,5,1,37,37,P12_DOC_A,23,D5_maximal,D5_maximal.html,6,right,left,1,text-enrichment-reader-round2-n30-v1:participant:5:documents:set:1:rotation:0,,,n30-round2-three-versions-v1,2026-09-04-r2-v1
n30-round2-three-versions-v1-slot-05,,5,1,38,38,P13_DOC_A,25,D1_derived,D1_derived.html,1,left,right,1,text-enrichment-reader-round2-n30-v1:participant:5:documents:set:1:rotation:0,,,n30-round2-three-versions-v1,2026-09-04-r2-v1
n30-round2-three-versions-v1-slot-05,,5,2,1,39,P14_DOC_B,28,D3_derived,D3_derived.html,4,left,right,2,text-enrichment-reader-round2-n30-v1:participant:5:documents:set:2:rotation:13,,,n30-round2-three-versions-v1,2026-09-04-r2-v1
n30-round2-three-versions-v1-slot-05,,5,2,2,40,P11_DOC_B,22,D1_derived,D1_derived.html,1,right,left,2,text-enrichment-reader-round2-n30-v1:participant:5:documents:set:2:rotation:13,,,n30-round2-three-versions-v1,2026-09-04-r2-v1
n30-round2-three-versions-v1-slot-05,,5,2,3,41,P7_DOC_B,14,W_writer_optimal,W_writer_optimal.html,3,right,left,2,text-enrichment-reader-round2-n30-v1:participant:5:documents:set:2:rotation:13,,,n30-round2-three-versions-v1,2026-09-04-r2-v1
n30-round2-three-versions-v1-slot-05,,5,2,4,42,P6_DOC_B,12,D2_derived,D2_derived.html,2,right,left,2,text-enrichment-reader-round2-n30-v1:participant:5:documents:set:2:rotation:13,,,n30-round2-three-versions-v1,2026-09-04-r2-v1
n30-round2-three-versions-v1-slot-05,,5,2,5,43,P16_DOC_A,31,D2_derived,D2_derived.html,2,left,right,2,text-enrichment-reader-round2-n30-v1:participant:5:documents:set:2:rotation:13,,,n30-round2-three-versions-v1,2026-09-04-r2-v1
n30-round2-three-versions-v1-slot-05,,5,2,6,44,P16_DOC_B,32,D5_maximal,D5_maximal.html,6,left,right,2,text-enrichment-reader-round2-n30-v1:participant:5:documents:set:2:rotation:13,,,n30-round2-three-versions-v1,2026-09-04-r2-v1
n30-round2-three-versions-v1-slot-05,,5,2,7,45,P13_DOC_B,26,W_writer_optimal,W_writer_optimal.html,3,left,right,2,text-enrichment-reader-round2-n30-v1:participant:5:documents:set:2:rotation:13,,,n30-round2-three-versions-v1,2026-09-04-r2-v1
n30-round2-three-versions-v1-slot-05,,5,2,8,46,P12_DOC_B,24,D2_derived,D2_derived.html,2,left,right,2,text-enrichment-reader-round2-n30-v1:participant:5:documents:set:2:rotation:13,,,n30-round2-three-versions-v1,2026-09-04-r2-v1
n30-round2-three-versions-v1-slot-05,,5,2,9,47,P18_DOC_B,36,D2_derived,D2_derived.html,2,left,right,2,text-enrichment-reader-round2-n30-v1:participant:5:documents:set:2:rotation:13,,,n30-round2-three-versions-v1,2026-09-04-r2-v1
n30-round2-three-versions-v1-slot-05,,5,2,10,48,P4_DOC_A,7,D2_derived,D2_derived.html,2,right,left,2,text-enrichment-reader-round2-n30-v1:participant:5:documents:set:2:rotation:13,,,n30-round2-three-versions-v1,2026-09-04-r2-v1
n30-round2-three-versions-v1-slot-05,,5,2,11,49,P10_DOC_A,19,D2_derived,D2_derived.html,2,right,left,2,text-enrichment-reader-round2-n30-v1:participant:5:documents:set:2:rotation:13,,,n30-round2-three-versions-v1,2026-09-04-r2-v1
n30-round2-three-versions-v1-slot-05,,5,2,12,50,P11_DOC_A,21,W_writer_optimal,W_writer_optimal.html,3,left,right,2,text-enrichment-reader-round2-n30-v1:participant:5:documents:set:2:rotation:13,,,n30-round2-three-versions-v1,2026-09-04-r2-v1
n30-round2-three-versions-v1-slot-05,,5,2,13,51,P19_DOC_B,38,W_writer_optimal,W_writer_optimal.html,3,left,right,2,text-enrichment-reader-round2-n30-v1:participant:5:documents:set:2:rotation:13,,,n30-round2-three-versions-v1,2026-09-04-r2-v1
n30-round2-three-versions-v1-slot-05,,5,2,14,52,P6_DOC_A,11,D3_derived,D3_derived.html,4,right,left,2,text-enrichment-reader-round2-n30-v1:participant:5:documents:set:2:rotation:13,,,n30-round2-three-versions-v1,2026-09-04-r2-v1
n30-round2-three-versions-v1-slot-05,,5,2,15,53,P19_DOC_A,37,D4_derived,D4_derived.html,5,left,right,2,text-enrichment-reader-round2-n30-v1:participant:5:documents:set:2:rotation:13,,,n30-round2-three-versions-v1,2026-09-04-r2-v1
n30-round2-three-versions-v1-slot-05,,5,2,16,54,P17_DOC_A,33,W_writer_optimal,W_writer_optimal.html,3,left,right,2,text-enrichment-reader-round2-n30-v1:participant:5:documents:set:2:rotation:13,,,n30-round2-three-versions-v1,2026-09-04-r2-v1
n30-round2-three-versions-v1-slot-05,,5,2,17,55,P1_DOC_B,2,W_writer_optimal,W_writer_optimal.html,3,right,left,2,text-enrichment-reader-round2-n30-v1:participant:5:documents:set:2:rotation:13,,,n30-round2-three-versions-v1,2026-09-04-r2-v1
n30-round2-three-versions-v1-slot-05,,5,2,18,56,P8_DOC_A,15,D5_maximal,D5_maximal.html,6,right,left,2,text-enrichment-reader-round2-n30-v1:participant:5:documents:set:2:rotation:13,,,n30-round2-three-versions-v1,2026-09-04-r2-v1
n30-round2-three-versions-v1-slot-05,,5,2,19,57,P18_DOC_A,35,D3_derived,D3_derived.html,4,left,right,2,text-enrichment-reader-round2-n30-v1:participant:5:documents:set:2:rotation:13,,,n30-round2-three-versions-v1,2026-09-04-r2-v1
n30-round2-three-versions-v1-slot-05,,5,2,20,58,P14_DOC_A,27,D5_maximal,D5_maximal.html,6,left,right,2,text-enrichment-reader-round2-n30-v1:participant:5:documents:set:2:rotation:13,,,n30-round2-three-versions-v1,2026-09-04-r2-v1
n30-round2-three-versions-v1-slot-05,,5,2,21,59,P2_DOC_B,4,D3_derived,D3_derived.html,4,right,left,2,text-enrichment-reader-round2-n30-v1:participant:5:documents:set:2:rotation:13,,,n30-round2-three-versions-v1,2026-09-04-r2-v1
n30-round2-three-versions-v1-slot-05,,5,2,22,60,P10_DOC_B,20,D5_maximal,D5_maximal.html,6,left,right,2,text-enrichment-reader-round2-n30-v1:participant:5:documents:set:2:rotation:13,,,n30-round2-three-versions-v1,2026-09-04-r2-v1
n30-round2-three-versions-v1-slot-05,,5,2,23,61,P17_DOC_B,34,D1_derived,D1_derived.html,1,left,right,2,text-enrichment-reader-round2-n30-v1:participant:5:documents:set:2:rotation:13,,,n30-round2-three-versions-v1,2026-09-04-r2-v1
n30-round2-three-versions-v1-slot-05,,5,2,24,62,P12_DOC_A,23,D3_derived,D3_derived.html,4,left,right,2,text-enrichment-reader-round2-n30-v1:participant:5:documents:set:2:rotation:13,,,n30-round2-three-versions-v1,2026-09-04-r2-v1
n30-round2-three-versions-v1-slot-05,,5,2,25,63,P13_DOC_A,25,D4_derived,D4_derived.html,5,left,right,2,text-enrichment-reader-round2-n30-v1:participant:5:documents:set:2:rotation:13,,,n30-round2-three-versions-v1,2026-09-04-r2-v1
n30-round2-three-versions-v1-slot-05,,5,2,26,64,P4_DOC_B,8,D5_maximal,D5_maximal.html,6,right,left,2,text-enrichment-reader-round2-n30-v1:participant:5:documents:set:2:rotation:13,,,n30-round2-three-versions-v1,2026-09-04-r2-v1
n30-round2-three-versions-v1-slot-05,,5,2,27,65,P3_DOC_B,6,D4_derived,D4_derived.html,5,right,left,2,text-enrichment-reader-round2-n30-v1:participant:5:documents:set:2:rotation:13,,,n30-round2-three-versions-v1,2026-09-04-r2-v1
n30-round2-three-versions-v1-slot-05,,5,2,28,66,P7_DOC_A,13,D4_derived,D4_derived.html,5,right,left,2,text-enrichment-reader-round2-n30-v1:participant:5:documents:set:2:rotation:13,,,n30-round2-three-versions-v1,2026-09-04-r2-v1
n30-round2-three-versions-v1-slot-05,,5,2,29,67,P5_DOC_A,9,W_writer_optimal,W_writer_optimal.html,3,right,left,2,text-enrichment-reader-round2-n30-v1:participant:5:documents:set:2:rotation:13,,,n30-round2-three-versions-v1,2026-09-04-r2-v1
n30-round2-three-versions-v1-slot-05,,5,2,30,68,P8_DOC_B,16,D3_derived,D3_derived.html,4,right,left,2,text-enrichment-reader-round2-n30-v1:participant:5:documents:set:2:rotation:13,,,n30-round2-three-versions-v1,2026-09-04-r2-v1
n30-round2-three-versions-v1-slot-05,,5,2,31,69,P3_DOC_A,5,D1_derived,D1_derived.html,1,right,left,2,text-enrichment-reader-round2-n30-v1:participant:5:documents:set:2:rotation:13,,,n30-round2-three-versions-v1,2026-09-04-r2-v1
n30-round2-three-versions-v1-slot-05,,5,2,32,70,P15_DOC_B,30,D4_derived,D4_derived.html,5,left,right,2,text-enrichment-reader-round2-n30-v1:participant:5:documents:set:2:rotation:13,,,n30-round2-three-versions-v1,2026-09-04-r2-v1
n30-round2-three-versions-v1-slot-05,,5,2,33,71,P9_DOC_A,17,D1_derived,D1_derived.html,1,right,left,2,text-enrichment-reader-round2-n30-v1:participant:5:documents:set:2:rotation:13,,,n30-round2-three-versions-v1,2026-09-04-r2-v1
n30-round2-three-versions-v1-slot-05,,5,2,34,72,P2_DOC_A,3,D5_maximal,D5_maximal.html,6,right,left,2,text-enrichment-reader-round2-n30-v1:participant:5:documents:set:2:rotation:13,,,n30-round2-three-versions-v1,2026-09-04-r2-v1
n30-round2-three-versions-v1-slot-05,,5,2,35,73,P5_DOC_B,10,D1_derived,D1_derived.html,1,right,left,2,text-enrichment-reader-round2-n30-v1:participant:5:documents:set:2:rotation:13,,,n30-round2-three-versions-v1,2026-09-04-r2-v1
n30-round2-three-versions-v1-slot-05,,5,2,36,74,P15_DOC_A,29,D1_derived,D1_derived.html,1,left,right,2,text-enrichment-reader-round2-n30-v1:participant:5:documents:set:2:rotation:13,,,n30-round2-three-versions-v1,2026-09-04-r2-v1
n30-round2-three-versions-v1-slot-05,,5,2,37,75,P1_DOC_A,1,D4_derived,D4_derived.html,5,left,right,2,text-enrichment-reader-round2-n30-v1:participant:5:documents:set:2:rotation:13,,,n30-round2-three-versions-v1,2026-09-04-r2-v1
n30-round2-three-versions-v1-slot-05,,5,2,38,76,P9_DOC_B,18,D4_derived,D4_derived.html,5,right,left,2,text-enrichment-reader-round2-n30-v1:participant:5:documents:set:2:rotation:13,,,n30-round2-three-versions-v1,2026-09-04-r2-v1
n30-round2-three-versions-v1-slot-05,,5,3,1,77,P6_DOC_A,11,D4_derived,D4_derived.html,5,right,left,3,text-enrichment-reader-round2-n30-v1:participant:5:documents:set:3:rotation:26,,,n30-round2-three-versions-v1,2026-09-04-r2-v1
n30-round2-three-versions-v1-slot-05,,5,3,2,78,P19_DOC_A,37,D5_maximal,D5_maximal.html,6,left,right,3,text-enrichment-reader-round2-n30-v1:participant:5:documents:set:3:rotation:26,,,n30-round2-three-versions-v1,2026-09-04-r2-v1
n30-round2-three-versions-v1-slot-05,,5,3,3,79,P17_DOC_A,33,D3_derived,D3_derived.html,4,left,right,3,text-enrichment-reader-round2-n30-v1:participant:5:documents:set:3:rotation:26,,,n30-round2-three-versions-v1,2026-09-04-r2-v1
n30-round2-three-versions-v1-slot-05,,5,3,4,80,P1_DOC_B,2,D3_derived,D3_derived.html,4,right,left,3,text-enrichment-reader-round2-n30-v1:participant:5:documents:set:3:rotation:26,,,n30-round2-three-versions-v1,2026-09-04-r2-v1
n30-round2-three-versions-v1-slot-05,,5,3,5,81,P8_DOC_A,15,D1_derived,D1_derived.html,1,right,left,3,text-enrichment-reader-round2-n30-v1:participant:5:documents:set:3:rotation:26,,,n30-round2-three-versions-v1,2026-09-04-r2-v1
n30-round2-three-versions-v1-slot-05,,5,3,6,82,P18_DOC_A,35,D4_derived,D4_derived.html,5,left,right,3,text-enrichment-reader-round2-n30-v1:participant:5:documents:set:3:rotation:26,,,n30-round2-three-versions-v1,2026-09-04-r2-v1
n30-round2-three-versions-v1-slot-05,,5,3,7,83,P14_DOC_A,27,D1_derived,D1_derived.html,1,left,right,3,text-enrichment-reader-round2-n30-v1:participant:5:documents:set:3:rotation:26,,,n30-round2-three-versions-v1,2026-09-04-r2-v1
n30-round2-three-versions-v1-slot-05,,5,3,8,84,P2_DOC_B,4,D4_derived,D4_derived.html,5,right,left,3,text-enrichment-reader-round2-n30-v1:participant:5:documents:set:3:rotation:26,,,n30-round2-three-versions-v1,2026-09-04-r2-v1
n30-round2-three-versions-v1-slot-05,,5,3,9,85,P10_DOC_B,20,D1_derived,D1_derived.html,1,left,right,3,text-enrichment-reader-round2-n30-v1:participant:5:documents:set:3:rotation:26,,,n30-round2-three-versions-v1,2026-09-04-r2-v1
n30-round2-three-versions-v1-slot-05,,5,3,10,86,P17_DOC_B,34,D2_derived,D2_derived.html,2,left,right,3,text-enrichment-reader-round2-n30-v1:participant:5:documents:set:3:rotation:26,,,n30-round2-three-versions-v1,2026-09-04-r2-v1
n30-round2-three-versions-v1-slot-05,,5,3,11,87,P12_DOC_A,23,D4_derived,D4_derived.html,5,left,right,3,text-enrichment-reader-round2-n30-v1:participant:5:documents:set:3:rotation:26,,,n30-round2-three-versions-v1,2026-09-04-r2-v1
n30-round2-three-versions-v1-slot-05,,5,3,12,88,P13_DOC_A,25,D5_maximal,D5_maximal.html,6,left,right,3,text-enrichment-reader-round2-n30-v1:participant:5:documents:set:3:rotation:26,,,n30-round2-three-versions-v1,2026-09-04-r2-v1
n30-round2-three-versions-v1-slot-05,,5,3,13,89,P4_DOC_B,8,D1_derived,D1_derived.html,1,right,left,3,text-enrichment-reader-round2-n30-v1:participant:5:documents:set:3:rotation:26,,,n30-round2-three-versions-v1,2026-09-04-r2-v1
n30-round2-three-versions-v1-slot-05,,5,3,14,90,P3_DOC_B,6,D5_maximal,D5_maximal.html,6,right,left,3,text-enrichment-reader-round2-n30-v1:participant:5:documents:set:3:rotation:26,,,n30-round2-three-versions-v1,2026-09-04-r2-v1
n30-round2-three-versions-v1-slot-05,,5,3,15,91,P7_DOC_A,13,D5_maximal,D5_maximal.html,6,right,left,3,text-enrichment-reader-round2-n30-v1:participant:5:documents:set:3:rotation:26,,,n30-round2-three-versions-v1,2026-09-04-r2-v1
n30-round2-three-versions-v1-slot-05,,5,3,16,92,P5_DOC_A,9,D3_derived,D3_derived.html,4,right,left,3,text-enrichment-reader-round2-n30-v1:participant:5:documents:set:3:rotation:26,,,n30-round2-three-versions-v1,2026-09-04-r2-v1
n30-round2-three-versions-v1-slot-05,,5,3,17,93,P8_DOC_B,16,D4_derived,D4_derived.html,5,right,left,3,text-enrichment-reader-round2-n30-v1:participant:5:documents:set:3:rotation:26,,,n30-round2-three-versions-v1,2026-09-04-r2-v1
n30-round2-three-versions-v1-slot-05,,5,3,18,94,P3_DOC_A,5,D2_derived,D2_derived.html,2,right,left,3,text-enrichment-reader-round2-n30-v1:participant:5:documents:set:3:rotation:26,,,n30-round2-three-versions-v1,2026-09-04-r2-v1
n30-round2-three-versions-v1-slot-05,,5,3,19,95,P15_DOC_B,30,D5_maximal,D5_maximal.html,6,left,right,3,text-enrichment-reader-round2-n30-v1:participant:5:documents:set:3:rotation:26,,,n30-round2-three-versions-v1,2026-09-04-r2-v1
n30-round2-three-versions-v1-slot-05,,5,3,20,96,P9_DOC_A,17,D2_derived,D2_derived.html,2,right,left,3,text-enrichment-reader-round2-n30-v1:participant:5:documents:set:3:rotation:26,,,n30-round2-three-versions-v1,2026-09-04-r2-v1
n30-round2-three-versions-v1-slot-05,,5,3,21,97,P2_DOC_A,3,D1_derived,D1_derived.html,1,right,left,3,text-enrichment-reader-round2-n30-v1:participant:5:documents:set:3:rotation:26,,,n30-round2-three-versions-v1,2026-09-04-r2-v1
n30-round2-three-versions-v1-slot-05,,5,3,22,98,P5_DOC_B,10,D2_derived,D2_derived.html,2,right,left,3,text-enrichment-reader-round2-n30-v1:participant:5:documents:set:3:rotation:26,,,n30-round2-three-versions-v1,2026-09-04-r2-v1
n30-round2-three-versions-v1-slot-05,,5,3,23,99,P15_DOC_A,29,D2_derived,D2_derived.html,2,left,right,3,text-enrichment-reader-round2-n30-v1:participant:5:documents:set:3:rotation:26,,,n30-round2-three-versions-v1,2026-09-04-r2-v1
n30-round2-three-versions-v1-slot-05,,5,3,24,100,P1_DOC_A,1,D5_maximal,D5_maximal.html,6,right,left,3,text-enrichment-reader-round2-n30-v1:participant:5:documents:set:3:rotation:26,,,n30-round2-three-versions-v1,2026-09-04-r2-v1
n30-round2-three-versions-v1-slot-05,,5,3,25,101,P9_DOC_B,18,D5_maximal,D5_maximal.html,6,right,left,3,text-enrichment-reader-round2-n30-v1:participant:5:documents:set:3:rotation:26,,,n30-round2-three-versions-v1,2026-09-04-r2-v1
n30-round2-three-versions-v1-slot-05,,5,3,26,102,P14_DOC_B,28,D4_derived,D4_derived.html,5,left,right,3,text-enrichment-reader-round2-n30-v1:participant:5:documents:set:3:rotation:26,,,n30-round2-three-versions-v1,2026-09-04-r2-v1
n30-round2-three-versions-v1-slot-05,,5,3,27,103,P11_DOC_B,22,D2_derived,D2_derived.html,2,left,right,3,text-enrichment-reader-round2-n30-v1:participant:5:documents:set:3:rotation:26,,,n30-round2-three-versions-v1,2026-09-04-r2-v1
n30-round2-three-versions-v1-slot-05,,5,3,28,104,P7_DOC_B,14,D3_derived,D3_derived.html,4,right,left,3,text-enrichment-reader-round2-n30-v1:participant:5:documents:set:3:rotation:26,,,n30-round2-three-versions-v1,2026-09-04-r2-v1
n30-round2-three-versions-v1-slot-05,,5,3,29,105,P6_DOC_B,12,W_writer_optimal,W_writer_optimal.html,3,right,left,3,text-enrichment-reader-round2-n30-v1:participant:5:documents:set:3:rotation:26,,,n30-round2-three-versions-v1,2026-09-04-r2-v1
n30-round2-three-versions-v1-slot-05,,5,3,30,106,P16_DOC_A,31,W_writer_optimal,W_writer_optimal.html,3,left,right,3,text-enrichment-reader-round2-n30-v1:participant:5:documents:set:3:rotation:26,,,n30-round2-three-versions-v1,2026-09-04-r2-v1
n30-round2-three-versions-v1-slot-05,,5,3,31,107,P16_DOC_B,32,D1_derived,D1_derived.html,1,left,right,3,text-enrichment-reader-round2-n30-v1:participant:5:documents:set:3:rotation:26,,,n30-round2-three-versions-v1,2026-09-04-r2-v1
n30-round2-three-versions-v1-slot-05,,5,3,32,108,P13_DOC_B,26,D3_derived,D3_derived.html,4,left,right,3,text-enrichment-reader-round2-n30-v1:participant:5:documents:set:3:rotation:26,,,n30-round2-three-versions-v1,2026-09-04-r2-v1
n30-round2-three-versions-v1-slot-05,,5,3,33,109,P12_DOC_B,24,W_writer_optimal,W_writer_optimal.html,3,left,right,3,text-enrichment-reader-round2-n30-v1:participant:5:documents:set:3:rotation:26,,,n30-round2-three-versions-v1,2026-09-04-r2-v1
n30-round2-three-versions-v1-slot-05,,5,3,34,110,P18_DOC_B,36,W_writer_optimal,W_writer_optimal.html,3,left,right,3,text-enrichment-reader-round2-n30-v1:participant:5:documents:set:3:rotation:26,,,n30-round2-three-versions-v1,2026-09-04-r2-v1
n30-round2-three-versions-v1-slot-05,,5,3,35,111,P4_DOC_A,7,W_writer_optimal,W_writer_optimal.html,3,right,left,3,text-enrichment-reader-round2-n30-v1:participant:5:documents:set:3:rotation:26,,,n30-round2-three-versions-v1,2026-09-04-r2-v1
n30-round2-three-versions-v1-slot-05,,5,3,36,112,P10_DOC_A,19,W_writer_optimal,W_writer_optimal.html,3,right,left,3,text-enrichment-reader-round2-n30-v1:participant:5:documents:set:3:rotation:26,,,n30-round2-three-versions-v1,2026-09-04-r2-v1
n30-round2-three-versions-v1-slot-05,,5,3,37,113,P11_DOC_A,21,D3_derived,D3_derived.html,4,left,right,3,text-enrichment-reader-round2-n30-v1:participant:5:documents:set:3:rotation:26,,,n30-round2-three-versions-v1,2026-09-04-r2-v1
n30-round2-three-versions-v1-slot-05,,5,3,38,114,P19_DOC_B,38,D3_derived,D3_derived.html,4,left,right,3,text-enrichment-reader-round2-n30-v1:participant:5:documents:set:3:rotation:26,,,n30-round2-three-versions-v1,2026-09-04-r2-v1
n30-round2-three-versions-v1-slot-06,,6,1,1,1,P8_DOC_A,15,W_writer_optimal,W_writer_optimal.html,3,right,left,1,text-enrichment-reader-round2-n30-v1:participant:6:documents:set:1:rotation:0,,,n30-round2-three-versions-v1,2026-09-04-r2-v1
n30-round2-three-versions-v1-slot-06,,6,1,2,2,P4_DOC_A,7,D4_derived,D4_derived.html,5,right,left,1,text-enrichment-reader-round2-n30-v1:participant:6:documents:set:1:rotation:0,,,n30-round2-three-versions-v1,2026-09-04-r2-v1
n30-round2-three-versions-v1-slot-06,,6,1,3,3,P7_DOC_B,14,D1_derived,D1_derived.html,1,right,left,1,text-enrichment-reader-round2-n30-v1:participant:6:documents:set:1:rotation:0,,,n30-round2-three-versions-v1,2026-09-04-r2-v1
n30-round2-three-versions-v1-slot-06,,6,1,4,4,P14_DOC_A,27,W_writer_optimal,W_writer_optimal.html,3,left,right,1,text-enrichment-reader-round2-n30-v1:participant:6:documents:set:1:rotation:0,,,n30-round2-three-versions-v1,2026-09-04-r2-v1
n30-round2-three-versions-v1-slot-06,,6,1,5,5,P3_DOC_A,5,D3_derived,D3_derived.html,4,right,left,1,text-enrichment-reader-round2-n30-v1:participant:6:documents:set:1:rotation:0,,,n30-round2-three-versions-v1,2026-09-04-r2-v1
n30-round2-three-versions-v1-slot-06,,6,1,6,6,P1_DOC_B,2,D1_derived,D1_derived.html,1,right,left,1,text-enrichment-reader-round2-n30-v1:participant:6:documents:set:1:rotation:0,,,n30-round2-three-versions-v1,2026-09-04-r2-v1
n30-round2-three-versions-v1-slot-06,,6,1,7,7,P3_DOC_B,6,W_writer_optimal,W_writer_optimal.html,3,right,left,1,text-enrichment-reader-round2-n30-v1:participant:6:documents:set:1:rotation:0,,,n30-round2-three-versions-v1,2026-09-04-r2-v1
n30-round2-three-versions-v1-slot-06,,6,1,8,8,P7_DOC_A,13,D2_derived,D2_derived.html,2,right,left,1,text-enrichment-reader-round2-n30-v1:participant:6:documents:set:1:rotation:0,,,n30-round2-three-versions-v1,2026-09-04-r2-v1
n30-round2-three-versions-v1-slot-06,,6,1,9,9,P2_DOC_A,3,W_writer_optimal,W_writer_optimal.html,3,right,left,1,text-enrichment-reader-round2-n30-v1:participant:6:documents:set:1:rotation:0,,,n30-round2-three-versions-v1,2026-09-04-r2-v1
n30-round2-three-versions-v1-slot-06,,6,1,10,10,P6_DOC_A,11,D1_derived,D1_derived.html,1,right,left,1,text-enrichment-reader-round2-n30-v1:participant:6:documents:set:1:rotation:0,,,n30-round2-three-versions-v1,2026-09-04-r2-v1
n30-round2-three-versions-v1-slot-06,,6,1,11,11,P9_DOC_B,18,W_writer_optimal,W_writer_optimal.html,3,right,left,1,text-enrichment-reader-round2-n30-v1:participant:6:documents:set:1:rotation:0,,,n30-round2-three-versions-v1,2026-09-04-r2-v1
n30-round2-three-versions-v1-slot-06,,6,1,12,12,P5_DOC_B,10,D4_derived,D4_derived.html,5,right,left,1,text-enrichment-reader-round2-n30-v1:participant:6:documents:set:1:rotation:0,,,n30-round2-three-versions-v1,2026-09-04-r2-v1
n30-round2-three-versions-v1-slot-06,,6,1,13,13,P17_DOC_A,33,D5_maximal,D5_maximal.html,6,left,right,1,text-enrichment-reader-round2-n30-v1:participant:6:documents:set:1:rotation:0,,,n30-round2-three-versions-v1,2026-09-04-r2-v1
n30-round2-three-versions-v1-slot-06,,6,1,14,14,P16_DOC_B,32,D3_derived,D3_derived.html,4,left,right,1,text-enrichment-reader-round2-n30-v1:participant:6:documents:set:1:rotation:0,,,n30-round2-three-versions-v1,2026-09-04-r2-v1
n30-round2-three-versions-v1-slot-06,,6,1,15,15,P13_DOC_A,25,D2_derived,D2_derived.html,2,left,right,1,text-enrichment-reader-round2-n30-v1:participant:6:documents:set:1:rotation:0,,,n30-round2-three-versions-v1,2026-09-04-r2-v1
n30-round2-three-versions-v1-slot-06,,6,1,16,16,P11_DOC_B,22,D4_derived,D4_derived.html,5,left,right,1,text-enrichment-reader-round2-n30-v1:participant:6:documents:set:1:rotation:0,,,n30-round2-three-versions-v1,2026-09-04-r2-v1
n30-round2-three-versions-v1-slot-06,,6,1,17,17,P17_DOC_B,34,D4_derived,D4_derived.html,5,left,right,1,text-enrichment-reader-round2-n30-v1:participant:6:documents:set:1:rotation:0,,,n30-round2-three-versions-v1,2026-09-04-r2-v1
n30-round2-three-versions-v1-slot-06,,6,1,18,18,P15_DOC_B,30,W_writer_optimal,W_writer_optimal.html,3,left,right,1,text-enrichment-reader-round2-n30-v1:participant:6:documents:set:1:rotation:0,,,n30-round2-three-versions-v1,2026-09-04-r2-v1
n30-round2-three-versions-v1-slot-06,,6,1,19,19,P19_DOC_B,38,D1_derived,D1_derived.html,1,left,right,1,text-enrichment-reader-round2-n30-v1:participant:6:documents:set:1:rotation:0,,,n30-round2-three-versions-v1,2026-09-04-r2-v1
n30-round2-three-versions-v1-slot-06,,6,1,20,20,P18_DOC_A,35,D1_derived,D1_derived.html,1,left,right,1,text-enrichment-reader-round2-n30-v1:participant:6:documents:set:1:rotation:0,,,n30-round2-three-versions-v1,2026-09-04-r2-v1
n30-round2-three-versions-v1-slot-06,,6,1,21,21,P19_DOC_A,37,D2_derived,D2_derived.html,2,left,right,1,text-enrichment-reader-round2-n30-v1:participant:6:documents:set:1:rotation:0,,,n30-round2-three-versions-v1,2026-09-04-r2-v1
n30-round2-three-versions-v1-slot-06,,6,1,22,22,P12_DOC_A,23,D1_derived,D1_derived.html,1,left,right,1,text-enrichment-reader-round2-n30-v1:participant:6:documents:set:1:rotation:0,,,n30-round2-three-versions-v1,2026-09-04-r2-v1
n30-round2-three-versions-v1-slot-06,,6,1,23,23,P15_DOC_A,29,D3_derived,D3_derived.html,4,left,right,1,text-enrichment-reader-round2-n30-v1:participant:6:documents:set:1:rotation:0,,,n30-round2-three-versions-v1,2026-09-04-r2-v1
n30-round2-three-versions-v1-slot-06,,6,1,24,24,P13_DOC_B,26,D1_derived,D1_derived.html,1,left,right,1,text-enrichment-reader-round2-n30-v1:participant:6:documents:set:1:rotation:0,,,n30-round2-three-versions-v1,2026-09-04-r2-v1
n30-round2-three-versions-v1-slot-06,,6,1,25,25,P10_DOC_A,19,D4_derived,D4_derived.html,5,right,left,1,text-enrichment-reader-round2-n30-v1:participant:6:documents:set:1:rotation:0,,,n30-round2-three-versions-v1,2026-09-04-r2-v1
n30-round2-three-versions-v1-slot-06,,6,1,26,26,P9_DOC_A,17,D3_derived,D3_derived.html,4,right,left,1,text-enrichment-reader-round2-n30-v1:participant:6:documents:set:1:rotation:0,,,n30-round2-three-versions-v1,2026-09-04-r2-v1
n30-round2-three-versions-v1-slot-06,,6,1,27,27,P2_DOC_B,4,D2_derived,D2_derived.html,2,right,left,1,text-enrichment-reader-round2-n30-v1:participant:6:documents:set:1:rotation:0,,,n30-round2-three-versions-v1,2026-09-04-r2-v1
n30-round2-three-versions-v1-slot-06,,6,1,28,28,P4_DOC_B,8,D3_derived,D3_derived.html,4,right,left,1,text-enrichment-reader-round2-n30-v1:participant:6:documents:set:1:rotation:0,,,n30-round2-three-versions-v1,2026-09-04-r2-v1
n30-round2-three-versions-v1-slot-06,,6,1,29,29,P11_DOC_A,21,D5_maximal,D5_maximal.html,6,left,right,1,text-enrichment-reader-round2-n30-v1:participant:6:documents:set:1:rotation:0,,,n30-round2-three-versions-v1,2026-09-04-r2-v1
n30-round2-three-versions-v1-slot-06,,6,1,30,30,P10_DOC_B,20,D3_derived,D3_derived.html,4,left,right,1,text-enrichment-reader-round2-n30-v1:participant:6:documents:set:1:rotation:0,,,n30-round2-three-versions-v1,2026-09-04-r2-v1
n30-round2-three-versions-v1-slot-06,,6,1,31,31,P18_DOC_B,36,D5_maximal,D5_maximal.html,6,left,right,1,text-enrichment-reader-round2-n30-v1:participant:6:documents:set:1:rotation:0,,,n30-round2-three-versions-v1,2026-09-04-r2-v1
n30-round2-three-versions-v1-slot-06,,6,1,32,32,P5_DOC_A,9,D5_maximal,D5_maximal.html,6,right,left,1,text-enrichment-reader-round2-n30-v1:participant:6:documents:set:1:rotation:0,,,n30-round2-three-versions-v1,2026-09-04-r2-v1
n30-round2-three-versions-v1-slot-06,,6,1,33,33,P8_DOC_B,16,D2_derived,D2_derived.html,2,right,left,1,text-enrichment-reader-round2-n30-v1:participant:6:documents:set:1:rotation:0,,,n30-round2-three-versions-v1,2026-09-04-r2-v1
n30-round2-three-versions-v1-slot-06,,6,1,34,34,P14_DOC_B,28,D2_derived,D2_derived.html,2,left,right,1,text-enrichment-reader-round2-n30-v1:participant:6:documents:set:1:rotation:0,,,n30-round2-three-versions-v1,2026-09-04-r2-v1
n30-round2-three-versions-v1-slot-06,,6,1,35,35,P16_DOC_A,31,D4_derived,D4_derived.html,5,left,right,1,text-enrichment-reader-round2-n30-v1:participant:6:documents:set:1:rotation:0,,,n30-round2-three-versions-v1,2026-09-04-r2-v1
n30-round2-three-versions-v1-slot-06,,6,1,36,36,P12_DOC_B,24,D5_maximal,D5_maximal.html,6,left,right,1,text-enrichment-reader-round2-n30-v1:participant:6:documents:set:1:rotation:0,,,n30-round2-three-versions-v1,2026-09-04-r2-v1
n30-round2-three-versions-v1-slot-06,,6,1,37,37,P1_DOC_A,1,D2_derived,D2_derived.html,2,right,left,1,text-enrichment-reader-round2-n30-v1:participant:6:documents:set:1:rotation:0,,,n30-round2-three-versions-v1,2026-09-04-r2-v1
n30-round2-three-versions-v1-slot-06,,6,1,38,38,P6_DOC_B,12,D5_maximal,D5_maximal.html,6,right,left,1,text-enrichment-reader-round2-n30-v1:participant:6:documents:set:1:rotation:0,,,n30-round2-three-versions-v1,2026-09-04-r2-v1
n30-round2-three-versions-v1-slot-06,,6,2,1,39,P16_DOC_B,32,D1_derived,D1_derived.html,1,left,right,2,text-enrichment-reader-round2-n30-v1:participant:6:documents:set:2:rotation:13,,,n30-round2-three-versions-v1,2026-09-04-r2-v1
n30-round2-three-versions-v1-slot-06,,6,2,2,40,P13_DOC_A,25,W_writer_optimal,W_writer_optimal.html,3,left,right,2,text-enrichment-reader-round2-n30-v1:participant:6:documents:set:2:rotation:13,,,n30-round2-three-versions-v1,2026-09-04-r2-v1
n30-round2-three-versions-v1-slot-06,,6,2,3,41,P11_DOC_B,22,D2_derived,D2_derived.html,2,left,right,2,text-enrichment-reader-round2-n30-v1:participant:6:documents:set:2:rotation:13,,,n30-round2-three-versions-v1,2026-09-04-r2-v1
n30-round2-three-versions-v1-slot-06,,6,2,4,42,P17_DOC_B,34,D2_derived,D2_derived.html,2,left,right,2,text-enrichment-reader-round2-n30-v1:participant:6:documents:set:2:rotation:13,,,n30-round2-three-versions-v1,2026-09-04-r2-v1
n30-round2-three-versions-v1-slot-06,,6,2,5,43,P15_DOC_B,30,D5_maximal,D5_maximal.html,6,left,right,2,text-enrichment-reader-round2-n30-v1:participant:6:documents:set:2:rotation:13,,,n30-round2-three-versions-v1,2026-09-04-r2-v1
n30-round2-three-versions-v1-slot-06,,6,2,6,44,P19_DOC_B,38,D3_derived,D3_derived.html,4,left,right,2,text-enrichment-reader-round2-n30-v1:participant:6:documents:set:2:rotation:13,,,n30-round2-three-versions-v1,2026-09-04-r2-v1
n30-round2-three-versions-v1-slot-06,,6,2,7,45,P18_DOC_A,35,D2_derived,D2_derived.html,2,left,right,2,text-enrichment-reader-round2-n30-v1:participant:6:documents:set:2:rotation:13,,,n30-round2-three-versions-v1,2026-09-04-r2-v1
n30-round2-three-versions-v1-slot-06,,6,2,8,46,P19_DOC_A,37,W_writer_optimal,W_writer_optimal.html,3,left,right,2,text-enrichment-reader-round2-n30-v1:participant:6:documents:set:2:rotation:13,,,n30-round2-three-versions-v1,2026-09-04-r2-v1
n30-round2-three-versions-v1-slot-06,,6,2,9,47,P12_DOC_A,23,D2_derived,D2_derived.html,2,left,right,2,text-enrichment-reader-round2-n30-v1:participant:6:documents:set:2:rotation:13,,,n30-round2-three-versions-v1,2026-09-04-r2-v1
n30-round2-three-versions-v1-slot-06,,6,2,10,48,P15_DOC_A,29,D4_derived,D4_derived.html,5,left,right,2,text-enrichment-reader-round2-n30-v1:participant:6:documents:set:2:rotation:13,,,n30-round2-three-versions-v1,2026-09-04-r2-v1
n30-round2-three-versions-v1-slot-06,,6,2,11,49,P13_DOC_B,26,D3_derived,D3_derived.html,4,left,right,2,text-enrichment-reader-round2-n30-v1:participant:6:documents:set:2:rotation:13,,,n30-round2-three-versions-v1,2026-09-04-r2-v1
n30-round2-three-versions-v1-slot-06,,6,2,12,50,P10_DOC_A,19,D5_maximal,D5_maximal.html,6,right,left,2,text-enrichment-reader-round2-n30-v1:participant:6:documents:set:2:rotation:13,,,n30-round2-three-versions-v1,2026-09-04-r2-v1
n30-round2-three-versions-v1-slot-06,,6,2,13,51,P9_DOC_A,17,D4_derived,D4_derived.html,5,right,left,2,text-enrichment-reader-round2-n30-v1:participant:6:documents:set:2:rotation:13,,,n30-round2-three-versions-v1,2026-09-04-r2-v1
n30-round2-three-versions-v1-slot-06,,6,2,14,52,P2_DOC_B,4,D4_derived,D4_derived.html,5,right,left,2,text-enrichment-reader-round2-n30-v1:participant:6:documents:set:2:rotation:13,,,n30-round2-three-versions-v1,2026-09-04-r2-v1
n30-round2-three-versions-v1-slot-06,,6,2,15,53,P4_DOC_B,8,D1_derived,D1_derived.html,1,right,left,2,text-enrichment-reader-round2-n30-v1:participant:6:documents:set:2:rotation:13,,,n30-round2-three-versions-v1,2026-09-04-r2-v1
n30-round2-three-versions-v1-slot-06,,6,2,16,54,P11_DOC_A,21,D1_derived,D1_derived.html,1,left,right,2,text-enrichment-reader-round2-n30-v1:participant:6:documents:set:2:rotation:13,,,n30-round2-three-versions-v1,2026-09-04-r2-v1
n30-round2-three-versions-v1-slot-06,,6,2,17,55,P10_DOC_B,20,D1_derived,D1_derived.html,1,left,right,2,text-enrichment-reader-round2-n30-v1:participant:6:documents:set:2:rotation:13,,,n30-round2-three-versions-v1,2026-09-04-r2-v1
n30-round2-three-versions-v1-slot-06,,6,2,18,56,P18_DOC_B,36,W_writer_optimal,W_writer_optimal.html,3,left,right,2,text-enrichment-reader-round2-n30-v1:participant:6:documents:set:2:rotation:13,,,n30-round2-three-versions-v1,2026-09-04-r2-v1
n30-round2-three-versions-v1-slot-06,,6,2,19,57,P5_DOC_A,9,D1_derived,D1_derived.html,1,right,left,2,text-enrichment-reader-round2-n30-v1:participant:6:documents:set:2:rotation:13,,,n30-round2-three-versions-v1,2026-09-04-r2-v1
n30-round2-three-versions-v1-slot-06,,6,2,20,58,P8_DOC_B,16,D4_derived,D4_derived.html,5,right,left,2,text-enrichment-reader-round2-n30-v1:participant:6:documents:set:2:rotation:13,,,n30-round2-three-versions-v1,2026-09-04-r2-v1
n30-round2-three-versions-v1-slot-06,,6,2,21,59,P14_DOC_B,28,D4_derived,D4_derived.html,5,left,right,2,text-enrichment-reader-round2-n30-v1:participant:6:documents:set:2:rotation:13,,,n30-round2-three-versions-v1,2026-09-04-r2-v1
n30-round2-three-versions-v1-slot-06,,6,2,22,60,P16_DOC_A,31,D5_maximal,D5_maximal.html,6,left,right,2,text-enrichment-reader-round2-n30-v1:participant:6:documents:set:2:rotation:13,,,n30-round2-three-versions-v1,2026-09-04-r2-v1
n30-round2-three-versions-v1-slot-06,,6,2,23,61,P12_DOC_B,24,W_writer_optimal,W_writer_optimal.html,3,left,right,2,text-enrichment-reader-round2-n30-v1:participant:6:documents:set:2:rotation:13,,,n30-round2-three-versions-v1,2026-09-04-r2-v1
n30-round2-three-versions-v1-slot-06,,6,2,24,62,P1_DOC_A,1,W_writer_optimal,W_writer_optimal.html,3,right,left,2,text-enrichment-reader-round2-n30-v1:participant:6:documents:set:2:rotation:13,,,n30-round2-three-versions-v1,2026-09-04-r2-v1
n30-round2-three-versions-v1-slot-06,,6,2,25,63,P6_DOC_B,12,W_writer_optimal,W_writer_optimal.html,3,right,left,2,text-enrichment-reader-round2-n30-v1:participant:6:documents:set:2:rotation:13,,,n30-round2-three-versions-v1,2026-09-04-r2-v1
n30-round2-three-versions-v1-slot-06,,6,2,26,64,P8_DOC_A,15,D3_derived,D3_derived.html,4,right,left,2,text-enrichment-reader-round2-n30-v1:participant:6:documents:set:2:rotation:13,,,n30-round2-three-versions-v1,2026-09-04-r2-v1
n30-round2-three-versions-v1-slot-06,,6,2,27,65,P4_DOC_A,7,D5_maximal,D5_maximal.html,6,right,left,2,text-enrichment-reader-round2-n30-v1:participant:6:documents:set:2:rotation:13,,,n30-round2-three-versions-v1,2026-09-04-r2-v1
n30-round2-three-versions-v1-slot-06,,6,2,28,66,P7_DOC_B,14,D3_derived,D3_derived.html,4,right,left,2,text-enrichment-reader-round2-n30-v1:participant:6:documents:set:2:rotation:13,,,n30-round2-three-versions-v1,2026-09-04-r2-v1
n30-round2-three-versions-v1-slot-06,,6,2,29,67,P14_DOC_A,27,D3_derived,D3_derived.html,4,left,right,2,text-enrichment-reader-round2-n30-v1:participant:6:documents:set:2:rotation:13,,,n30-round2-three-versions-v1,2026-09-04-r2-v1
n30-round2-three-versions-v1-slot-06,,6,2,30,68,P3_DOC_A,5,D4_derived,D4_derived.html,5,right,left,2,text-enrichment-reader-round2-n30-v1:participant:6:documents:set:2:rotation:13,,,n30-round2-three-versions-v1,2026-09-04-r2-v1
n30-round2-three-versions-v1-slot-06,,6,2,31,69,P1_DOC_B,2,D3_derived,D3_derived.html,4,right,left,2,text-enrichment-reader-round2-n30-v1:participant:6:documents:set:2:rotation:13,,,n30-round2-three-versions-v1,2026-09-04-r2-v1
n30-round2-three-versions-v1-slot-06,,6,2,32,70,P3_DOC_B,6,D5_maximal,D5_maximal.html,6,right,left,2,text-enrichment-reader-round2-n30-v1:participant:6:documents:set:2:rotation:13,,,n30-round2-three-versions-v1,2026-09-04-r2-v1
n30-round2-three-versions-v1-slot-06,,6,2,33,71,P7_DOC_A,13,W_writer_optimal,W_writer_optimal.html,3,right,left,2,text-enrichment-reader-round2-n30-v1:participant:6:documents:set:2:rotation:13,,,n30-round2-three-versions-v1,2026-09-04-r2-v1
n30-round2-three-versions-v1-slot-06,,6,2,34,72,P2_DOC_A,3,D3_derived,D3_derived.html,4,right,left,2,text-enrichment-reader-round2-n30-v1:participant:6:documents:set:2:rotation:13,,,n30-round2-three-versions-v1,2026-09-04-r2-v1
n30-round2-three-versions-v1-slot-06,,6,2,35,73,P6_DOC_A,11,D2_derived,D2_derived.html,2,right,left,2,text-enrichment-reader-round2-n30-v1:participant:6:documents:set:2:rotation:13,,,n30-round2-three-versions-v1,2026-09-04-r2-v1
n30-round2-three-versions-v1-slot-06,,6,2,36,74,P9_DOC_B,18,D5_maximal,D5_maximal.html,6,right,left,2,text-enrichment-reader-round2-n30-v1:participant:6:documents:set:2:rotation:13,,,n30-round2-three-versions-v1,2026-09-04-r2-v1
n30-round2-three-versions-v1-slot-06,,6,2,37,75,P5_DOC_B,10,D2_derived,D2_derived.html,2,right,left,2,text-enrichment-reader-round2-n30-v1:participant:6:documents:set:2:rotation:13,,,n30-round2-three-versions-v1,2026-09-04-r2-v1
n30-round2-three-versions-v1-slot-06,,6,2,38,76,P17_DOC_A,33,D1_derived,D1_derived.html,1,left,right,2,text-enrichment-reader-round2-n30-v1:participant:6:documents:set:2:rotation:13,,,n30-round2-three-versions-v1,2026-09-04-r2-v1
n30-round2-three-versions-v1-slot-06,,6,3,1,77,P2_DOC_B,4,D5_maximal,D5_maximal.html,6,right,left,3,text-enrichment-reader-round2-n30-v1:participant:6:documents:set:3:rotation:26,,,n30-round2-three-versions-v1,2026-09-04-r2-v1
n30-round2-three-versions-v1-slot-06,,6,3,2,78,P4_DOC_B,8,D2_derived,D2_derived.html,2,right,left,3,text-enrichment-reader-round2-n30-v1:participant:6:documents:set:3:rotation:26,,,n30-round2-three-versions-v1,2026-09-04-r2-v1
n30-round2-three-versions-v1-slot-06,,6,3,3,79,P11_DOC_A,21,D3_derived,D3_derived.html,4,right,left,3,text-enrichment-reader-round2-n30-v1:participant:6:documents:set:3:rotation:26,,,n30-round2-three-versions-v1,2026-09-04-r2-v1
n30-round2-three-versions-v1-slot-06,,6,3,4,80,P10_DOC_B,20,D2_derived,D2_derived.html,2,left,right,3,text-enrichment-reader-round2-n30-v1:participant:6:documents:set:3:rotation:26,,,n30-round2-three-versions-v1,2026-09-04-r2-v1
n30-round2-three-versions-v1-slot-06,,6,3,5,81,P18_DOC_B,36,D3_derived,D3_derived.html,4,left,right,3,text-enrichment-reader-round2-n30-v1:participant:6:documents:set:3:rotation:26,,,n30-round2-three-versions-v1,2026-09-04-r2-v1
n30-round2-three-versions-v1-slot-06,,6,3,6,82,P5_DOC_A,9,D3_derived,D3_derived.html,4,right,left,3,text-enrichment-reader-round2-n30-v1:participant:6:documents:set:3:rotation:26,,,n30-round2-three-versions-v1,2026-09-04-r2-v1
n30-round2-three-versions-v1-slot-06,,6,3,7,83,P8_DOC_B,16,D5_maximal,D5_maximal.html,6,right,left,3,text-enrichment-reader-round2-n30-v1:participant:6:documents:set:3:rotation:26,,,n30-round2-three-versions-v1,2026-09-04-r2-v1
n30-round2-three-versions-v1-slot-06,,6,3,8,84,P14_DOC_B,28,D5_maximal,D5_maximal.html,6,left,right,3,text-enrichment-reader-round2-n30-v1:participant:6:documents:set:3:rotation:26,,,n30-round2-three-versions-v1,2026-09-04-r2-v1
n30-round2-three-versions-v1-slot-06,,6,3,9,85,P16_DOC_A,31,W_writer_optimal,W_writer_optimal.html,3,left,right,3,text-enrichment-reader-round2-n30-v1:participant:6:documents:set:3:rotation:26,,,n30-round2-three-versions-v1,2026-09-04-r2-v1
n30-round2-three-versions-v1-slot-06,,6,3,10,86,P12_DOC_B,24,D3_derived,D3_derived.html,4,left,right,3,text-enrichment-reader-round2-n30-v1:participant:6:documents:set:3:rotation:26,,,n30-round2-three-versions-v1,2026-09-04-r2-v1
n30-round2-three-versions-v1-slot-06,,6,3,11,87,P1_DOC_A,1,D5_maximal,D5_maximal.html,6,left,right,3,text-enrichment-reader-round2-n30-v1:participant:6:documents:set:3:rotation:26,,,n30-round2-three-versions-v1,2026-09-04-r2-v1
n30-round2-three-versions-v1-slot-06,,6,3,12,88,P6_DOC_B,12,D3_derived,D3_derived.html,4,right,left,3,text-enrichment-reader-round2-n30-v1:participant:6:documents:set:3:rotation:26,,,n30-round2-three-versions-v1,2026-09-04-r2-v1
n30-round2-three-versions-v1-slot-06,,6,3,13,89,P8_DOC_A,15,D1_derived,D1_derived.html,1,right,left,3,text-enrichment-reader-round2-n30-v1:participant:6:documents:set:3:rotation:26,,,n30-round2-three-versions-v1,2026-09-04-r2-v1
n30-round2-three-versions-v1-slot-06,,6,3,14,90,P4_DOC_A,7,W_writer_optimal,W_writer_optimal.html,3,right,left,3,text-enrichment-reader-round2-n30-v1:participant:6:documents:set:3:rotation:26,,,n30-round2-three-versions-v1,2026-09-04-r2-v1
n30-round2-three-versions-v1-slot-06,,6,3,15,91,P7_DOC_B,14,D4_derived,D4_derived.html,5,right,left,3,text-enrichment-reader-round2-n30-v1:participant:6:documents:set:3:rotation:26,,,n30-round2-three-versions-v1,2026-09-04-r2-v1
n30-round2-three-versions-v1-slot-06,,6,3,16,92,P14_DOC_A,27,D1_derived,D1_derived.html,1,left,right,3,text-enrichment-reader-round2-n30-v1:participant:6:documents:set:3:rotation:26,,,n30-round2-three-versions-v1,2026-09-04-r2-v1
n30-round2-three-versions-v1-slot-06,,6,3,17,93,P3_DOC_A,5,D2_derived,D2_derived.html,2,right,left,3,text-enrichment-reader-round2-n30-v1:participant:6:documents:set:3:rotation:26,,,n30-round2-three-versions-v1,2026-09-04-r2-v1
n30-round2-three-versions-v1-slot-06,,6,3,18,94,P1_DOC_B,2,D4_derived,D4_derived.html,5,left,right,3,text-enrichment-reader-round2-n30-v1:participant:6:documents:set:3:rotation:26,,,n30-round2-three-versions-v1,2026-09-04-r2-v1
n30-round2-three-versions-v1-slot-06,,6,3,19,95,P3_DOC_B,6,D1_derived,D1_derived.html,1,right,left,3,text-enrichment-reader-round2-n30-v1:participant:6:documents:set:3:rotation:26,,,n30-round2-three-versions-v1,2026-09-04-r2-v1
n30-round2-three-versions-v1-slot-06,,6,3,20,96,P7_DOC_A,13,D5_maximal,D5_maximal.html,6,right,left,3,text-enrichment-reader-round2-n30-v1:participant:6:documents:set:3:rotation:26,,,n30-round2-three-versions-v1,2026-09-04-r2-v1
n30-round2-three-versions-v1-slot-06,,6,3,21,97,P2_DOC_A,3,D1_derived,D1_derived.html,1,left,right,3,text-enrichment-reader-round2-n30-v1:participant:6:documents:set:3:rotation:26,,,n30-round2-three-versions-v1,2026-09-04-r2-v1
n30-round2-three-versions-v1-slot-06,,6,3,22,98,P6_DOC_A,11,D4_derived,D4_derived.html,5,right,left,3,text-enrichment-reader-round2-n30-v1:participant:6:documents:set:3:rotation:26,,,n30-round2-three-versions-v1,2026-09-04-r2-v1
n30-round2-three-versions-v1-slot-06,,6,3,23,99,P9_DOC_B,18,D1_derived,D1_derived.html,1,right,left,3,text-enrichment-reader-round2-n30-v1:participant:6:documents:set:3:rotation:26,,,n30-round2-three-versions-v1,2026-09-04-r2-v1
n30-round2-three-versions-v1-slot-06,,6,3,24,100,P5_DOC_B,10,W_writer_optimal,W_writer_optimal.html,3,right,left,3,text-enrichment-reader-round2-n30-v1:participant:6:documents:set:3:rotation:26,,,n30-round2-three-versions-v1,2026-09-04-r2-v1
n30-round2-three-versions-v1-slot-06,,6,3,25,101,P17_DOC_A,33,D3_derived,D3_derived.html,4,left,right,3,text-enrichment-reader-round2-n30-v1:participant:6:documents:set:3:rotation:26,,,n30-round2-three-versions-v1,2026-09-04-r2-v1
n30-round2-three-versions-v1-slot-06,,6,3,26,102,P16_DOC_B,32,D2_derived,D2_derived.html,2,left,right,3,text-enrichment-reader-round2-n30-v1:participant:6:documents:set:3:rotation:26,,,n30-round2-three-versions-v1,2026-09-04-r2-v1
n30-round2-three-versions-v1-slot-06,,6,3,27,103,P13_DOC_A,25,D5_maximal,D5_maximal.html,6,right,left,3,text-enrichment-reader-round2-n30-v1:participant:6:documents:set:3:rotation:26,,,n30-round2-three-versions-v1,2026-09-04-r2-v1
n30-round2-three-versions-v1-slot-06,,6,3,28,104,P11_DOC_B,22,W_writer_optimal,W_writer_optimal.html,3,right,left,3,text-enrichment-reader-round2-n30-v1:participant:6:documents:set:3:rotation:26,,,n30-round2-three-versions-v1,2026-09-04-r2-v1
n30-round2-three-versions-v1-slot-06,,6,3,29,105,P17_DOC_B,34,W_writer_optimal,W_writer_optimal.html,3,left,right,3,text-enrichment-reader-round2-n30-v1:participant:6:documents:set:3:rotation:26,,,n30-round2-three-versions-v1,2026-09-04-r2-v1
n30-round2-three-versions-v1-slot-06,,6,3,30,106,P15_DOC_B,30,D1_derived,D1_derived.html,1,left,right,3,text-enrichment-reader-round2-n30-v1:participant:6:documents:set:3:rotation:26,,,n30-round2-three-versions-v1,2026-09-04-r2-v1
n30-round2-three-versions-v1-slot-06,,6,3,31,107,P19_DOC_B,38,D4_derived,D4_derived.html,5,left,right,3,text-enrichment-reader-round2-n30-v1:participant:6:documents:set:3:rotation:26,,,n30-round2-three-versions-v1,2026-09-04-r2-v1
n30-round2-three-versions-v1-slot-06,,6,3,32,108,P18_DOC_A,35,D4_derived,D4_derived.html,5,left,right,3,text-enrichment-reader-round2-n30-v1:participant:6:documents:set:3:rotation:26,,,n30-round2-three-versions-v1,2026-09-04-r2-v1
n30-round2-three-versions-v1-slot-06,,6,3,33,109,P19_DOC_A,37,D5_maximal,D5_maximal.html,6,left,right,3,text-enrichment-reader-round2-n30-v1:participant:6:documents:set:3:rotation:26,,,n30-round2-three-versions-v1,2026-09-04-r2-v1
n30-round2-three-versions-v1-slot-06,,6,3,34,110,P12_DOC_A,23,D4_derived,D4_derived.html,5,left,right,3,text-enrichment-reader-round2-n30-v1:participant:6:documents:set:3:rotation:26,,,n30-round2-three-versions-v1,2026-09-04-r2-v1
n30-round2-three-versions-v1-slot-06,,6,3,35,111,P15_DOC_A,29,D2_derived,D2_derived.html,2,left,right,3,text-enrichment-reader-round2-n30-v1:participant:6:documents:set:3:rotation:26,,,n30-round2-three-versions-v1,2026-09-04-r2-v1
n30-round2-three-versions-v1-slot-06,,6,3,36,112,P13_DOC_B,26,D4_derived,D4_derived.html,5,left,right,3,text-enrichment-reader-round2-n30-v1:participant:6:documents:set:3:rotation:26,,,n30-round2-three-versions-v1,2026-09-04-r2-v1
n30-round2-three-versions-v1-slot-06,,6,3,37,113,P10_DOC_A,19,W_writer_optimal,W_writer_optimal.html,3,right,left,3,text-enrichment-reader-round2-n30-v1:participant:6:documents:set:3:rotation:26,,,n30-round2-three-versions-v1,2026-09-04-r2-v1
n30-round2-three-versions-v1-slot-06,,6,3,38,114,P9_DOC_A,17,D2_derived,D2_derived.html,2,right,left,3,text-enrichment-reader-round2-n30-v1:participant:6:documents:set:3:rotation:26,,,n30-round2-three-versions-v1,2026-09-04-r2-v1
n30-round2-three-versions-v1-slot-07,,7,1,1,1,P11_DOC_B,22,D4_derived,D4_derived.html,5,left,right,1,text-enrichment-reader-round2-n30-v1:participant:7:documents:set:1:rotation:0,,,n30-round2-three-versions-v1,2026-09-04-r2-v1
n30-round2-three-versions-v1-slot-07,,7,1,2,2,P7_DOC_B,14,D1_derived,D1_derived.html,1,right,left,1,text-enrichment-reader-round2-n30-v1:participant:7:documents:set:1:rotation:0,,,n30-round2-three-versions-v1,2026-09-04-r2-v1
n30-round2-three-versions-v1-slot-07,,7,1,3,3,P9_DOC_A,17,D3_derived,D3_derived.html,4,right,left,1,text-enrichment-reader-round2-n30-v1:participant:7:documents:set:1:rotation:0,,,n30-round2-three-versions-v1,2026-09-04-r2-v1
n30-round2-three-versions-v1-slot-07,,7,1,4,4,P9_DOC_B,18,W_writer_optimal,W_writer_optimal.html,3,right,left,1,text-enrichment-reader-round2-n30-v1:participant:7:documents:set:1:rotation:0,,,n30-round2-three-versions-v1,2026-09-04-r2-v1
n30-round2-three-versions-v1-slot-07,,7,1,5,5,P15_DOC_B,30,W_writer_optimal,W_writer_optimal.html,3,left,right,1,text-enrichment-reader-round2-n30-v1:participant:7:documents:set:1:rotation:0,,,n30-round2-three-versions-v1,2026-09-04-r2-v1
n30-round2-three-versions-v1-slot-07,,7,1,6,6,P12_DOC_B,24,D5_maximal,D5_maximal.html,6,left,right,1,text-enrichment-reader-round2-n30-v1:participant:7:documents:set:1:rotation:0,,,n30-round2-three-versions-v1,2026-09-04-r2-v1
n30-round2-three-versions-v1-slot-07,,7,1,7,7,P3_DOC_B,6,W_writer_optimal,W_writer_optimal.html,3,right,left,1,text-enrichment-reader-round2-n30-v1:participant:7:documents:set:1:rotation:0,,,n30-round2-three-versions-v1,2026-09-04-r2-v1
n30-round2-three-versions-v1-slot-07,,7,1,8,8,P6_DOC_B,12,D5_maximal,D5_maximal.html,6,right,left,1,text-enrichment-reader-round2-n30-v1:participant:7:documents:set:1:rotation:0,,,n30-round2-three-versions-v1,2026-09-04-r2-v1
n30-round2-three-versions-v1-slot-07,,7,1,9,9,P2_DOC_B,4,D2_derived,D2_derived.html,2,right,left,1,text-enrichment-reader-round2-n30-v1:participant:7:documents:set:1:rotation:0,,,n30-round2-three-versions-v1,2026-09-04-r2-v1
n30-round2-three-versions-v1-slot-07,,7,1,10,10,P13_DOC_A,25,D2_derived,D2_derived.html,2,left,right,1,text-enrichment-reader-round2-n30-v1:participant:7:documents:set:1:rotation:0,,,n30-round2-three-versions-v1,2026-09-04-r2-v1
n30-round2-three-versions-v1-slot-07,,7,1,11,11,P12_DOC_A,23,D1_derived,D1_derived.html,1,left,right,1,text-enrichment-reader-round2-n30-v1:participant:7:documents:set:1:rotation:0,,,n30-round2-three-versions-v1,2026-09-04-r2-v1
n30-round2-three-versions-v1-slot-07,,7,1,12,12,P17_DOC_B,34,D4_derived,D4_derived.html,5,left,right,1,text-enrichment-reader-round2-n30-v1:participant:7:documents:set:1:rotation:0,,,n30-round2-three-versions-v1,2026-09-04-r2-v1
n30-round2-three-versions-v1-slot-07,,7,1,13,13,P11_DOC_A,21,D5_maximal,D5_maximal.html,6,right,left,1,text-enrichment-reader-round2-n30-v1:participant:7:documents:set:1:rotation:0,,,n30-round2-three-versions-v1,2026-09-04-r2-v1
n30-round2-three-versions-v1-slot-07,,7,1,14,14,P5_DOC_B,10,D4_derived,D4_derived.html,5,right,left,1,text-enrichment-reader-round2-n30-v1:participant:7:documents:set:1:rotation:0,,,n30-round2-three-versions-v1,2026-09-04-r2-v1
n30-round2-three-versions-v1-slot-07,,7,1,15,15,P14_DOC_B,28,D2_derived,D2_derived.html,2,left,right,1,text-enrichment-reader-round2-n30-v1:participant:7:documents:set:1:rotation:0,,,n30-round2-three-versions-v1,2026-09-04-r2-v1
n30-round2-three-versions-v1-slot-07,,7,1,16,16,P4_DOC_B,8,D3_derived,D3_derived.html,4,right,left,1,text-enrichment-reader-round2-n30-v1:participant:7:documents:set:1:rotation:0,,,n30-round2-three-versions-v1,2026-09-04-r2-v1
n30-round2-three-versions-v1-slot-07,,7,1,17,17,P3_DOC_A,5,D3_derived,D3_derived.html,4,right,left,1,text-enrichment-reader-round2-n30-v1:participant:7:documents:set:1:rotation:0,,,n30-round2-three-versions-v1,2026-09-04-r2-v1
n30-round2-three-versions-v1-slot-07,,7,1,18,18,P14_DOC_A,27,W_writer_optimal,W_writer_optimal.html,3,left,right,1,text-enrichment-reader-round2-n30-v1:participant:7:documents:set:1:rotation:0,,,n30-round2-three-versions-v1,2026-09-04-r2-v1
n30-round2-three-versions-v1-slot-07,,7,1,19,19,P8_DOC_A,15,W_writer_optimal,W_writer_optimal.html,3,right,left,1,text-enrichment-reader-round2-n30-v1:participant:7:documents:set:1:rotation:0,,,n30-round2-three-versions-v1,2026-09-04-r2-v1
n30-round2-three-versions-v1-slot-07,,7,1,20,20,P6_DOC_A,11,D1_derived,D1_derived.html,1,right,left,1,text-enrichment-reader-round2-n30-v1:participant:7:documents:set:1:rotation:0,,,n30-round2-three-versions-v1,2026-09-04-r2-v1
n30-round2-three-versions-v1-slot-07,,7,1,21,21,P17_DOC_A,33,D5_maximal,D5_maximal.html,6,left,right,1,text-enrichment-reader-round2-n30-v1:participant:7:documents:set:1:rotation:0,,,n30-round2-three-versions-v1,2026-09-04-r2-v1
n30-round2-three-versions-v1-slot-07,,7,1,22,22,P16_DOC_A,31,D4_derived,D4_derived.html,5,left,right,1,text-enrichment-reader-round2-n30-v1:participant:7:documents:set:1:rotation:0,,,n30-round2-three-versions-v1,2026-09-04-r2-v1
n30-round2-three-versions-v1-slot-07,,7,1,23,23,P15_DOC_A,29,D3_derived,D3_derived.html,4,left,right,1,text-enrichment-reader-round2-n30-v1:participant:7:documents:set:1:rotation:0,,,n30-round2-three-versions-v1,2026-09-04-r2-v1
n30-round2-three-versions-v1-slot-07,,7,1,24,24,P18_DOC_B,36,D5_maximal,D5_maximal.html,6,left,right,1,text-enrichment-reader-round2-n30-v1:participant:7:documents:set:1:rotation:0,,,n30-round2-three-versions-v1,2026-09-04-r2-v1
n30-round2-three-versions-v1-slot-07,,7,1,25,25,P1_DOC_A,1,D2_derived,D2_derived.html,2,left,right,1,text-enrichment-reader-round2-n30-v1:participant:7:documents:set:1:rotation:0,,,n30-round2-three-versions-v1,2026-09-04-r2-v1
n30-round2-three-versions-v1-slot-07,,7,1,26,26,P10_DOC_A,19,D4_derived,D4_derived.html,5,right,left,1,text-enrichment-reader-round2-n30-v1:participant:7:documents:set:1:rotation:0,,,n30-round2-three-versions-v1,2026-09-04-r2-v1
n30-round2-three-versions-v1-slot-07,,7,1,27,27,P4_DOC_A,7,D4_derived,D4_derived.html,5,right,left,1,text-enrichment-reader-round2-n30-v1:participant:7:documents:set:1:rotation:0,,,n30-round2-three-versions-v1,2026-09-04-r2-v1
n30-round2-three-versions-v1-slot-07,,7,1,28,28,P7_DOC_A,13,D2_derived,D2_derived.html,2,right,left,1,text-enrichment-reader-round2-n30-v1:participant:7:documents:set:1:rotation:0,,,n30-round2-three-versions-v1,2026-09-04-r2-v1
n30-round2-three-versions-v1-slot-07,,7,1,29,29,P5_DOC_A,9,D5_maximal,D5_maximal.html,6,right,left,1,text-enrichment-reader-round2-n30-v1:participant:7:documents:set:1:rotation:0,,,n30-round2-three-versions-v1,2026-09-04-r2-v1
n30-round2-three-versions-v1-slot-07,,7,1,30,30,P16_DOC_B,32,D3_derived,D3_derived.html,4,left,right,1,text-enrichment-reader-round2-n30-v1:participant:7:documents:set:1:rotation:0,,,n30-round2-three-versions-v1,2026-09-04-r2-v1
n30-round2-three-versions-v1-slot-07,,7,1,31,31,P8_DOC_B,16,D2_derived,D2_derived.html,2,right,left,1,text-enrichment-reader-round2-n30-v1:participant:7:documents:set:1:rotation:0,,,n30-round2-three-versions-v1,2026-09-04-r2-v1
n30-round2-three-versions-v1-slot-07,,7,1,32,32,P13_DOC_B,26,D1_derived,D1_derived.html,1,left,right,1,text-enrichment-reader-round2-n30-v1:participant:7:documents:set:1:rotation:0,,,n30-round2-three-versions-v1,2026-09-04-r2-v1
n30-round2-three-versions-v1-slot-07,,7,1,33,33,P18_DOC_A,35,D1_derived,D1_derived.html,1,left,right,1,text-enrichment-reader-round2-n30-v1:participant:7:documents:set:1:rotation:0,,,n30-round2-three-versions-v1,2026-09-04-r2-v1
n30-round2-three-versions-v1-slot-07,,7,1,34,34,P10_DOC_B,20,D3_derived,D3_derived.html,4,left,right,1,text-enrichment-reader-round2-n30-v1:participant:7:documents:set:1:rotation:0,,,n30-round2-three-versions-v1,2026-09-04-r2-v1
n30-round2-three-versions-v1-slot-07,,7,1,35,35,P1_DOC_B,2,D1_derived,D1_derived.html,1,right,left,1,text-enrichment-reader-round2-n30-v1:participant:7:documents:set:1:rotation:0,,,n30-round2-three-versions-v1,2026-09-04-r2-v1
n30-round2-three-versions-v1-slot-07,,7,1,36,36,P19_DOC_B,38,D1_derived,D1_derived.html,1,left,right,1,text-enrichment-reader-round2-n30-v1:participant:7:documents:set:1:rotation:0,,,n30-round2-three-versions-v1,2026-09-04-r2-v1
n30-round2-three-versions-v1-slot-07,,7,1,37,37,P19_DOC_A,37,D2_derived,D2_derived.html,2,left,right,1,text-enrichment-reader-round2-n30-v1:participant:7:documents:set:1:rotation:0,,,n30-round2-three-versions-v1,2026-09-04-r2-v1
n30-round2-three-versions-v1-slot-07,,7,1,38,38,P2_DOC_A,3,W_writer_optimal,W_writer_optimal.html,3,right,left,1,text-enrichment-reader-round2-n30-v1:participant:7:documents:set:1:rotation:0,,,n30-round2-three-versions-v1,2026-09-04-r2-v1
n30-round2-three-versions-v1-slot-07,,7,2,1,39,P5_DOC_B,10,D1_derived,D1_derived.html,1,right,left,2,text-enrichment-reader-round2-n30-v1:participant:7:documents:set:2:rotation:13,,,n30-round2-three-versions-v1,2026-09-04-r2-v1
n30-round2-three-versions-v1-slot-07,,7,2,2,40,P14_DOC_B,28,D3_derived,D3_derived.html,4,left,right,2,text-enrichment-reader-round2-n30-v1:participant:7:documents:set:2:rotation:13,,,n30-round2-three-versions-v1,2026-09-04-r2-v1
n30-round2-three-versions-v1-slot-07,,7,2,3,41,P4_DOC_B,8,D5_maximal,D5_maximal.html,6,right,left,2,text-enrichment-reader-round2-n30-v1:participant:7:documents:set:2:rotation:13,,,n30-round2-three-versions-v1,2026-09-04-r2-v1
n30-round2-three-versions-v1-slot-07,,7,2,4,42,P3_DOC_A,5,D5_maximal,D5_maximal.html,6,right,left,2,text-enrichment-reader-round2-n30-v1:participant:7:documents:set:2:rotation:13,,,n30-round2-three-versions-v1,2026-09-04-r2-v1
n30-round2-three-versions-v1-slot-07,,7,2,5,43,P14_DOC_A,27,D4_derived,D4_derived.html,5,left,right,2,text-enrichment-reader-round2-n30-v1:participant:7:documents:set:2:rotation:13,,,n30-round2-three-versions-v1,2026-09-04-r2-v1
n30-round2-three-versions-v1-slot-07,,7,2,6,44,P8_DOC_A,15,D4_derived,D4_derived.html,5,right,left,2,text-enrichment-reader-round2-n30-v1:participant:7:documents:set:2:rotation:13,,,n30-round2-three-versions-v1,2026-09-04-r2-v1
n30-round2-three-versions-v1-slot-07,,7,2,7,45,P6_DOC_A,11,W_writer_optimal,W_writer_optimal.html,3,right,left,2,text-enrichment-reader-round2-n30-v1:participant:7:documents:set:2:rotation:13,,,n30-round2-three-versions-v1,2026-09-04-r2-v1
n30-round2-three-versions-v1-slot-07,,7,2,8,46,P17_DOC_A,33,D2_derived,D2_derived.html,2,left,right,2,text-enrichment-reader-round2-n30-v1:participant:7:documents:set:2:rotation:13,,,n30-round2-three-versions-v1,2026-09-04-r2-v1
n30-round2-three-versions-v1-slot-07,,7,2,9,47,P16_DOC_A,31,D1_derived,D1_derived.html,1,left,right,2,text-enrichment-reader-round2-n30-v1:participant:7:documents:set:2:rotation:13,,,n30-round2-three-versions-v1,2026-09-04-r2-v1
n30-round2-three-versions-v1-slot-07,,7,2,10,48,P15_DOC_A,29,D5_maximal,D5_maximal.html,6,left,right,2,text-enrichment-reader-round2-n30-v1:participant:7:documents:set:2:rotation:13,,,n30-round2-three-versions-v1,2026-09-04-r2-v1
n30-round2-three-versions-v1-slot-07,,7,2,11,49,P18_DOC_B,36,D2_derived,D2_derived.html,2,left,right,2,text-enrichment-reader-round2-n30-v1:participant:7:documents:set:2:rotation:13,,,n30-round2-three-versions-v1,2026-09-04-r2-v1
n30-round2-three-versions-v1-slot-07,,7,2,12,50,P1_DOC_A,1,D3_derived,D3_derived.html,4,left,right,2,text-enrichment-reader-round2-n30-v1:participant:7:documents:set:2:rotation:13,,,n30-round2-three-versions-v1,2026-09-04-r2-v1
n30-round2-three-versions-v1-slot-07,,7,2,13,51,P10_DOC_A,19,D1_derived,D1_derived.html,1,right,left,2,text-enrichment-reader-round2-n30-v1:participant:7:documents:set:2:rotation:13,,,n30-round2-three-versions-v1,2026-09-04-r2-v1
n30-round2-three-versions-v1-slot-07,,7,2,14,52,P4_DOC_A,7,D1_derived,D1_derived.html,1,right,left,2,text-enrichment-reader-round2-n30-v1:participant:7:documents:set:2:rotation:13,,,n30-round2-three-versions-v1,2026-09-04-r2-v1
n30-round2-three-versions-v1-slot-07,,7,2,15,53,P7_DOC_A,13,D3_derived,D3_derived.html,4,right,left,2,text-enrichment-reader-round2-n30-v1:participant:7:documents:set:2:rotation:13,,,n30-round2-three-versions-v1,2026-09-04-r2-v1
n30-round2-three-versions-v1-slot-07,,7,2,16,54,P5_DOC_A,9,D2_derived,D2_derived.html,2,right,left,2,text-enrichment-reader-round2-n30-v1:participant:7:documents:set:2:rotation:13,,,n30-round2-three-versions-v1,2026-09-04-r2-v1
n30-round2-three-versions-v1-slot-07,,7,2,17,55,P16_DOC_B,32,D5_maximal,D5_maximal.html,6,left,right,2,text-enrichment-reader-round2-n30-v1:participant:7:documents:set:2:rotation:13,,,n30-round2-three-versions-v1,2026-09-04-r2-v1
n30-round2-three-versions-v1-slot-07,,7,2,18,56,P8_DOC_B,16,D3_derived,D3_derived.html,4,right,left,2,text-enrichment-reader-round2-n30-v1:participant:7:documents:set:2:rotation:13,,,n30-round2-three-versions-v1,2026-09-04-r2-v1
n30-round2-three-versions-v1-slot-07,,7,2,19,57,P13_DOC_B,26,W_writer_optimal,W_writer_optimal.html,3,left,right,2,text-enrichment-reader-round2-n30-v1:participant:7:documents:set:2:rotation:13,,,n30-round2-three-versions-v1,2026-09-04-r2-v1
n30-round2-three-versions-v1-slot-07,,7,2,20,58,P18_DOC_A,35,W_writer_optimal,W_writer_optimal.html,3,left,right,2,text-enrichment-reader-round2-n30-v1:participant:7:documents:set:2:rotation:13,,,n30-round2-three-versions-v1,2026-09-04-r2-v1
n30-round2-three-versions-v1-slot-07,,7,2,21,59,P10_DOC_B,20,D5_maximal,D5_maximal.html,6,right,left,2,text-enrichment-reader-round2-n30-v1:participant:7:documents:set:2:rotation:13,,,n30-round2-three-versions-v1,2026-09-04-r2-v1
n30-round2-three-versions-v1-slot-07,,7,2,22,60,P1_DOC_B,2,W_writer_optimal,W_writer_optimal.html,3,left,right,2,text-enrichment-reader-round2-n30-v1:participant:7:documents:set:2:rotation:13,,,n30-round2-three-versions-v1,2026-09-04-r2-v1
n30-round2-three-versions-v1-slot-07,,7,2,23,61,P19_DOC_B,38,W_writer_optimal,W_writer_optimal.html,3,left,right,2,text-enrichment-reader-round2-n30-v1:participant:7:documents:set:2:rotation:13,,,n30-round2-three-versions-v1,2026-09-04-r2-v1
n30-round2-three-versions-v1-slot-07,,7,2,24,62,P19_DOC_A,37,D3_derived,D3_derived.html,4,left,right,2,text-enrichment-reader-round2-n30-v1:participant:7:documents:set:2:rotation:13,,,n30-round2-three-versions-v1,2026-09-04-r2-v1
n30-round2-three-versions-v1-slot-07,,7,2,25,63,P2_DOC_A,3,D4_derived,D4_derived.html,5,left,right,2,text-enrichment-reader-round2-n30-v1:participant:7:documents:set:2:rotation:13,,,n30-round2-three-versions-v1,2026-09-04-r2-v1
n30-round2-three-versions-v1-slot-07,,7,2,26,64,P11_DOC_B,22,D1_derived,D1_derived.html,1,right,left,2,text-enrichment-reader-round2-n30-v1:participant:7:documents:set:2:rotation:13,,,n30-round2-three-versions-v1,2026-09-04-r2-v1
n30-round2-three-versions-v1-slot-07,,7,2,27,65,P7_DOC_B,14,W_writer_optimal,W_writer_optimal.html,3,right,left,2,text-enrichment-reader-round2-n30-v1:participant:7:documents:set:2:rotation:13,,,n30-round2-three-versions-v1,2026-09-04-r2-v1
n30-round2-three-versions-v1-slot-07,,7,2,28,66,P9_DOC_A,17,D5_maximal,D5_maximal.html,6,right,left,2,text-enrichment-reader-round2-n30-v1:participant:7:documents:set:2:rotation:13,,,n30-round2-three-versions-v1,2026-09-04-r2-v1
n30-round2-three-versions-v1-slot-07,,7,2,29,67,P9_DOC_B,18,D4_derived,D4_derived.html,5,right,left,2,text-enrichment-reader-round2-n30-v1:participant:7:documents:set:2:rotation:13,,,n30-round2-three-versions-v1,2026-09-04-r2-v1
n30-round2-three-versions-v1-slot-07,,7,2,30,68,P15_DOC_B,30,D4_derived,D4_derived.html,5,left,right,2,text-enrichment-reader-round2-n30-v1:participant:7:documents:set:2:rotation:13,,,n30-round2-three-versions-v1,2026-09-04-r2-v1
n30-round2-three-versions-v1-slot-07,,7,2,31,69,P12_DOC_B,24,D2_derived,D2_derived.html,2,right,left,2,text-enrichment-reader-round2-n30-v1:participant:7:documents:set:2:rotation:13,,,n30-round2-three-versions-v1,2026-09-04-r2-v1
n30-round2-three-versions-v1-slot-07,,7,2,32,70,P3_DOC_B,6,D4_derived,D4_derived.html,5,right,left,2,text-enrichment-reader-round2-n30-v1:participant:7:documents:set:2:rotation:13,,,n30-round2-three-versions-v1,2026-09-04-r2-v1
n30-round2-three-versions-v1-slot-07,,7,2,33,71,P6_DOC_B,12,D2_derived,D2_derived.html,2,right,left,2,text-enrichment-reader-round2-n30-v1:participant:7:documents:set:2:rotation:13,,,n30-round2-three-versions-v1,2026-09-04-r2-v1
n30-round2-three-versions-v1-slot-07,,7,2,34,72,P2_DOC_B,4,D3_derived,D3_derived.html,4,left,right,2,text-enrichment-reader-round2-n30-v1:participant:7:documents:set:2:rotation:13,,,n30-round2-three-versions-v1,2026-09-04-r2-v1
n30-round2-three-versions-v1-slot-07,,7,2,35,73,P13_DOC_A,25,D3_derived,D3_derived.html,4,left,right,2,text-enrichment-reader-round2-n30-v1:participant:7:documents:set:2:rotation:13,,,n30-round2-three-versions-v1,2026-09-04-r2-v1
n30-round2-three-versions-v1-slot-07,,7,2,36,74,P12_DOC_A,23,W_writer_optimal,W_writer_optimal.html,3,left,right,2,text-enrichment-reader-round2-n30-v1:participant:7:documents:set:2:rotation:13,,,n30-round2-three-versions-v1,2026-09-04-r2-v1
n30-round2-three-versions-v1-slot-07,,7,2,37,75,P17_DOC_B,34,D1_derived,D1_derived.html,1,left,right,2,text-enrichment-reader-round2-n30-v1:participant:7:documents:set:2:rotation:13,,,n30-round2-three-versions-v1,2026-09-04-r2-v1
n30-round2-three-versions-v1-slot-07,,7,2,38,76,P11_DOC_A,21,D2_derived,D2_derived.html,2,right,left,2,text-enrichment-reader-round2-n30-v1:participant:7:documents:set:2:rotation:13,,,n30-round2-three-versions-v1,2026-09-04-r2-v1
n30-round2-three-versions-v1-slot-07,,7,3,1,77,P4_DOC_A,7,D2_derived,D2_derived.html,2,right,left,3,text-enrichment-reader-round2-n30-v1:participant:7:documents:set:3:rotation:26,,,n30-round2-three-versions-v1,2026-09-04-r2-v1
n30-round2-three-versions-v1-slot-07,,7,3,2,78,P7_DOC_A,13,D4_derived,D4_derived.html,5,right,left,3,text-enrichment-reader-round2-n30-v1:participant:7:documents:set:3:rotation:26,,,n30-round2-three-versions-v1,2026-09-04-r2-v1
n30-round2-three-versions-v1-slot-07,,7,3,3,79,P5_DOC_A,9,W_writer_optimal,W_writer_optimal.html,3,right,left,3,text-enrichment-reader-round2-n30-v1:participant:7:documents:set:3:rotation:26,,,n30-round2-three-versions-v1,2026-09-04-r2-v1
n30-round2-three-versions-v1-slot-07,,7,3,4,80,P16_DOC_B,32,W_writer_optimal,W_writer_optimal.html,3,left,right,3,text-enrichment-reader-round2-n30-v1:participant:7:documents:set:3:rotation:26,,,n30-round2-three-versions-v1,2026-09-04-r2-v1
n30-round2-three-versions-v1-slot-07,,7,3,5,81,P8_DOC_B,16,D1_derived,D1_derived.html,1,right,left,3,text-enrichment-reader-round2-n30-v1:participant:7:documents:set:3:rotation:26,,,n30-round2-three-versions-v1,2026-09-04-r2-v1
n30-round2-three-versions-v1-slot-07,,7,3,6,82,P13_DOC_B,26,D5_maximal,D5_maximal.html,6,left,right,3,text-enrichment-reader-round2-n30-v1:participant:7:documents:set:3:rotation:26,,,n30-round2-three-versions-v1,2026-09-04-r2-v1
n30-round2-three-versions-v1-slot-07,,7,3,7,83,P18_DOC_A,35,D3_derived,D3_derived.html,4,left,right,3,text-enrichment-reader-round2-n30-v1:participant:7:documents:set:3:rotation:26,,,n30-round2-three-versions-v1,2026-09-04-r2-v1
n30-round2-three-versions-v1-slot-07,,7,3,8,84,P10_DOC_B,20,W_writer_optimal,W_writer_optimal.html,3,right,left,3,text-enrichment-reader-round2-n30-v1:participant:7:documents:set:3:rotation:26,,,n30-round2-three-versions-v1,2026-09-04-r2-v1
n30-round2-three-versions-v1-slot-07,,7,3,9,85,P1_DOC_B,2,D5_maximal,D5_maximal.html,6,left,right,3,text-enrichment-reader-round2-n30-v1:participant:7:documents:set:3:rotation:26,,,n30-round2-three-versions-v1,2026-09-04-r2-v1
n30-round2-three-versions-v1-slot-07,,7,3,10,86,P19_DOC_B,38,D5_maximal,D5_maximal.html,6,left,right,3,text-enrichment-reader-round2-n30-v1:participant:7:documents:set:3:rotation:26,,,n30-round2-three-versions-v1,2026-09-04-r2-v1
n30-round2-three-versions-v1-slot-07,,7,3,11,87,P19_DOC_A,37,D4_derived,D4_derived.html,5,left,right,3,text-enrichment-reader-round2-n30-v1:participant:7:documents:set:3:rotation:26,,,n30-round2-three-versions-v1,2026-09-04-r2-v1
n30-round2-three-versions-v1-slot-07,,7,3,12,88,P2_DOC_A,3,D5_maximal,D5_maximal.html,6,right,left,3,text-enrichment-reader-round2-n30-v1:participant:7:documents:set:3:rotation:26,,,n30-round2-three-versions-v1,2026-09-04-r2-v1
n30-round2-three-versions-v1-slot-07,,7,3,13,89,P11_DOC_B,22,D3_derived,D3_derived.html,4,left,right,3,text-enrichment-reader-round2-n30-v1:participant:7:documents:set:3:rotation:26,,,n30-round2-three-versions-v1,2026-09-04-r2-v1
n30-round2-three-versions-v1-slot-07,,7,3,14,90,P7_DOC_B,14,D5_maximal,D5_maximal.html,6,right,left,3,text-enrichment-reader-round2-n30-v1:participant:7:documents:set:3:rotation:26,,,n30-round2-three-versions-v1,2026-09-04-r2-v1
n30-round2-three-versions-v1-slot-07,,7,3,15,91,P9_DOC_A,17,D1_derived,D1_derived.html,1,right,left,3,text-enrichment-reader-round2-n30-v1:participant:7:documents:set:3:rotation:26,,,n30-round2-three-versions-v1,2026-09-04-r2-v1
n30-round2-three-versions-v1-slot-07,,7,3,16,92,P9_DOC_B,18,D2_derived,D2_derived.html,2,right,left,3,text-enrichment-reader-round2-n30-v1:participant:7:documents:set:3:rotation:26,,,n30-round2-three-versions-v1,2026-09-04-r2-v1
n30-round2-three-versions-v1-slot-07,,7,3,17,93,P15_DOC_B,30,D2_derived,D2_derived.html,2,left,right,3,text-enrichment-reader-round2-n30-v1:participant:7:documents:set:3:rotation:26,,,n30-round2-three-versions-v1,2026-09-04-r2-v1
n30-round2-three-versions-v1-slot-07,,7,3,18,94,P12_DOC_B,24,D4_derived,D4_derived.html,5,left,right,3,text-enrichment-reader-round2-n30-v1:participant:7:documents:set:3:rotation:26,,,n30-round2-three-versions-v1,2026-09-04-r2-v1
n30-round2-three-versions-v1-slot-07,,7,3,19,95,P3_DOC_B,6,D2_derived,D2_derived.html,2,right,left,3,text-enrichment-reader-round2-n30-v1:participant:7:documents:set:3:rotation:26,,,n30-round2-three-versions-v1,2026-09-04-r2-v1
n30-round2-three-versions-v1-slot-07,,7,3,20,96,P6_DOC_B,12,D4_derived,D4_derived.html,5,right,left,3,text-enrichment-reader-round2-n30-v1:participant:7:documents:set:3:rotation:26,,,n30-round2-three-versions-v1,2026-09-04-r2-v1
n30-round2-three-versions-v1-slot-07,,7,3,21,97,P2_DOC_B,4,D1_derived,D1_derived.html,1,right,left,3,text-enrichment-reader-round2-n30-v1:participant:7:documents:set:3:rotation:26,,,n30-round2-three-versions-v1,2026-09-04-r2-v1
n30-round2-three-versions-v1-slot-07,,7,3,22,98,P13_DOC_A,25,D4_derived,D4_derived.html,5,left,right,3,text-enrichment-reader-round2-n30-v1:participant:7:documents:set:3:rotation:26,,,n30-round2-three-versions-v1,2026-09-04-r2-v1
n30-round2-three-versions-v1-slot-07,,7,3,23,99,P12_DOC_A,23,D3_derived,D3_derived.html,4,right,left,3,text-enrichment-reader-round2-n30-v1:participant:7:documents:set:3:rotation:26,,,n30-round2-three-versions-v1,2026-09-04-r2-v1
n30-round2-three-versions-v1-slot-07,,7,3,24,100,P17_DOC_B,34,D3_derived,D3_derived.html,4,left,right,3,text-enrichment-reader-round2-n30-v1:participant:7:documents:set:3:rotation:26,,,n30-round2-three-versions-v1,2026-09-04-r2-v1
n30-round2-three-versions-v1-slot-07,,7,3,25,101,P11_DOC_A,21,W_writer_optimal,W_writer_optimal.html,3,left,right,3,text-enrichment-reader-round2-n30-v1:participant:7:documents:set:3:rotation:26,,,n30-round2-three-versions-v1,2026-09-04-r2-v1
n30-round2-three-versions-v1-slot-07,,7,3,26,102,P5_DOC_B,10,D3_derived,D3_derived.html,4,right,left,3,text-enrichment-reader-round2-n30-v1:participant:7:documents:set:3:rotation:26,,,n30-round2-three-versions-v1,2026-09-04-r2-v1
n30-round2-three-versions-v1-slot-07,,7,3,27,103,P14_DOC_B,28,D1_derived,D1_derived.html,1,left,right,3,text-enrichment-reader-round2-n30-v1:participant:7:documents:set:3:rotation:26,,,n30-round2-three-versions-v1,2026-09-04-r2-v1
n30-round2-three-versions-v1-slot-07,,7,3,28,104,P4_DOC_B,8,W_writer_optimal,W_writer_optimal.html,3,right,left,3,text-enrichment-reader-round2-n30-v1:participant:7:documents:set:3:rotation:26,,,n30-round2-three-versions-v1,2026-09-04-r2-v1
n30-round2-three-versions-v1-slot-07,,7,3,29,105,P3_DOC_A,5,D1_derived,D1_derived.html,1,right,left,3,text-enrichment-reader-round2-n30-v1:participant:7:documents:set:3:rotation:26,,,n30-round2-three-versions-v1,2026-09-04-r2-v1
n30-round2-three-versions-v1-slot-07,,7,3,30,106,P14_DOC_A,27,D5_maximal,D5_maximal.html,6,left,right,3,text-enrichment-reader-round2-n30-v1:participant:7:documents:set:3:rotation:26,,,n30-round2-three-versions-v1,2026-09-04-r2-v1
n30-round2-three-versions-v1-slot-07,,7,3,31,107,P8_DOC_A,15,D5_maximal,D5_maximal.html,6,right,left,3,text-enrichment-reader-round2-n30-v1:participant:7:documents:set:3:rotation:26,,,n30-round2-three-versions-v1,2026-09-04-r2-v1
n30-round2-three-versions-v1-slot-07,,7,3,32,108,P6_DOC_A,11,D3_derived,D3_derived.html,4,right,left,3,text-enrichment-reader-round2-n30-v1:participant:7:documents:set:3:rotation:26,,,n30-round2-three-versions-v1,2026-09-04-r2-v1
n30-round2-three-versions-v1-slot-07,,7,3,33,109,P17_DOC_A,33,W_writer_optimal,W_writer_optimal.html,3,left,right,3,text-enrichment-reader-round2-n30-v1:participant:7:documents:set:3:rotation:26,,,n30-round2-three-versions-v1,2026-09-04-r2-v1
n30-round2-three-versions-v1-slot-07,,7,3,34,110,P16_DOC_A,31,D2_derived,D2_derived.html,2,left,right,3,text-enrichment-reader-round2-n30-v1:participant:7:documents:set:3:rotation:26,,,n30-round2-three-versions-v1,2026-09-04-r2-v1
n30-round2-three-versions-v1-slot-07,,7,3,35,111,P15_DOC_A,29,D1_derived,D1_derived.html,1,left,right,3,text-enrichment-reader-round2-n30-v1:participant:7:documents:set:3:rotation:26,,,n30-round2-three-versions-v1,2026-09-04-r2-v1
n30-round2-three-versions-v1-slot-07,,7,3,36,112,P18_DOC_B,36,D4_derived,D4_derived.html,5,left,right,3,text-enrichment-reader-round2-n30-v1:participant:7:documents:set:3:rotation:26,,,n30-round2-three-versions-v1,2026-09-04-r2-v1
n30-round2-three-versions-v1-slot-07,,7,3,37,113,P1_DOC_A,1,D4_derived,D4_derived.html,5,left,right,3,text-enrichment-reader-round2-n30-v1:participant:7:documents:set:3:rotation:26,,,n30-round2-three-versions-v1,2026-09-04-r2-v1
n30-round2-three-versions-v1-slot-07,,7,3,38,114,P10_DOC_A,19,D2_derived,D2_derived.html,2,right,left,3,text-enrichment-reader-round2-n30-v1:participant:7:documents:set:3:rotation:26,,,n30-round2-three-versions-v1,2026-09-04-r2-v1
n30-round2-three-versions-v1-slot-08,,8,1,1,1,P2_DOC_B,4,D2_derived,D2_derived.html,2,left,right,1,text-enrichment-reader-round2-n30-v1:participant:8:documents:set:1:rotation:0,,,n30-round2-three-versions-v1,2026-09-04-r2-v1
n30-round2-three-versions-v1-slot-08,,8,1,2,2,P16_DOC_B,32,D3_derived,D3_derived.html,4,left,right,1,text-enrichment-reader-round2-n30-v1:participant:8:documents:set:1:rotation:0,,,n30-round2-three-versions-v1,2026-09-04-r2-v1
n30-round2-three-versions-v1-slot-08,,8,1,3,3,P10_DOC_A,19,D4_derived,D4_derived.html,5,right,left,1,text-enrichment-reader-round2-n30-v1:participant:8:documents:set:1:rotation:0,,,n30-round2-three-versions-v1,2026-09-04-r2-v1
n30-round2-three-versions-v1-slot-08,,8,1,4,4,P12_DOC_A,23,D1_derived,D1_derived.html,1,right,left,1,text-enrichment-reader-round2-n30-v1:participant:8:documents:set:1:rotation:0,,,n30-round2-three-versions-v1,2026-09-04-r2-v1
n30-round2-three-versions-v1-slot-08,,8,1,5,5,P18_DOC_B,36,D5_maximal,D5_maximal.html,6,left,right,1,text-enrichment-reader-round2-n30-v1:participant:8:documents:set:1:rotation:0,,,n30-round2-three-versions-v1,2026-09-04-r2-v1
n30-round2-three-versions-v1-slot-08,,8,1,6,6,P17_DOC_B,34,D4_derived,D4_derived.html,5,left,right,1,text-enrichment-reader-round2-n30-v1:participant:8:documents:set:1:rotation:0,,,n30-round2-three-versions-v1,2026-09-04-r2-v1
n30-round2-three-versions-v1-slot-08,,8,1,7,7,P9_DOC_A,17,D3_derived,D3_derived.html,4,right,left,1,text-enrichment-reader-round2-n30-v1:participant:8:documents:set:1:rotation:0,,,n30-round2-three-versions-v1,2026-09-04-r2-v1
n30-round2-three-versions-v1-slot-08,,8,1,8,8,P1_DOC_B,2,D1_derived,D1_derived.html,1,left,right,1,text-enrichment-reader-round2-n30-v1:participant:8:documents:set:1:rotation:0,,,n30-round2-three-versions-v1,2026-09-04-r2-v1
n30-round2-three-versions-v1-slot-08,,8,1,9,9,P2_DOC_A,3,W_writer_optimal,W_writer_optimal.html,3,left,right,1,text-enrichment-reader-round2-n30-v1:participant:8:documents:set:1:rotation:0,,,n30-round2-three-versions-v1,2026-09-04-r2-v1
n30-round2-three-versions-v1-slot-08,,8,1,10,10,P9_DOC_B,18,W_writer_optimal,W_writer_optimal.html,3,right,left,1,text-enrichment-reader-round2-n30-v1:participant:8:documents:set:1:rotation:0,,,n30-round2-three-versions-v1,2026-09-04-r2-v1
n30-round2-three-versions-v1-slot-08,,8,1,11,11,P14_DOC_A,27,W_writer_optimal,W_writer_optimal.html,3,left,right,1,text-enrichment-reader-round2-n30-v1:participant:8:documents:set:1:rotation:0,,,n30-round2-three-versions-v1,2026-09-04-r2-v1
n30-round2-three-versions-v1-slot-08,,8,1,12,12,P11_DOC_A,21,D5_maximal,D5_maximal.html,6,right,left,1,text-enrichment-reader-round2-n30-v1:participant:8:documents:set:1:rotation:0,,,n30-round2-three-versions-v1,2026-09-04-r2-v1
n30-round2-three-versions-v1-slot-08,,8,1,13,13,P1_DOC_A,1,D2_derived,D2_derived.html,2,left,right,1,text-enrichment-reader-round2-n30-v1:participant:8:documents:set:1:rotation:0,,,n30-round2-three-versions-v1,2026-09-04-r2-v1
n30-round2-three-versions-v1-slot-08,,8,1,14,14,P8_DOC_A,15,W_writer_optimal,W_writer_optimal.html,3,right,left,1,text-enrichment-reader-round2-n30-v1:participant:8:documents:set:1:rotation:0,,,n30-round2-three-versions-v1,2026-09-04-r2-v1
n30-round2-three-versions-v1-slot-08,,8,1,15,15,P4_DOC_A,7,D4_derived,D4_derived.html,5,right,left,1,text-enrichment-reader-round2-n30-v1:participant:8:documents:set:1:rotation:0,,,n30-round2-three-versions-v1,2026-09-04-r2-v1
n30-round2-three-versions-v1-slot-08,,8,1,16,16,P3_DOC_A,5,D3_derived,D3_derived.html,4,left,right,1,text-enrichment-reader-round2-n30-v1:participant:8:documents:set:1:rotation:0,,,n30-round2-three-versions-v1,2026-09-04-r2-v1
n30-round2-three-versions-v1-slot-08,,8,1,17,17,P3_DOC_B,6,W_writer_optimal,W_writer_optimal.html,3,left,right,1,text-enrichment-reader-round2-n30-v1:participant:8:documents:set:1:rotation:0,,,n30-round2-three-versions-v1,2026-09-04-r2-v1
n30-round2-three-versions-v1-slot-08,,8,1,18,18,P11_DOC_B,22,D4_derived,D4_derived.html,5,right,left,1,text-enrichment-reader-round2-n30-v1:participant:8:documents:set:1:rotation:0,,,n30-round2-three-versions-v1,2026-09-04-r2-v1
n30-round2-three-versions-v1-slot-08,,8,1,19,19,P13_DOC_B,26,D1_derived,D1_derived.html,1,right,left,1,text-enrichment-reader-round2-n30-v1:participant:8:documents:set:1:rotation:0,,,n30-round2-three-versions-v1,2026-09-04-r2-v1
n30-round2-three-versions-v1-slot-08,,8,1,20,20,P12_DOC_B,24,D5_maximal,D5_maximal.html,6,left,right,1,text-enrichment-reader-round2-n30-v1:participant:8:documents:set:1:rotation:0,,,n30-round2-three-versions-v1,2026-09-04-r2-v1
n30-round2-three-versions-v1-slot-08,,8,1,21,21,P6_DOC_B,12,D5_maximal,D5_maximal.html,6,right,left,1,text-enrichment-reader-round2-n30-v1:participant:8:documents:set:1:rotation:0,,,n30-round2-three-versions-v1,2026-09-04-r2-v1
n30-round2-three-versions-v1-slot-08,,8,1,22,22,P17_DOC_A,33,D5_maximal,D5_maximal.html,6,left,right,1,text-enrichment-reader-round2-n30-v1:participant:8:documents:set:1:rotation:0,,,n30-round2-three-versions-v1,2026-09-04-r2-v1
n30-round2-three-versions-v1-slot-08,,8,1,23,23,P8_DOC_B,16,D2_derived,D2_derived.html,2,right,left,1,text-enrichment-reader-round2-n30-v1:participant:8:documents:set:1:rotation:0,,,n30-round2-three-versions-v1,2026-09-04-r2-v1
n30-round2-three-versions-v1-slot-08,,8,1,24,24,P15_DOC_A,29,D3_derived,D3_derived.html,4,right,left,1,text-enrichment-reader-round2-n30-v1:participant:8:documents:set:1:rotation:0,,,n30-round2-three-versions-v1,2026-09-04-r2-v1
n30-round2-three-versions-v1-slot-08,,8,1,25,25,P18_DOC_A,35,D1_derived,D1_derived.html,1,left,right,1,text-enrichment-reader-round2-n30-v1:participant:8:documents:set:1:rotation:0,,,n30-round2-three-versions-v1,2026-09-04-r2-v1
n30-round2-three-versions-v1-slot-08,,8,1,26,26,P14_DOC_B,28,D2_derived,D2_derived.html,2,left,right,1,text-enrichment-reader-round2-n30-v1:participant:8:documents:set:1:rotation:0,,,n30-round2-three-versions-v1,2026-09-04-r2-v1
n30-round2-three-versions-v1-slot-08,,8,1,27,27,P19_DOC_A,37,D2_derived,D2_derived.html,2,left,right,1,text-enrichment-reader-round2-n30-v1:participant:8:documents:set:1:rotation:0,,,n30-round2-three-versions-v1,2026-09-04-r2-v1
n30-round2-three-versions-v1-slot-08,,8,1,28,28,P7_DOC_B,14,D1_derived,D1_derived.html,1,right,left,1,text-enrichment-reader-round2-n30-v1:participant:8:documents:set:1:rotation:0,,,n30-round2-three-versions-v1,2026-09-04-r2-v1
n30-round2-three-versions-v1-slot-08,,8,1,29,29,P5_DOC_B,10,D4_derived,D4_derived.html,5,right,left,1,text-enrichment-reader-round2-n30-v1:participant:8:documents:set:1:rotation:0,,,n30-round2-three-versions-v1,2026-09-04-r2-v1
n30-round2-three-versions-v1-slot-08,,8,1,30,30,P6_DOC_A,11,D1_derived,D1_derived.html,1,right,left,1,text-enrichment-reader-round2-n30-v1:participant:8:documents:set:1:rotation:0,,,n30-round2-three-versions-v1,2026-09-04-r2-v1
n30-round2-three-versions-v1-slot-08,,8,1,31,31,P19_DOC_B,38,D1_derived,D1_derived.html,1,left,right,1,text-enrichment-reader-round2-n30-v1:participant:8:documents:set:1:rotation:0,,,n30-round2-three-versions-v1,2026-09-04-r2-v1
n30-round2-three-versions-v1-slot-08,,8,1,32,32,P15_DOC_B,30,W_writer_optimal,W_writer_optimal.html,3,left,right,1,text-enrichment-reader-round2-n30-v1:participant:8:documents:set:1:rotation:0,,,n30-round2-three-versions-v1,2026-09-04-r2-v1
n30-round2-three-versions-v1-slot-08,,8,1,33,33,P10_DOC_B,20,D3_derived,D3_derived.html,4,left,right,1,text-enrichment-reader-round2-n30-v1:participant:8:documents:set:1:rotation:0,,,n30-round2-three-versions-v1,2026-09-04-r2-v1
n30-round2-three-versions-v1-slot-08,,8,1,34,34,P7_DOC_A,13,D2_derived,D2_derived.html,2,right,left,1,text-enrichment-reader-round2-n30-v1:participant:8:documents:set:1:rotation:0,,,n30-round2-three-versions-v1,2026-09-04-r2-v1
n30-round2-three-versions-v1-slot-08,,8,1,35,35,P5_DOC_A,9,D5_maximal,D5_maximal.html,6,right,left,1,text-enrichment-reader-round2-n30-v1:participant:8:documents:set:1:rotation:0,,,n30-round2-three-versions-v1,2026-09-04-r2-v1
n30-round2-three-versions-v1-slot-08,,8,1,36,36,P13_DOC_A,25,D2_derived,D2_derived.html,2,right,left,1,text-enrichment-reader-round2-n30-v1:participant:8:documents:set:1:rotation:0,,,n30-round2-three-versions-v1,2026-09-04-r2-v1
n30-round2-three-versions-v1-slot-08,,8,1,37,37,P4_DOC_B,8,D3_derived,D3_derived.html,4,right,left,1,text-enrichment-reader-round2-n30-v1:participant:8:documents:set:1:rotation:0,,,n30-round2-three-versions-v1,2026-09-04-r2-v1
n30-round2-three-versions-v1-slot-08,,8,1,38,38,P16_DOC_A,31,D4_derived,D4_derived.html,5,left,right,1,text-enrichment-reader-round2-n30-v1:participant:8:documents:set:1:rotation:0,,,n30-round2-three-versions-v1,2026-09-04-r2-v1
n30-round2-three-versions-v1-slot-08,,8,2,1,39,P8_DOC_A,15,D5_maximal,D5_maximal.html,6,right,left,2,text-enrichment-reader-round2-n30-v1:participant:8:documents:set:2:rotation:13,,,n30-round2-three-versions-v1,2026-09-04-r2-v1
n30-round2-three-versions-v1-slot-08,,8,2,2,40,P4_DOC_A,7,D2_derived,D2_derived.html,2,right,left,2,text-enrichment-reader-round2-n30-v1:participant:8:documents:set:2:rotation:13,,,n30-round2-three-versions-v1,2026-09-04-r2-v1
n30-round2-three-versions-v1-slot-08,,8,2,3,41,P3_DOC_A,5,D1_derived,D1_derived.html,1,left,right,2,text-enrichment-reader-round2-n30-v1:participant:8:documents:set:2:rotation:13,,,n30-round2-three-versions-v1,2026-09-04-r2-v1
n30-round2-three-versions-v1-slot-08,,8,2,4,42,P3_DOC_B,6,D4_derived,D4_derived.html,5,left,right,2,text-enrichment-reader-round2-n30-v1:participant:8:documents:set:2:rotation:13,,,n30-round2-three-versions-v1,2026-09-04-r2-v1
n30-round2-three-versions-v1-slot-08,,8,2,5,43,P11_DOC_B,22,D1_derived,D1_derived.html,1,right,left,2,text-enrichment-reader-round2-n30-v1:participant:8:documents:set:2:rotation:13,,,n30-round2-three-versions-v1,2026-09-04-r2-v1
n30-round2-three-versions-v1-slot-08,,8,2,6,44,P13_DOC_B,26,W_writer_optimal,W_writer_optimal.html,3,left,right,2,text-enrichment-reader-round2-n30-v1:participant:8:documents:set:2:rotation:13,,,n30-round2-three-versions-v1,2026-09-04-r2-v1
n30-round2-three-versions-v1-slot-08,,8,2,7,45,P12_DOC_B,24,D2_derived,D2_derived.html,2,right,left,2,text-enrichment-reader-round2-n30-v1:participant:8:documents:set:2:rotation:13,,,n30-round2-three-versions-v1,2026-09-04-r2-v1
n30-round2-three-versions-v1-slot-08,,8,2,8,46,P6_DOC_B,12,D2_derived,D2_derived.html,2,right,left,2,text-enrichment-reader-round2-n30-v1:participant:8:documents:set:2:rotation:13,,,n30-round2-three-versions-v1,2026-09-04-r2-v1
n30-round2-three-versions-v1-slot-08,,8,2,9,47,P17_DOC_A,33,W_writer_optimal,W_writer_optimal.html,3,left,right,2,text-enrichment-reader-round2-n30-v1:participant:8:documents:set:2:rotation:13,,,n30-round2-three-versions-v1,2026-09-04-r2-v1
n30-round2-three-versions-v1-slot-08,,8,2,10,48,P8_DOC_B,16,D3_derived,D3_derived.html,4,right,left,2,text-enrichment-reader-round2-n30-v1:participant:8:documents:set:2:rotation:13,,,n30-round2-three-versions-v1,2026-09-04-r2-v1
n30-round2-three-versions-v1-slot-08,,8,2,11,49,P15_DOC_A,29,D1_derived,D1_derived.html,1,left,right,2,text-enrichment-reader-round2-n30-v1:participant:8:documents:set:2:rotation:13,,,n30-round2-three-versions-v1,2026-09-04-r2-v1
n30-round2-three-versions-v1-slot-08,,8,2,12,50,P18_DOC_A,35,D3_derived,D3_derived.html,4,left,right,2,text-enrichment-reader-round2-n30-v1:participant:8:documents:set:2:rotation:13,,,n30-round2-three-versions-v1,2026-09-04-r2-v1
n30-round2-three-versions-v1-slot-08,,8,2,13,51,P14_DOC_B,28,D3_derived,D3_derived.html,4,left,right,2,text-enrichment-reader-round2-n30-v1:participant:8:documents:set:2:rotation:13,,,n30-round2-three-versions-v1,2026-09-04-r2-v1
n30-round2-three-versions-v1-slot-08,,8,2,14,52,P19_DOC_A,37,D4_derived,D4_derived.html,5,left,right,2,text-enrichment-reader-round2-n30-v1:participant:8:documents:set:2:rotation:13,,,n30-round2-three-versions-v1,2026-09-04-r2-v1
n30-round2-three-versions-v1-slot-08,,8,2,15,53,P7_DOC_B,14,W_writer_optimal,W_writer_optimal.html,3,right,left,2,text-enrichment-reader-round2-n30-v1:participant:8:documents:set:2:rotation:13,,,n30-round2-three-versions-v1,2026-09-04-r2-v1
n30-round2-three-versions-v1-slot-08,,8,2,16,54,P5_DOC_B,10,D1_derived,D1_derived.html,1,right,left,2,text-enrichment-reader-round2-n30-v1:participant:8:documents:set:2:rotation:13,,,n30-round2-three-versions-v1,2026-09-04-r2-v1
n30-round2-three-versions-v1-slot-08,,8,2,17,55,P6_DOC_A,11,D3_derived,D3_derived.html,4,right,left,2,text-enrichment-reader-round2-n30-v1:participant:8:documents:set:2:rotation:13,,,n30-round2-three-versions-v1,2026-09-04-r2-v1
n30-round2-three-versions-v1-slot-08,,8,2,18,56,P19_DOC_B,38,W_writer_optimal,W_writer_optimal.html,3,left,right,2,text-enrichment-reader-round2-n30-v1:participant:8:documents:set:2:rotation:13,,,n30-round2-three-versions-v1,2026-09-04-r2-v1
n30-round2-three-versions-v1-slot-08,,8,2,19,57,P15_DOC_B,30,D4_derived,D4_derived.html,5,left,right,2,text-enrichment-reader-round2-n30-v1:participant:8:documents:set:2:rotation:13,,,n30-round2-three-versions-v1,2026-09-04-r2-v1
n30-round2-three-versions-v1-slot-08,,8,2,20,58,P10_DOC_B,20,D5_maximal,D5_maximal.html,6,right,left,2,text-enrichment-reader-round2-n30-v1:participant:8:documents:set:2:rotation:13,,,n30-round2-three-versions-v1,2026-09-04-r2-v1
n30-round2-three-versions-v1-slot-08,,8,2,21,59,P7_DOC_A,13,D4_derived,D4_derived.html,5,right,left,2,text-enrichment-reader-round2-n30-v1:participant:8:documents:set:2:rotation:13,,,n30-round2-three-versions-v1,2026-09-04-r2-v1
n30-round2-three-versions-v1-slot-08,,8,2,22,60,P5_DOC_A,9,W_writer_optimal,W_writer_optimal.html,3,right,left,2,text-enrichment-reader-round2-n30-v1:participant:8:documents:set:2:rotation:13,,,n30-round2-three-versions-v1,2026-09-04-r2-v1
n30-round2-three-versions-v1-slot-08,,8,2,23,61,P13_DOC_A,25,D4_derived,D4_derived.html,5,left,right,2,text-enrichment-reader-round2-n30-v1:participant:8:documents:set:2:rotation:13,,,n30-round2-three-versions-v1,2026-09-04-r2-v1
n30-round2-three-versions-v1-slot-08,,8,2,24,62,P4_DOC_B,8,D5_maximal,D5_maximal.html,6,right,left,2,text-enrichment-reader-round2-n30-v1:participant:8:documents:set:2:rotation:13,,,n30-round2-three-versions-v1,2026-09-04-r2-v1
n30-round2-three-versions-v1-slot-08,,8,2,25,63,P16_DOC_A,31,D2_derived,D2_derived.html,2,left,right,2,text-enrichment-reader-round2-n30-v1:participant:8:documents:set:2:rotation:13,,,n30-round2-three-versions-v1,2026-09-04-r2-v1
n30-round2-three-versions-v1-slot-08,,8,2,26,64,P2_DOC_B,4,D3_derived,D3_derived.html,4,left,right,2,text-enrichment-reader-round2-n30-v1:participant:8:documents:set:2:rotation:13,,,n30-round2-three-versions-v1,2026-09-04-r2-v1
n30-round2-three-versions-v1-slot-08,,8,2,27,65,P16_DOC_B,32,D5_maximal,D5_maximal.html,6,left,right,2,text-enrichment-reader-round2-n30-v1:participant:8:documents:set:2:rotation:13,,,n30-round2-three-versions-v1,2026-09-04-r2-v1
n30-round2-three-versions-v1-slot-08,,8,2,28,66,P10_DOC_A,19,D2_derived,D2_derived.html,2,right,left,2,text-enrichment-reader-round2-n30-v1:participant:8:documents:set:2:rotation:13,,,n30-round2-three-versions-v1,2026-09-04-r2-v1
n30-round2-three-versions-v1-slot-08,,8,2,29,67,P12_DOC_A,23,D3_derived,D3_derived.html,4,right,left,2,text-enrichment-reader-round2-n30-v1:participant:8:documents:set:2:rotation:13,,,n30-round2-three-versions-v1,2026-09-04-r2-v1
n30-round2-three-versions-v1-slot-08,,8,2,30,68,P18_DOC_B,36,D2_derived,D2_derived.html,2,left,right,2,text-enrichment-reader-round2-n30-v1:participant:8:documents:set:2:rotation:13,,,n30-round2-three-versions-v1,2026-09-04-r2-v1
n30-round2-three-versions-v1-slot-08,,8,2,31,69,P17_DOC_B,34,D1_derived,D1_derived.html,1,left,right,2,text-enrichment-reader-round2-n30-v1:participant:8:documents:set:2:rotation:13,,,n30-round2-three-versions-v1,2026-09-04-r2-v1
n30-round2-three-versions-v1-slot-08,,8,2,32,70,P9_DOC_A,17,D1_derived,D1_derived.html,1,right,left,2,text-enrichment-reader-round2-n30-v1:participant:8:documents:set:2:rotation:13,,,n30-round2-three-versions-v1,2026-09-04-r2-v1
n30-round2-three-versions-v1-slot-08,,8,2,33,71,P1_DOC_B,2,W_writer_optimal,W_writer_optimal.html,3,left,right,2,text-enrichment-reader-round2-n30-v1:participant:8:documents:set:2:rotation:13,,,n30-round2-three-versions-v1,2026-09-04-r2-v1
n30-round2-three-versions-v1-slot-08,,8,2,34,72,P2_DOC_A,3,D5_maximal,D5_maximal.html,6,left,right,2,text-enrichment-reader-round2-n30-v1:participant:8:documents:set:2:rotation:13,,,n30-round2-three-versions-v1,2026-09-04-r2-v1
n30-round2-three-versions-v1-slot-08,,8,2,35,73,P9_DOC_B,18,D4_derived,D4_derived.html,5,right,left,2,text-enrichment-reader-round2-n30-v1:participant:8:documents:set:2:rotation:13,,,n30-round2-three-versions-v1,2026-09-04-r2-v1
n30-round2-three-versions-v1-slot-08,,8,2,36,74,P14_DOC_A,27,D5_maximal,D5_maximal.html,6,right,left,2,text-enrichment-reader-round2-n30-v1:participant:8:documents:set:2:rotation:13,,,n30-round2-three-versions-v1,2026-09-04-r2-v1
n30-round2-three-versions-v1-slot-08,,8,2,37,75,P11_DOC_A,21,W_writer_optimal,W_writer_optimal.html,3,right,left,2,text-enrichment-reader-round2-n30-v1:participant:8:documents:set:2:rotation:13,,,n30-round2-three-versions-v1,2026-09-04-r2-v1
n30-round2-three-versions-v1-slot-08,,8,2,38,76,P1_DOC_A,1,D4_derived,D4_derived.html,5,left,right,2,text-enrichment-reader-round2-n30-v1:participant:8:documents:set:2:rotation:13,,,n30-round2-three-versions-v1,2026-09-04-r2-v1
n30-round2-three-versions-v1-slot-08,,8,3,1,77,P19_DOC_A,37,D5_maximal,D5_maximal.html,6,left,right,3,text-enrichment-reader-round2-n30-v1:participant:8:documents:set:3:rotation:26,,,n30-round2-three-versions-v1,2026-09-04-r2-v1
n30-round2-three-versions-v1-slot-08,,8,3,2,78,P7_DOC_B,14,D3_derived,D3_derived.html,4,right,left,3,text-enrichment-reader-round2-n30-v1:participant:8:documents:set:3:rotation:26,,,n30-round2-three-versions-v1,2026-09-04-r2-v1
n30-round2-three-versions-v1-slot-08,,8,3,3,79,P5_DOC_B,10,D2_derived,D2_derived.html,2,left,right,3,text-enrichment-reader-round2-n30-v1:participant:8:documents:set:3:rotation:26,,,n30-round2-three-versions-v1,2026-09-04-r2-v1
n30-round2-three-versions-v1-slot-08,,8,3,4,80,P6_DOC_A,11,D4_derived,D4_derived.html,5,left,right,3,text-enrichment-reader-round2-n30-v1:participant:8:documents:set:3:rotation:26,,,n30-round2-three-versions-v1,2026-09-04-r2-v1
n30-round2-three-versions-v1-slot-08,,8,3,5,81,P19_DOC_B,38,D3_derived,D3_derived.html,4,left,right,3,text-enrichment-reader-round2-n30-v1:participant:8:documents:set:3:rotation:26,,,n30-round2-three-versions-v1,2026-09-04-r2-v1
n30-round2-three-versions-v1-slot-08,,8,3,6,82,P15_DOC_B,30,D5_maximal,D5_maximal.html,6,left,right,3,text-enrichment-reader-round2-n30-v1:participant:8:documents:set:3:rotation:26,,,n30-round2-three-versions-v1,2026-09-04-r2-v1
n30-round2-three-versions-v1-slot-08,,8,3,7,83,P10_DOC_B,20,D1_derived,D1_derived.html,1,right,left,3,text-enrichment-reader-round2-n30-v1:participant:8:documents:set:3:rotation:26,,,n30-round2-three-versions-v1,2026-09-04-r2-v1
n30-round2-three-versions-v1-slot-08,,8,3,8,84,P7_DOC_A,13,D5_maximal,D5_maximal.html,6,left,right,3,text-enrichment-reader-round2-n30-v1:participant:8:documents:set:3:rotation:26,,,n30-round2-three-versions-v1,2026-09-04-r2-v1
n30-round2-three-versions-v1-slot-08,,8,3,9,85,P5_DOC_A,9,D3_derived,D3_derived.html,4,left,right,3,text-enrichment-reader-round2-n30-v1:participant:8:documents:set:3:rotation:26,,,n30-round2-three-versions-v1,2026-09-04-r2-v1
n30-round2-three-versions-v1-slot-08,,8,3,10,86,P13_DOC_A,25,D5_maximal,D5_maximal.html,6,right,left,3,text-enrichment-reader-round2-n30-v1:participant:8:documents:set:3:rotation:26,,,n30-round2-three-versions-v1,2026-09-04-r2-v1
n30-round2-three-versions-v1-slot-08,,8,3,11,87,P4_DOC_B,8,D1_derived,D1_derived.html,1,left,right,3,text-enrichment-reader-round2-n30-v1:participant:8:documents:set:3:rotation:26,,,n30-round2-three-versions-v1,2026-09-04-r2-v1
n30-round2-three-versions-v1-slot-08,,8,3,12,88,P16_DOC_A,31,W_writer_optimal,W_writer_optimal.html,3,left,right,3,text-enrichment-reader-round2-n30-v1:participant:8:documents:set:3:rotation:26,,,n30-round2-three-versions-v1,2026-09-04-r2-v1
n30-round2-three-versions-v1-slot-08,,8,3,13,89,P2_DOC_B,4,D4_derived,D4_derived.html,5,right,left,3,text-enrichment-reader-round2-n30-v1:participant:8:documents:set:3:rotation:26,,,n30-round2-three-versions-v1,2026-09-04-r2-v1
n30-round2-three-versions-v1-slot-08,,8,3,14,90,P16_DOC_B,32,D1_derived,D1_derived.html,1,right,left,3,text-enrichment-reader-round2-n30-v1:participant:8:documents:set:3:rotation:26,,,n30-round2-three-versions-v1,2026-09-04-r2-v1
n30-round2-three-versions-v1-slot-08,,8,3,15,91,P10_DOC_A,19,W_writer_optimal,W_writer_optimal.html,3,right,left,3,text-enrichment-reader-round2-n30-v1:participant:8:documents:set:3:rotation:26,,,n30-round2-three-versions-v1,2026-09-04-r2-v1
n30-round2-three-versions-v1-slot-08,,8,3,16,92,P12_DOC_A,23,D4_derived,D4_derived.html,5,right,left,3,text-enrichment-reader-round2-n30-v1:participant:8:documents:set:3:rotation:26,,,n30-round2-three-versions-v1,2026-09-04-r2-v1
n30-round2-three-versions-v1-slot-08,,8,3,17,93,P18_DOC_B,36,W_writer_optimal,W_writer_optimal.html,3,left,right,3,text-enrichment-reader-round2-n30-v1:participant:8:documents:set:3:rotation:26,,,n30-round2-three-versions-v1,2026-09-04-r2-v1
n30-round2-three-versions-v1-slot-08,,8,3,18,94,P17_DOC_B,34,D2_derived,D2_derived.html,2,left,right,3,text-enrichment-reader-round2-n30-v1:participant:8:documents:set:3:rotation:26,,,n30-round2-three-versions-v1,2026-09-04-r2-v1
n30-round2-three-versions-v1-slot-08,,8,3,19,95,P9_DOC_A,17,D2_derived,D2_derived.html,2,right,left,3,text-enrichment-reader-round2-n30-v1:participant:8:documents:set:3:rotation:26,,,n30-round2-three-versions-v1,2026-09-04-r2-v1
n30-round2-three-versions-v1-slot-08,,8,3,20,96,P1_DOC_B,2,D3_derived,D3_derived.html,4,right,left,3,text-enrichment-reader-round2-n30-v1:participant:8:documents:set:3:rotation:26,,,n30-round2-three-versions-v1,2026-09-04-r2-v1
n30-round2-three-versions-v1-slot-08,,8,3,21,97,P2_DOC_A,3,D1_derived,D1_derived.html,1,left,right,3,text-enrichment-reader-round2-n30-v1:participant:8:documents:set:3:rotation:26,,,n30-round2-three-versions-v1,2026-09-04-r2-v1
n30-round2-three-versions-v1-slot-08,,8,3,22,98,P9_DOC_B,18,D5_maximal,D5_maximal.html,6,right,left,3,text-enrichment-reader-round2-n30-v1:participant:8:documents:set:3:rotation:26,,,n30-round2-three-versions-v1,2026-09-04-r2-v1
n30-round2-three-versions-v1-slot-08,,8,3,23,99,P14_DOC_A,27,D1_derived,D1_derived.html,1,right,left,3,text-enrichment-reader-round2-n30-v1:participant:8:documents:set:3:rotation:26,,,n30-round2-three-versions-v1,2026-09-04-r2-v1
n30-round2-three-versions-v1-slot-08,,8,3,24,100,P11_DOC_A,21,D3_derived,D3_derived.html,4,right,left,3,text-enrichment-reader-round2-n30-v1:participant:8:documents:set:3:rotation:26,,,n30-round2-three-versions-v1,2026-09-04-r2-v1
n30-round2-three-versions-v1-slot-08,,8,3,25,101,P1_DOC_A,1,D5_maximal,D5_maximal.html,6,left,right,3,text-enrichment-reader-round2-n30-v1:participant:8:documents:set:3:rotation:26,,,n30-round2-three-versions-v1,2026-09-04-r2-v1
n30-round2-three-versions-v1-slot-08,,8,3,26,102,P8_DOC_A,15,D1_derived,D1_derived.html,1,right,left,3,text-enrichment-reader-round2-n30-v1:participant:8:documents:set:3:rotation:26,,,n30-round2-three-versions-v1,2026-09-04-r2-v1
n30-round2-three-versions-v1-slot-08,,8,3,27,103,P4_DOC_A,7,W_writer_optimal,W_writer_optimal.html,3,left,right,3,text-enrichment-reader-round2-n30-v1:participant:8:documents:set:3:rotation:26,,,n30-round2-three-versions-v1,2026-09-04-r2-v1
n30-round2-three-versions-v1-slot-08,,8,3,28,104,P3_DOC_A,5,D2_derived,D2_derived.html,2,left,right,3,text-enrichment-reader-round2-n30-v1:participant:8:documents:set:3:rotation:26,,,n30-round2-three-versions-v1,2026-09-04-r2-v1
n30-round2-three-versions-v1-slot-08,,8,3,29,105,P3_DOC_B,6,D5_maximal,D5_maximal.html,6,left,right,3,text-enrichment-reader-round2-n30-v1:participant:8:documents:set:3:rotation:26,,,n30-round2-three-versions-v1,2026-09-04-r2-v1
n30-round2-three-versions-v1-slot-08,,8,3,30,106,P11_DOC_B,22,D2_derived,D2_derived.html,2,left,right,3,text-enrichment-reader-round2-n30-v1:participant:8:documents:set:3:rotation:26,,,n30-round2-three-versions-v1,2026-09-04-r2-v1
n30-round2-three-versions-v1-slot-08,,8,3,31,107,P13_DOC_B,26,D3_derived,D3_derived.html,4,left,right,3,text-enrichment-reader-round2-n30-v1:participant:8:documents:set:3:rotation:26,,,n30-round2-three-versions-v1,2026-09-04-r2-v1
n30-round2-three-versions-v1-slot-08,,8,3,32,108,P12_DOC_B,24,W_writer_optimal,W_writer_optimal.html,3,right,left,3,text-enrichment-reader-round2-n30-v1:participant:8:documents:set:3:rotation:26,,,n30-round2-three-versions-v1,2026-09-04-r2-v1
n30-round2-three-versions-v1-slot-08,,8,3,33,109,P6_DOC_B,12,W_writer_optimal,W_writer_optimal.html,3,right,left,3,text-enrichment-reader-round2-n30-v1:participant:8:documents:set:3:rotation:26,,,n30-round2-three-versions-v1,2026-09-04-r2-v1
n30-round2-three-versions-v1-slot-08,,8,3,34,110,P17_DOC_A,33,D3_derived,D3_derived.html,4,right,left,3,text-enrichment-reader-round2-n30-v1:participant:8:documents:set:3:rotation:26,,,n30-round2-three-versions-v1,2026-09-04-r2-v1
n30-round2-three-versions-v1-slot-08,,8,3,35,111,P8_DOC_B,16,D4_derived,D4_derived.html,5,right,left,3,text-enrichment-reader-round2-n30-v1:participant:8:documents:set:3:rotation:26,,,n30-round2-three-versions-v1,2026-09-04-r2-v1
n30-round2-three-versions-v1-slot-08,,8,3,36,112,P15_DOC_A,29,D2_derived,D2_derived.html,2,right,left,3,text-enrichment-reader-round2-n30-v1:participant:8:documents:set:3:rotation:26,,,n30-round2-three-versions-v1,2026-09-04-r2-v1
n30-round2-three-versions-v1-slot-08,,8,3,37,113,P18_DOC_A,35,D4_derived,D4_derived.html,5,left,right,3,text-enrichment-reader-round2-n30-v1:participant:8:documents:set:3:rotation:26,,,n30-round2-three-versions-v1,2026-09-04-r2-v1
n30-round2-three-versions-v1-slot-08,,8,3,38,114,P14_DOC_B,28,D4_derived,D4_derived.html,5,right,left,3,text-enrichment-reader-round2-n30-v1:participant:8:documents:set:3:rotation:26,,,n30-round2-three-versions-v1,2026-09-04-r2-v1
n30-round2-three-versions-v1-slot-09,,9,1,1,1,P9_DOC_B,18,W_writer_optimal,W_writer_optimal.html,3,right,left,1,text-enrichment-reader-round2-n30-v1:participant:9:documents:set:1:rotation:0,,,n30-round2-three-versions-v1,2026-09-04-r2-v1
n30-round2-three-versions-v1-slot-09,,9,1,2,2,P1_DOC_B,2,D1_derived,D1_derived.html,1,left,right,1,text-enrichment-reader-round2-n30-v1:participant:9:documents:set:1:rotation:0,,,n30-round2-three-versions-v1,2026-09-04-r2-v1
n30-round2-three-versions-v1-slot-09,,9,1,3,3,P9_DOC_A,17,D4_derived,D4_derived.html,5,right,left,1,text-enrichment-reader-round2-n30-v1:participant:9:documents:set:1:rotation:0,,,n30-round2-three-versions-v1,2026-09-04-r2-v1
n30-round2-three-versions-v1-slot-09,,9,1,4,4,P2_DOC_A,3,D3_derived,D3_derived.html,4,left,right,1,text-enrichment-reader-round2-n30-v1:participant:9:documents:set:1:rotation:0,,,n30-round2-three-versions-v1,2026-09-04-r2-v1
n30-round2-three-versions-v1-slot-09,,9,1,5,5,P13_DOC_A,25,W_writer_optimal,W_writer_optimal.html,3,left,right,1,text-enrichment-reader-round2-n30-v1:participant:9:documents:set:1:rotation:0,,,n30-round2-three-versions-v1,2026-09-04-r2-v1
n30-round2-three-versions-v1-slot-09,,9,1,6,6,P18_DOC_B,36,D5_maximal,D5_maximal.html,6,left,right,1,text-enrichment-reader-round2-n30-v1:participant:9:documents:set:1:rotation:0,,,n30-round2-three-versions-v1,2026-09-04-r2-v1
n30-round2-three-versions-v1-slot-09,,9,1,7,7,P16_DOC_A,31,D5_maximal,D5_maximal.html,6,left,right,1,text-enrichment-reader-round2-n30-v1:participant:9:documents:set:1:rotation:0,,,n30-round2-three-versions-v1,2026-09-04-r2-v1
n30-round2-three-versions-v1-slot-09,,9,1,8,8,P11_DOC_A,21,D1_derived,D1_derived.html,1,left,right,1,text-enrichment-reader-round2-n30-v1:participant:9:documents:set:1:rotation:0,,,n30-round2-three-versions-v1,2026-09-04-r2-v1
n30-round2-three-versions-v1-slot-09,,9,1,9,9,P8_DOC_A,15,D3_derived,D3_derived.html,4,right,left,1,text-enrichment-reader-round2-n30-v1:participant:9:documents:set:1:rotation:0,,,n30-round2-three-versions-v1,2026-09-04-r2-v1
n30-round2-three-versions-v1-slot-09,,9,1,10,10,P4_DOC_B,8,D3_derived,D3_derived.html,4,left,right,1,text-enrichment-reader-round2-n30-v1:participant:9:documents:set:1:rotation:0,,,n30-round2-three-versions-v1,2026-09-04-r2-v1
n30-round2-three-versions-v1-slot-09,,9,1,11,11,P19_DOC_A,37,W_writer_optimal,W_writer_optimal.html,3,left,right,1,text-enrichment-reader-round2-n30-v1:participant:9:documents:set:1:rotation:0,,,n30-round2-three-versions-v1,2026-09-04-r2-v1
n30-round2-three-versions-v1-slot-09,,9,1,12,12,P6_DOC_A,11,D2_derived,D2_derived.html,2,right,left,1,text-enrichment-reader-round2-n30-v1:participant:9:documents:set:1:rotation:0,,,n30-round2-three-versions-v1,2026-09-04-r2-v1
n30-round2-three-versions-v1-slot-09,,9,1,13,13,P10_DOC_B,20,D3_derived,D3_derived.html,4,right,left,1,text-enrichment-reader-round2-n30-v1:participant:9:documents:set:1:rotation:0,,,n30-round2-three-versions-v1,2026-09-04-r2-v1
n30-round2-three-versions-v1-slot-09,,9,1,14,14,P3_DOC_A,5,D4_derived,D4_derived.html,5,right,left,1,text-enrichment-reader-round2-n30-v1:participant:9:documents:set:1:rotation:0,,,n30-round2-three-versions-v1,2026-09-04-r2-v1
n30-round2-three-versions-v1-slot-09,,9,1,15,15,P14_DOC_B,28,D2_derived,D2_derived.html,2,right,left,1,text-enrichment-reader-round2-n30-v1:participant:9:documents:set:1:rotation:0,,,n30-round2-three-versions-v1,2026-09-04-r2-v1
n30-round2-three-versions-v1-slot-09,,9,1,16,16,P16_DOC_B,32,D3_derived,D3_derived.html,4,left,right,1,text-enrichment-reader-round2-n30-v1:participant:9:documents:set:1:rotation:0,,,n30-round2-three-versions-v1,2026-09-04-r2-v1
n30-round2-three-versions-v1-slot-09,,9,1,17,17,P4_DOC_A,7,D5_maximal,D5_maximal.html,6,right,left,1,text-enrichment-reader-round2-n30-v1:participant:9:documents:set:1:rotation:0,,,n30-round2-three-versions-v1,2026-09-04-r2-v1
n30-round2-three-versions-v1-slot-09,,9,1,18,18,P17_DOC_A,33,D1_derived,D1_derived.html,1,left,right,1,text-enrichment-reader-round2-n30-v1:participant:9:documents:set:1:rotation:0,,,n30-round2-three-versions-v1,2026-09-04-r2-v1
n30-round2-three-versions-v1-slot-09,,9,1,19,19,P3_DOC_B,6,W_writer_optimal,W_writer_optimal.html,3,left,right,1,text-enrichment-reader-round2-n30-v1:participant:9:documents:set:1:rotation:0,,,n30-round2-three-versions-v1,2026-09-04-r2-v1
n30-round2-three-versions-v1-slot-09,,9,1,20,20,P10_DOC_A,19,D5_maximal,D5_maximal.html,6,right,left,1,text-enrichment-reader-round2-n30-v1:participant:9:documents:set:1:rotation:0,,,n30-round2-three-versions-v1,2026-09-04-r2-v1
n30-round2-three-versions-v1-slot-09,,9,1,21,21,P5_DOC_A,9,D1_derived,D1_derived.html,1,right,left,1,text-enrichment-reader-round2-n30-v1:participant:9:documents:set:1:rotation:0,,,n30-round2-three-versions-v1,2026-09-04-r2-v1
n30-round2-three-versions-v1-slot-09,,9,1,22,22,P12_DOC_A,23,D2_derived,D2_derived.html,2,right,left,1,text-enrichment-reader-round2-n30-v1:participant:9:documents:set:1:rotation:0,,,n30-round2-three-versions-v1,2026-09-04-r2-v1
n30-round2-three-versions-v1-slot-09,,9,1,23,23,P15_DOC_B,30,W_writer_optimal,W_writer_optimal.html,3,right,left,1,text-enrichment-reader-round2-n30-v1:participant:9:documents:set:1:rotation:0,,,n30-round2-three-versions-v1,2026-09-04-r2-v1
n30-round2-three-versions-v1-slot-09,,9,1,24,24,P18_DOC_A,35,D2_derived,D2_derived.html,2,left,right,1,text-enrichment-reader-round2-n30-v1:participant:9:documents:set:1:rotation:0,,,n30-round2-three-versions-v1,2026-09-04-r2-v1
n30-round2-three-versions-v1-slot-09,,9,1,25,25,P19_DOC_B,38,D1_derived,D1_derived.html,1,left,right,1,text-enrichment-reader-round2-n30-v1:participant:9:documents:set:1:rotation:0,,,n30-round2-three-versions-v1,2026-09-04-r2-v1
n30-round2-three-versions-v1-slot-09,,9,1,26,26,P7_DOC_A,13,W_writer_optimal,W_writer_optimal.html,3,right,left,1,text-enrichment-reader-round2-n30-v1:participant:9:documents:set:1:rotation:0,,,n30-round2-three-versions-v1,2026-09-04-r2-v1
n30-round2-three-versions-v1-slot-09,,9,1,27,27,P6_DOC_B,12,D5_maximal,D5_maximal.html,6,left,right,1,text-enrichment-reader-round2-n30-v1:participant:9:documents:set:1:rotation:0,,,n30-round2-three-versions-v1,2026-09-04-r2-v1
n30-round2-three-versions-v1-slot-09,,9,1,28,28,P1_DOC_A,1,W_writer_optimal,W_writer_optimal.html,3,left,right,1,text-enrichment-reader-round2-n30-v1:participant:9:documents:set:1:rotation:0,,,n30-round2-three-versions-v1,2026-09-04-r2-v1
n30-round2-three-versions-v1-slot-09,,9,1,29,29,P14_DOC_A,27,D3_derived,D3_derived.html,4,left,right,1,text-enrichment-reader-round2-n30-v1:participant:9:documents:set:1:rotation:0,,,n30-round2-three-versions-v1,2026-09-04-r2-v1
n30-round2-three-versions-v1-slot-09,,9,1,30,30,P7_DOC_B,14,D1_derived,D1_derived.html,1,right,left,1,text-enrichment-reader-round2-n30-v1:participant:9:documents:set:1:rotation:0,,,n30-round2-three-versions-v1,2026-09-04-r2-v1
n30-round2-three-versions-v1-slot-09,,9,1,31,31,P15_DOC_A,29,D4_derived,D4_derived.html,5,left,right,1,text-enrichment-reader-round2-n30-v1:participant:9:documents:set:1:rotation:0,,,n30-round2-three-versions-v1,2026-09-04-r2-v1
n30-round2-three-versions-v1-slot-09,,9,1,32,32,P8_DOC_B,16,D2_derived,D2_derived.html,2,right,left,1,text-enrichment-reader-round2-n30-v1:participant:9:documents:set:1:rotation:0,,,n30-round2-three-versions-v1,2026-09-04-r2-v1
n30-round2-three-versions-v1-slot-09,,9,1,33,33,P11_DOC_B,22,D4_derived,D4_derived.html,5,right,left,1,text-enrichment-reader-round2-n30-v1:participant:9:documents:set:1:rotation:0,,,n30-round2-three-versions-v1,2026-09-04-r2-v1
n30-round2-three-versions-v1-slot-09,,9,1,34,34,P13_DOC_B,26,D1_derived,D1_derived.html,1,right,left,1,text-enrichment-reader-round2-n30-v1:participant:9:documents:set:1:rotation:0,,,n30-round2-three-versions-v1,2026-09-04-r2-v1
n30-round2-three-versions-v1-slot-09,,9,1,35,35,P12_DOC_B,24,D5_maximal,D5_maximal.html,6,right,left,1,text-enrichment-reader-round2-n30-v1:participant:9:documents:set:1:rotation:0,,,n30-round2-three-versions-v1,2026-09-04-r2-v1
n30-round2-three-versions-v1-slot-09,,9,1,36,36,P5_DOC_B,10,D4_derived,D4_derived.html,5,left,right,1,text-enrichment-reader-round2-n30-v1:participant:9:documents:set:1:rotation:0,,,n30-round2-three-versions-v1,2026-09-04-r2-v1
n30-round2-three-versions-v1-slot-09,,9,1,37,37,P17_DOC_B,34,D4_derived,D4_derived.html,5,right,left,1,text-enrichment-reader-round2-n30-v1:participant:9:documents:set:1:rotation:0,,,n30-round2-three-versions-v1,2026-09-04-r2-v1
n30-round2-three-versions-v1-slot-09,,9,1,38,38,P2_DOC_B,4,D2_derived,D2_derived.html,2,left,right,1,text-enrichment-reader-round2-n30-v1:participant:9:documents:set:1:rotation:0,,,n30-round2-three-versions-v1,2026-09-04-r2-v1
n30-round2-three-versions-v1-slot-09,,9,2,1,39,P3_DOC_A,5,D5_maximal,D5_maximal.html,6,left,right,2,text-enrichment-reader-round2-n30-v1:participant:9:documents:set:2:rotation:13,,,n30-round2-three-versions-v1,2026-09-04-r2-v1
n30-round2-three-versions-v1-slot-09,,9,2,2,40,P14_DOC_B,28,W_writer_optimal,W_writer_optimal.html,3,right,left,2,text-enrichment-reader-round2-n30-v1:participant:9:documents:set:2:rotation:13,,,n30-round2-three-versions-v1,2026-09-04-r2-v1
n30-round2-three-versions-v1-slot-09,,9,2,3,41,P16_DOC_B,32,D4_derived,D4_derived.html,5,right,left,2,text-enrichment-reader-round2-n30-v1:participant:9:documents:set:2:rotation:13,,,n30-round2-three-versions-v1,2026-09-04-r2-v1
n30-round2-three-versions-v1-slot-09,,9,2,4,42,P4_DOC_A,7,D1_derived,D1_derived.html,1,left,right,2,text-enrichment-reader-round2-n30-v1:participant:9:documents:set:2:rotation:13,,,n30-round2-three-versions-v1,2026-09-04-r2-v1
n30-round2-three-versions-v1-slot-09,,9,2,5,43,P17_DOC_A,33,D2_derived,D2_derived.html,2,left,right,2,text-enrichment-reader-round2-n30-v1:participant:9:documents:set:2:rotation:13,,,n30-round2-three-versions-v1,2026-09-04-r2-v1
n30-round2-three-versions-v1-slot-09,,9,2,6,44,P3_DOC_B,6,D3_derived,D3_derived.html,4,left,right,2,text-enrichment-reader-round2-n30-v1:participant:9:documents:set:2:rotation:13,,,n30-round2-three-versions-v1,2026-09-04-r2-v1
n30-round2-three-versions-v1-slot-09,,9,2,7,45,P10_DOC_A,19,D1_derived,D1_derived.html,1,right,left,2,text-enrichment-reader-round2-n30-v1:participant:9:documents:set:2:rotation:13,,,n30-round2-three-versions-v1,2026-09-04-r2-v1
n30-round2-three-versions-v1-slot-09,,9,2,8,46,P5_DOC_A,9,D2_derived,D2_derived.html,2,left,right,2,text-enrichment-reader-round2-n30-v1:participant:9:documents:set:2:rotation:13,,,n30-round2-three-versions-v1,2026-09-04-r2-v1
n30-round2-three-versions-v1-slot-09,,9,2,9,47,P12_DOC_A,23,W_writer_optimal,W_writer_optimal.html,3,right,left,2,text-enrichment-reader-round2-n30-v1:participant:9:documents:set:2:rotation:13,,,n30-round2-three-versions-v1,2026-09-04-r2-v1
n30-round2-three-versions-v1-slot-09,,9,2,10,48,P15_DOC_B,30,D3_derived,D3_derived.html,4,left,right,2,text-enrichment-reader-round2-n30-v1:participant:9:documents:set:2:rotation:13,,,n30-round2-three-versions-v1,2026-09-04-r2-v1
n30-round2-three-versions-v1-slot-09,,9,2,11,49,P18_DOC_A,35,W_writer_optimal,W_writer_optimal.html,3,left,right,2,text-enrichment-reader-round2-n30-v1:participant:9:documents:set:2:rotation:13,,,n30-round2-three-versions-v1,2026-09-04-r2-v1
n30-round2-three-versions-v1-slot-09,,9,2,12,50,P19_DOC_B,38,D2_derived,D2_derived.html,2,left,right,2,text-enrichment-reader-round2-n30-v1:participant:9:documents:set:2:rotation:13,,,n30-round2-three-versions-v1,2026-09-04-r2-v1
n30-round2-three-versions-v1-slot-09,,9,2,13,51,P7_DOC_A,13,D3_derived,D3_derived.html,4,right,left,2,text-enrichment-reader-round2-n30-v1:participant:9:documents:set:2:rotation:13,,,n30-round2-three-versions-v1,2026-09-04-r2-v1
n30-round2-three-versions-v1-slot-09,,9,2,14,52,P6_DOC_B,12,D1_derived,D1_derived.html,1,right,left,2,text-enrichment-reader-round2-n30-v1:participant:9:documents:set:2:rotation:13,,,n30-round2-three-versions-v1,2026-09-04-r2-v1
n30-round2-three-versions-v1-slot-09,,9,2,15,53,P1_DOC_A,1,D3_derived,D3_derived.html,4,left,right,2,text-enrichment-reader-round2-n30-v1:participant:9:documents:set:2:rotation:13,,,n30-round2-three-versions-v1,2026-09-04-r2-v1
n30-round2-three-versions-v1-slot-09,,9,2,16,54,P14_DOC_A,27,D4_derived,D4_derived.html,5,left,right,2,text-enrichment-reader-round2-n30-v1:participant:9:documents:set:2:rotation:13,,,n30-round2-three-versions-v1,2026-09-04-r2-v1
n30-round2-three-versions-v1-slot-09,,9,2,17,55,P7_DOC_B,14,D2_derived,D2_derived.html,2,right,left,2,text-enrichment-reader-round2-n30-v1:participant:9:documents:set:2:rotation:13,,,n30-round2-three-versions-v1,2026-09-04-r2-v1
n30-round2-three-versions-v1-slot-09,,9,2,18,56,P15_DOC_A,29,D5_maximal,D5_maximal.html,6,left,right,2,text-enrichment-reader-round2-n30-v1:participant:9:documents:set:2:rotation:13,,,n30-round2-three-versions-v1,2026-09-04-r2-v1
n30-round2-three-versions-v1-slot-09,,9,2,19,57,P8_DOC_B,16,W_writer_optimal,W_writer_optimal.html,3,right,left,2,text-enrichment-reader-round2-n30-v1:participant:9:documents:set:2:rotation:13,,,n30-round2-three-versions-v1,2026-09-04-r2-v1
n30-round2-three-versions-v1-slot-09,,9,2,20,58,P11_DOC_B,22,D5_maximal,D5_maximal.html,6,right,left,2,text-enrichment-reader-round2-n30-v1:participant:9:documents:set:2:rotation:13,,,n30-round2-three-versions-v1,2026-09-04-r2-v1
n30-round2-three-versions-v1-slot-09,,9,2,21,59,P13_DOC_B,26,D2_derived,D2_derived.html,2,right,left,2,text-enrichment-reader-round2-n30-v1:participant:9:documents:set:2:rotation:13,,,n30-round2-three-versions-v1,2026-09-04-r2-v1
n30-round2-three-versions-v1-slot-09,,9,2,22,60,P12_DOC_B,24,D1_derived,D1_derived.html,1,right,left,2,text-enrichment-reader-round2-n30-v1:participant:9:documents:set:2:rotation:13,,,n30-round2-three-versions-v1,2026-09-04-r2-v1
n30-round2-three-versions-v1-slot-09,,9,2,23,61,P5_DOC_B,10,D5_maximal,D5_maximal.html,6,right,left,2,text-enrichment-reader-round2-n30-v1:participant:9:documents:set:2:rotation:13,,,n30-round2-three-versions-v1,2026-09-04-r2-v1
n30-round2-three-versions-v1-slot-09,,9,2,24,62,P17_DOC_B,34,D5_maximal,D5_maximal.html,6,left,right,2,text-enrichment-reader-round2-n30-v1:participant:9:documents:set:2:rotation:13,,,n30-round2-three-versions-v1,2026-09-04-r2-v1
n30-round2-three-versions-v1-slot-09,,9,2,25,63,P2_DOC_B,4,W_writer_optimal,W_writer_optimal.html,3,left,right,2,text-enrichment-reader-round2-n30-v1:participant:9:documents:set:2:rotation:13,,,n30-round2-three-versions-v1,2026-09-04-r2-v1
n30-round2-three-versions-v1-slot-09,,9,2,26,64,P9_DOC_B,18,D3_derived,D3_derived.html,4,right,left,2,text-enrichment-reader-round2-n30-v1:participant:9:documents:set:2:rotation:13,,,n30-round2-three-versions-v1,2026-09-04-r2-v1
n30-round2-three-versions-v1-slot-09,,9,2,27,65,P1_DOC_B,2,D2_derived,D2_derived.html,2,left,right,2,text-enrichment-reader-round2-n30-v1:participant:9:documents:set:2:rotation:13,,,n30-round2-three-versions-v1,2026-09-04-r2-v1
n30-round2-three-versions-v1-slot-09,,9,2,28,66,P9_DOC_A,17,D5_maximal,D5_maximal.html,6,right,left,2,text-enrichment-reader-round2-n30-v1:participant:9:documents:set:2:rotation:13,,,n30-round2-three-versions-v1,2026-09-04-r2-v1
n30-round2-three-versions-v1-slot-09,,9,2,29,67,P2_DOC_A,3,D4_derived,D4_derived.html,5,left,right,2,text-enrichment-reader-round2-n30-v1:participant:9:documents:set:2:rotation:13,,,n30-round2-three-versions-v1,2026-09-04-r2-v1
n30-round2-three-versions-v1-slot-09,,9,2,30,68,P13_DOC_A,25,D3_derived,D3_derived.html,4,left,right,2,text-enrichment-reader-round2-n30-v1:participant:9:documents:set:2:rotation:13,,,n30-round2-three-versions-v1,2026-09-04-r2-v1
n30-round2-three-versions-v1-slot-09,,9,2,31,69,P18_DOC_B,36,D1_derived,D1_derived.html,1,left,right,2,text-enrichment-reader-round2-n30-v1:participant:9:documents:set:2:rotation:13,,,n30-round2-three-versions-v1,2026-09-04-r2-v1
n30-round2-three-versions-v1-slot-09,,9,2,32,70,P16_DOC_A,31,D1_derived,D1_derived.html,1,left,right,2,text-enrichment-reader-round2-n30-v1:participant:9:documents:set:2:rotation:13,,,n30-round2-three-versions-v1,2026-09-04-r2-v1
n30-round2-three-versions-v1-slot-09,,9,2,33,71,P11_DOC_A,21,D2_derived,D2_derived.html,2,right,left,2,text-enrichment-reader-round2-n30-v1:participant:9:documents:set:2:rotation:13,,,n30-round2-three-versions-v1,2026-09-04-r2-v1
n30-round2-three-versions-v1-slot-09,,9,2,34,72,P8_DOC_A,15,D4_derived,D4_derived.html,5,right,left,2,text-enrichment-reader-round2-n30-v1:participant:9:documents:set:2:rotation:13,,,n30-round2-three-versions-v1,2026-09-04-r2-v1
n30-round2-three-versions-v1-slot-09,,9,2,35,73,P4_DOC_B,8,D4_derived,D4_derived.html,5,right,left,2,text-enrichment-reader-round2-n30-v1:participant:9:documents:set:2:rotation:13,,,n30-round2-three-versions-v1,2026-09-04-r2-v1
n30-round2-three-versions-v1-slot-09,,9,2,36,74,P19_DOC_A,37,D3_derived,D3_derived.html,4,left,right,2,text-enrichment-reader-round2-n30-v1:participant:9:documents:set:2:rotation:13,,,n30-round2-three-versions-v1,2026-09-04-r2-v1
n30-round2-three-versions-v1-slot-09,,9,2,37,75,P6_DOC_A,11,W_writer_optimal,W_writer_optimal.html,3,right,left,2,text-enrichment-reader-round2-n30-v1:participant:9:documents:set:2:rotation:13,,,n30-round2-three-versions-v1,2026-09-04-r2-v1
n30-round2-three-versions-v1-slot-09,,9,2,38,76,P10_DOC_B,20,D4_derived,D4_derived.html,5,right,left,2,text-enrichment-reader-round2-n30-v1:participant:9:documents:set:2:rotation:13,,,n30-round2-three-versions-v1,2026-09-04-r2-v1
n30-round2-three-versions-v1-slot-09,,9,3,1,77,P6_DOC_B,12,D4_derived,D4_derived.html,5,left,right,3,text-enrichment-reader-round2-n30-v1:participant:9:documents:set:3:rotation:26,,,n30-round2-three-versions-v1,2026-09-04-r2-v1
n30-round2-three-versions-v1-slot-09,,9,3,2,78,P1_DOC_A,1,D4_derived,D4_derived.html,5,left,right,3,text-enrichment-reader-round2-n30-v1:participant:9:documents:set:3:rotation:26,,,n30-round2-three-versions-v1,2026-09-04-r2-v1
n30-round2-three-versions-v1-slot-09,,9,3,3,79,P14_DOC_A,27,D5_maximal,D5_maximal.html,6,right,left,3,text-enrichment-reader-round2-n30-v1:participant:9:documents:set:3:rotation:26,,,n30-round2-three-versions-v1,2026-09-04-r2-v1
n30-round2-three-versions-v1-slot-09,,9,3,4,80,P7_DOC_B,14,D5_maximal,D5_maximal.html,6,left,right,3,text-enrichment-reader-round2-n30-v1:participant:9:documents:set:3:rotation:26,,,n30-round2-three-versions-v1,2026-09-04-r2-v1
n30-round2-three-versions-v1-slot-09,,9,3,5,81,P15_DOC_A,29,D1_derived,D1_derived.html,1,left,right,3,text-enrichment-reader-round2-n30-v1:participant:9:documents:set:3:rotation:26,,,n30-round2-three-versions-v1,2026-09-04-r2-v1
n30-round2-three-versions-v1-slot-09,,9,3,6,82,P8_DOC_B,16,D1_derived,D1_derived.html,1,right,left,3,text-enrichment-reader-round2-n30-v1:participant:9:documents:set:3:rotation:26,,,n30-round2-three-versions-v1,2026-09-04-r2-v1
n30-round2-three-versions-v1-slot-09,,9,3,7,83,P11_DOC_B,22,D3_derived,D3_derived.html,4,right,left,3,text-enrichment-reader-round2-n30-v1:participant:9:documents:set:3:rotation:26,,,n30-round2-three-versions-v1,2026-09-04-r2-v1
n30-round2-three-versions-v1-slot-09,,9,3,8,84,P13_DOC_B,26,D5_maximal,D5_maximal.html,6,left,right,3,text-enrichment-reader-round2-n30-v1:participant:9:documents:set:3:rotation:26,,,n30-round2-three-versions-v1,2026-09-04-r2-v1
n30-round2-three-versions-v1-slot-09,,9,3,9,85,P12_DOC_B,24,D4_derived,D4_derived.html,5,right,left,3,text-enrichment-reader-round2-n30-v1:participant:9:documents:set:3:rotation:26,,,n30-round2-three-versions-v1,2026-09-04-r2-v1
n30-round2-three-versions-v1-slot-09,,9,3,10,86,P5_DOC_B,10,D3_derived,D3_derived.html,4,left,right,3,text-enrichment-reader-round2-n30-v1:participant:9:documents:set:3:rotation:26,,,n30-round2-three-versions-v1,2026-09-04-r2-v1
n30-round2-three-versions-v1-slot-09,,9,3,11,87,P17_DOC_B,34,D3_derived,D3_derived.html,4,left,right,3,text-enrichment-reader-round2-n30-v1:participant:9:documents:set:3:rotation:26,,,n30-round2-three-versions-v1,2026-09-04-r2-v1
n30-round2-three-versions-v1-slot-09,,9,3,12,88,P2_DOC_B,4,D1_derived,D1_derived.html,1,left,right,3,text-enrichment-reader-round2-n30-v1:participant:9:documents:set:3:rotation:26,,,n30-round2-three-versions-v1,2026-09-04-r2-v1
n30-round2-three-versions-v1-slot-09,,9,3,13,89,P9_DOC_B,18,D2_derived,D2_derived.html,2,right,left,3,text-enrichment-reader-round2-n30-v1:participant:9:documents:set:3:rotation:26,,,n30-round2-three-versions-v1,2026-09-04-r2-v1
n30-round2-three-versions-v1-slot-09,,9,3,14,90,P1_DOC_B,2,D5_maximal,D5_maximal.html,6,left,right,3,text-enrichment-reader-round2-n30-v1:participant:9:documents:set:3:rotation:26,,,n30-round2-three-versions-v1,2026-09-04-r2-v1
n30-round2-three-versions-v1-slot-09,,9,3,15,91,P9_DOC_A,17,D1_derived,D1_derived.html,1,right,left,3,text-enrichment-reader-round2-n30-v1:participant:9:documents:set:3:rotation:26,,,n30-round2-three-versions-v1,2026-09-04-r2-v1
n30-round2-three-versions-v1-slot-09,,9,3,16,92,P2_DOC_A,3,D5_maximal,D5_maximal.html,6,right,left,3,text-enrichment-reader-round2-n30-v1:participant:9:documents:set:3:rotation:26,,,n30-round2-three-versions-v1,2026-09-04-r2-v1
n30-round2-three-versions-v1-slot-09,,9,3,17,93,P13_DOC_A,25,D4_derived,D4_derived.html,5,right,left,3,text-enrichment-reader-round2-n30-v1:participant:9:documents:set:3:rotation:26,,,n30-round2-three-versions-v1,2026-09-04-r2-v1
n30-round2-three-versions-v1-slot-09,,9,3,18,94,P18_DOC_B,36,D4_derived,D4_derived.html,5,left,right,3,text-enrichment-reader-round2-n30-v1:participant:9:documents:set:3:rotation:26,,,n30-round2-three-versions-v1,2026-09-04-r2-v1
n30-round2-three-versions-v1-slot-09,,9,3,19,95,P16_DOC_A,31,D2_derived,D2_derived.html,2,right,left,3,text-enrichment-reader-round2-n30-v1:participant:9:documents:set:3:rotation:26,,,n30-round2-three-versions-v1,2026-09-04-r2-v1
n30-round2-three-versions-v1-slot-09,,9,3,20,96,P11_DOC_A,21,W_writer_optimal,W_writer_optimal.html,3,right,left,3,text-enrichment-reader-round2-n30-v1:participant:9:documents:set:3:rotation:26,,,n30-round2-three-versions-v1,2026-09-04-r2-v1
n30-round2-three-versions-v1-slot-09,,9,3,21,97,P8_DOC_A,15,D5_maximal,D5_maximal.html,6,right,left,3,text-enrichment-reader-round2-n30-v1:participant:9:documents:set:3:rotation:26,,,n30-round2-three-versions-v1,2026-09-04-r2-v1
n30-round2-three-versions-v1-slot-09,,9,3,22,98,P4_DOC_B,8,W_writer_optimal,W_writer_optimal.html,3,left,right,3,text-enrichment-reader-round2-n30-v1:participant:9:documents:set:3:rotation:26,,,n30-round2-three-versions-v1,2026-09-04-r2-v1
n30-round2-three-versions-v1-slot-09,,9,3,23,99,P19_DOC_A,37,D4_derived,D4_derived.html,5,left,right,3,text-enrichment-reader-round2-n30-v1:participant:9:documents:set:3:rotation:26,,,n30-round2-three-versions-v1,2026-09-04-r2-v1
n30-round2-three-versions-v1-slot-09,,9,3,24,100,P6_DOC_A,11,D3_derived,D3_derived.html,4,right,left,3,text-enrichment-reader-round2-n30-v1:participant:9:documents:set:3:rotation:26,,,n30-round2-three-versions-v1,2026-09-04-r2-v1
n30-round2-three-versions-v1-slot-09,,9,3,25,101,P10_DOC_B,20,W_writer_optimal,W_writer_optimal.html,3,right,left,3,text-enrichment-reader-round2-n30-v1:participant:9:documents:set:3:rotation:26,,,n30-round2-three-versions-v1,2026-09-04-r2-v1
n30-round2-three-versions-v1-slot-09,,9,3,26,102,P3_DOC_A,5,D1_derived,D1_derived.html,1,right,left,3,text-enrichment-reader-round2-n30-v1:participant:9:documents:set:3:rotation:26,,,n30-round2-three-versions-v1,2026-09-04-r2-v1
n30-round2-three-versions-v1-slot-09,,9,3,27,103,P14_DOC_B,28,D1_derived,D1_derived.html,1,left,right,3,text-enrichment-reader-round2-n30-v1:participant:9:documents:set:3:rotation:26,,,n30-round2-three-versions-v1,2026-09-04-r2-v1
n30-round2-three-versions-v1-slot-09,,9,3,28,104,P16_DOC_B,32,W_writer_optimal,W_writer_optimal.html,3,left,right,3,text-enrichment-reader-round2-n30-v1:participant:9:documents:set:3:rotation:26,,,n30-round2-three-versions-v1,2026-09-04-r2-v1
n30-round2-three-versions-v1-slot-09,,9,3,29,105,P4_DOC_A,7,D2_derived,D2_derived.html,2,right,left,3,text-enrichment-reader-round2-n30-v1:participant:9:documents:set:3:rotation:26,,,n30-round2-three-versions-v1,2026-09-04-r2-v1
n30-round2-three-versions-v1-slot-09,,9,3,30,106,P17_DOC_A,33,W_writer_optimal,W_writer_optimal.html,3,left,right,3,text-enrichment-reader-round2-n30-v1:participant:9:documents:set:3:rotation:26,,,n30-round2-three-versions-v1,2026-09-04-r2-v1
n30-round2-three-versions-v1-slot-09,,9,3,31,107,P3_DOC_B,6,D2_derived,D2_derived.html,2,left,right,3,text-enrichment-reader-round2-n30-v1:participant:9:documents:set:3:rotation:26,,,n30-round2-three-versions-v1,2026-09-04-r2-v1
n30-round2-three-versions-v1-slot-09,,9,3,32,108,P10_DOC_A,19,D2_derived,D2_derived.html,2,right,left,3,text-enrichment-reader-round2-n30-v1:participant:9:documents:set:3:rotation:26,,,n30-round2-three-versions-v1,2026-09-04-r2-v1
n30-round2-three-versions-v1-slot-09,,9,3,33,109,P5_DOC_A,9,W_writer_optimal,W_writer_optimal.html,3,right,left,3,text-enrichment-reader-round2-n30-v1:participant:9:documents:set:3:rotation:26,,,n30-round2-three-versions-v1,2026-09-04-r2-v1
n30-round2-three-versions-v1-slot-09,,9,3,34,110,P12_DOC_A,23,D3_derived,D3_derived.html,4,right,left,3,text-enrichment-reader-round2-n30-v1:participant:9:documents:set:3:rotation:26,,,n30-round2-three-versions-v1,2026-09-04-r2-v1
n30-round2-three-versions-v1-slot-09,,9,3,35,111,P15_DOC_B,30,D2_derived,D2_derived.html,2,left,right,3,text-enrichment-reader-round2-n30-v1:participant:9:documents:set:3:rotation:26,,,n30-round2-three-versions-v1,2026-09-04-r2-v1
n30-round2-three-versions-v1-slot-09,,9,3,36,112,P18_DOC_A,35,D3_derived,D3_derived.html,4,left,right,3,text-enrichment-reader-round2-n30-v1:participant:9:documents:set:3:rotation:26,,,n30-round2-three-versions-v1,2026-09-04-r2-v1
n30-round2-three-versions-v1-slot-09,,9,3,37,113,P19_DOC_B,38,D5_maximal,D5_maximal.html,6,left,right,3,text-enrichment-reader-round2-n30-v1:participant:9:documents:set:3:rotation:26,,,n30-round2-three-versions-v1,2026-09-04-r2-v1
n30-round2-three-versions-v1-slot-09,,9,3,38,114,P7_DOC_A,13,D4_derived,D4_derived.html,5,right,left,3,text-enrichment-reader-round2-n30-v1:participant:9:documents:set:3:rotation:26,,,n30-round2-three-versions-v1,2026-09-04-r2-v1
n30-round2-three-versions-v1-slot-10,,10,1,1,1,P3_DOC_B,6,W_writer_optimal,W_writer_optimal.html,3,right,left,1,text-enrichment-reader-round2-n30-v1:participant:10:documents:set:1:rotation:0,,,n30-round2-three-versions-v1,2026-09-04-r2-v1
n30-round2-three-versions-v1-slot-10,,10,1,2,2,P7_DOC_A,13,W_writer_optimal,W_writer_optimal.html,3,left,right,1,text-enrichment-reader-round2-n30-v1:participant:10:documents:set:1:rotation:0,,,n30-round2-three-versions-v1,2026-09-04-r2-v1
n30-round2-three-versions-v1-slot-10,,10,1,3,3,P12_DOC_B,24,D5_maximal,D5_maximal.html,6,right,left,1,text-enrichment-reader-round2-n30-v1:participant:10:documents:set:1:rotation:0,,,n30-round2-three-versions-v1,2026-09-04-r2-v1
n30-round2-three-versions-v1-slot-10,,10,1,4,4,P1_DOC_B,2,D1_derived,D1_derived.html,1,right,left,1,text-enrichment-reader-round2-n30-v1:participant:10:documents:set:1:rotation:0,,,n30-round2-three-versions-v1,2026-09-04-r2-v1
n30-round2-three-versions-v1-slot-10,,10,1,5,5,P19_DOC_B,38,D1_derived,D1_derived.html,1,right,left,1,text-enrichment-reader-round2-n30-v1:participant:10:documents:set:1:rotation:0,,,n30-round2-three-versions-v1,2026-09-04-r2-v1
n30-round2-three-versions-v1-slot-10,,10,1,6,6,P8_DOC_A,15,D3_derived,D3_derived.html,4,left,right,1,text-enrichment-reader-round2-n30-v1:participant:10:documents:set:1:rotation:0,,,n30-round2-three-versions-v1,2026-09-04-r2-v1
n30-round2-three-versions-v1-slot-10,,10,1,7,7,P18_DOC_B,36,D5_maximal,D5_maximal.html,6,right,left,1,text-enrichment-reader-round2-n30-v1:participant:10:documents:set:1:rotation:0,,,n30-round2-three-versions-v1,2026-09-04-r2-v1
n30-round2-three-versions-v1-slot-10,,10,1,8,8,P2_DOC_A,3,D3_derived,D3_derived.html,4,left,right,1,text-enrichment-reader-round2-n30-v1:participant:10:documents:set:1:rotation:0,,,n30-round2-three-versions-v1,2026-09-04-r2-v1
n30-round2-three-versions-v1-slot-10,,10,1,9,9,P7_DOC_B,14,D1_derived,D1_derived.html,1,left,right,1,text-enrichment-reader-round2-n30-v1:participant:10:documents:set:1:rotation:0,,,n30-round2-three-versions-v1,2026-09-04-r2-v1
n30-round2-three-versions-v1-slot-10,,10,1,10,10,P19_DOC_A,37,W_writer_optimal,W_writer_optimal.html,3,left,right,1,text-enrichment-reader-round2-n30-v1:participant:10:documents:set:1:rotation:0,,,n30-round2-three-versions-v1,2026-09-04-r2-v1
n30-round2-three-versions-v1-slot-10,,10,1,11,11,P15_DOC_B,30,W_writer_optimal,W_writer_optimal.html,3,right,left,1,text-enrichment-reader-round2-n30-v1:participant:10:documents:set:1:rotation:0,,,n30-round2-three-versions-v1,2026-09-04-r2-v1
n30-round2-three-versions-v1-slot-10,,10,1,12,12,P4_DOC_A,7,D5_maximal,D5_maximal.html,6,left,right,1,text-enrichment-reader-round2-n30-v1:participant:10:documents:set:1:rotation:0,,,n30-round2-three-versions-v1,2026-09-04-r2-v1
n30-round2-three-versions-v1-slot-10,,10,1,13,13,P6_DOC_A,11,D2_derived,D2_derived.html,2,left,right,1,text-enrichment-reader-round2-n30-v1:participant:10:documents:set:1:rotation:0,,,n30-round2-three-versions-v1,2026-09-04-r2-v1
n30-round2-three-versions-v1-slot-10,,10,1,14,14,P16_DOC_A,31,D5_maximal,D5_maximal.html,6,right,left,1,text-enrichment-reader-round2-n30-v1:participant:10:documents:set:1:rotation:0,,,n30-round2-three-versions-v1,2026-09-04-r2-v1
n30-round2-three-versions-v1-slot-10,,10,1,15,15,P3_DOC_A,5,D4_derived,D4_derived.html,5,left,right,1,text-enrichment-reader-round2-n30-v1:participant:10:documents:set:1:rotation:0,,,n30-round2-three-versions-v1,2026-09-04-r2-v1
n30-round2-three-versions-v1-slot-10,,10,1,16,16,P11_DOC_B,22,D4_derived,D4_derived.html,5,right,left,1,text-enrichment-reader-round2-n30-v1:participant:10:documents:set:1:rotation:0,,,n30-round2-three-versions-v1,2026-09-04-r2-v1
n30-round2-three-versions-v1-slot-10,,10,1,17,17,P6_DOC_B,12,D5_maximal,D5_maximal.html,6,left,right,1,text-enrichment-reader-round2-n30-v1:participant:10:documents:set:1:rotation:0,,,n30-round2-three-versions-v1,2026-09-04-r2-v1
n30-round2-three-versions-v1-slot-10,,10,1,18,18,P2_DOC_B,4,D2_derived,D2_derived.html,2,right,left,1,text-enrichment-reader-round2-n30-v1:participant:10:documents:set:1:rotation:0,,,n30-round2-three-versions-v1,2026-09-04-r2-v1
n30-round2-three-versions-v1-slot-10,,10,1,19,19,P8_DOC_B,16,D2_derived,D2_derived.html,2,left,right,1,text-enrichment-reader-round2-n30-v1:participant:10:documents:set:1:rotation:0,,,n30-round2-three-versions-v1,2026-09-04-r2-v1
n30-round2-three-versions-v1-slot-10,,10,1,20,20,P18_DOC_A,35,D2_derived,D2_derived.html,2,left,right,1,text-enrichment-reader-round2-n30-v1:participant:10:documents:set:1:rotation:0,,,n30-round2-three-versions-v1,2026-09-04-r2-v1
n30-round2-three-versions-v1-slot-10,,10,1,21,21,P9_DOC_B,18,W_writer_optimal,W_writer_optimal.html,3,left,right,1,text-enrichment-reader-round2-n30-v1:participant:10:documents:set:1:rotation:0,,,n30-round2-three-versions-v1,2026-09-04-r2-v1
n30-round2-three-versions-v1-slot-10,,10,1,22,22,P11_DOC_A,21,D1_derived,D1_derived.html,1,right,left,1,text-enrichment-reader-round2-n30-v1:participant:10:documents:set:1:rotation:0,,,n30-round2-three-versions-v1,2026-09-04-r2-v1
n30-round2-three-versions-v1-slot-10,,10,1,23,23,P14_DOC_B,28,D2_derived,D2_derived.html,2,right,left,1,text-enrichment-reader-round2-n30-v1:participant:10:documents:set:1:rotation:0,,,n30-round2-three-versions-v1,2026-09-04-r2-v1
n30-round2-three-versions-v1-slot-10,,10,1,24,24,P10_DOC_A,19,D5_maximal,D5_maximal.html,6,left,right,1,text-enrichment-reader-round2-n30-v1:participant:10:documents:set:1:rotation:0,,,n30-round2-three-versions-v1,2026-09-04-r2-v1
n30-round2-three-versions-v1-slot-10,,10,1,25,25,P9_DOC_A,17,D4_derived,D4_derived.html,5,left,right,1,text-enrichment-reader-round2-n30-v1:participant:10:documents:set:1:rotation:0,,,n30-round2-three-versions-v1,2026-09-04-r2-v1
n30-round2-three-versions-v1-slot-10,,10,1,26,26,P4_DOC_B,8,D3_derived,D3_derived.html,4,right,left,1,text-enrichment-reader-round2-n30-v1:participant:10:documents:set:1:rotation:0,,,n30-round2-three-versions-v1,2026-09-04-r2-v1
n30-round2-three-versions-v1-slot-10,,10,1,27,27,P17_DOC_A,33,D1_derived,D1_derived.html,1,left,right,1,text-enrichment-reader-round2-n30-v1:participant:10:documents:set:1:rotation:0,,,n30-round2-three-versions-v1,2026-09-04-r2-v1
n30-round2-three-versions-v1-slot-10,,10,1,28,28,P13_DOC_A,25,W_writer_optimal,W_writer_optimal.html,3,right,left,1,text-enrichment-reader-round2-n30-v1:participant:10:documents:set:1:rotation:0,,,n30-round2-three-versions-v1,2026-09-04-r2-v1
n30-round2-three-versions-v1-slot-10,,10,1,29,29,P5_DOC_B,10,D4_derived,D4_derived.html,5,left,right,1,text-enrichment-reader-round2-n30-v1:participant:10:documents:set:1:rotation:0,,,n30-round2-three-versions-v1,2026-09-04-r2-v1
n30-round2-three-versions-v1-slot-10,,10,1,30,30,P1_DOC_A,1,W_writer_optimal,W_writer_optimal.html,3,left,right,1,text-enrichment-reader-round2-n30-v1:participant:10:documents:set:1:rotation:0,,,n30-round2-three-versions-v1,2026-09-04-r2-v1
n30-round2-three-versions-v1-slot-10,,10,1,31,31,P15_DOC_A,29,D4_derived,D4_derived.html,5,left,right,1,text-enrichment-reader-round2-n30-v1:participant:10:documents:set:1:rotation:0,,,n30-round2-three-versions-v1,2026-09-04-r2-v1
n30-round2-three-versions-v1-slot-10,,10,1,32,32,P17_DOC_B,34,D4_derived,D4_derived.html,5,right,left,1,text-enrichment-reader-round2-n30-v1:participant:10:documents:set:1:rotation:0,,,n30-round2-three-versions-v1,2026-09-04-r2-v1
n30-round2-three-versions-v1-slot-10,,10,1,33,33,P13_DOC_B,26,D1_derived,D1_derived.html,1,right,left,1,text-enrichment-reader-round2-n30-v1:participant:10:documents:set:1:rotation:0,,,n30-round2-three-versions-v1,2026-09-04-r2-v1
n30-round2-three-versions-v1-slot-10,,10,1,34,34,P14_DOC_A,27,D3_derived,D3_derived.html,4,right,left,1,text-enrichment-reader-round2-n30-v1:participant:10:documents:set:1:rotation:0,,,n30-round2-three-versions-v1,2026-09-04-r2-v1
n30-round2-three-versions-v1-slot-10,,10,1,35,35,P12_DOC_A,23,D2_derived,D2_derived.html,2,right,left,1,text-enrichment-reader-round2-n30-v1:participant:10:documents:set:1:rotation:0,,,n30-round2-three-versions-v1,2026-09-04-r2-v1
n30-round2-three-versions-v1-slot-10,,10,1,36,36,P10_DOC_B,20,D3_derived,D3_derived.html,4,right,left,1,text-enrichment-reader-round2-n30-v1:participant:10:documents:set:1:rotation:0,,,n30-round2-three-versions-v1,2026-09-04-r2-v1
n30-round2-three-versions-v1-slot-10,,10,1,37,37,P5_DOC_A,9,D1_derived,D1_derived.html,1,left,right,1,text-enrichment-reader-round2-n30-v1:participant:10:documents:set:1:rotation:0,,,n30-round2-three-versions-v1,2026-09-04-r2-v1
n30-round2-three-versions-v1-slot-10,,10,1,38,38,P16_DOC_B,32,D3_derived,D3_derived.html,4,right,left,1,text-enrichment-reader-round2-n30-v1:participant:10:documents:set:1:rotation:0,,,n30-round2-three-versions-v1,2026-09-04-r2-v1
n30-round2-three-versions-v1-slot-10,,10,2,1,39,P16_DOC_A,31,D1_derived,D1_derived.html,1,left,right,2,text-enrichment-reader-round2-n30-v1:participant:10:documents:set:2:rotation:13,,,n30-round2-three-versions-v1,2026-09-04-r2-v1
n30-round2-three-versions-v1-slot-10,,10,2,2,40,P3_DOC_A,5,D5_maximal,D5_maximal.html,6,right,left,2,text-enrichment-reader-round2-n30-v1:participant:10:documents:set:2:rotation:13,,,n30-round2-three-versions-v1,2026-09-04-r2-v1
n30-round2-three-versions-v1-slot-10,,10,2,3,41,P11_DOC_B,22,D5_maximal,D5_maximal.html,6,right,left,2,text-enrichment-reader-round2-n30-v1:participant:10:documents:set:2:rotation:13,,,n30-round2-three-versions-v1,2026-09-04-r2-v1
n30-round2-three-versions-v1-slot-10,,10,2,4,42,P6_DOC_B,12,D1_derived,D1_derived.html,1,left,right,2,text-enrichment-reader-round2-n30-v1:participant:10:documents:set:2:rotation:13,,,n30-round2-three-versions-v1,2026-09-04-r2-v1
n30-round2-three-versions-v1-slot-10,,10,2,5,43,P2_DOC_B,4,W_writer_optimal,W_writer_optimal.html,3,right,left,2,text-enrichment-reader-round2-n30-v1:participant:10:documents:set:2:rotation:13,,,n30-round2-three-versions-v1,2026-09-04-r2-v1
n30-round2-three-versions-v1-slot-10,,10,2,6,44,P8_DOC_B,16,W_writer_optimal,W_writer_optimal.html,3,left,right,2,text-enrichment-reader-round2-n30-v1:participant:10:documents:set:2:rotation:13,,,n30-round2-three-versions-v1,2026-09-04-r2-v1
n30-round2-three-versions-v1-slot-10,,10,2,7,45,P18_DOC_A,35,W_writer_optimal,W_writer_optimal.html,3,left,right,2,text-enrichment-reader-round2-n30-v1:participant:10:documents:set:2:rotation:13,,,n30-round2-three-versions-v1,2026-09-04-r2-v1
n30-round2-three-versions-v1-slot-10,,10,2,8,46,P9_DOC_B,18,D3_derived,D3_derived.html,4,left,right,2,text-enrichment-reader-round2-n30-v1:participant:10:documents:set:2:rotation:13,,,n30-round2-three-versions-v1,2026-09-04-r2-v1
n30-round2-three-versions-v1-slot-10,,10,2,9,47,P11_DOC_A,21,D2_derived,D2_derived.html,2,right,left,2,text-enrichment-reader-round2-n30-v1:participant:10:documents:set:2:rotation:13,,,n30-round2-three-versions-v1,2026-09-04-r2-v1
n30-round2-three-versions-v1-slot-10,,10,2,10,48,P14_DOC_B,28,W_writer_optimal,W_writer_optimal.html,3,right,left,2,text-enrichment-reader-round2-n30-v1:participant:10:documents:set:2:rotation:13,,,n30-round2-three-versions-v1,2026-09-04-r2-v1
n30-round2-three-versions-v1-slot-10,,10,2,11,49,P10_DOC_A,19,D1_derived,D1_derived.html,1,left,right,2,text-enrichment-reader-round2-n30-v1:participant:10:documents:set:2:rotation:13,,,n30-round2-three-versions-v1,2026-09-04-r2-v1
n30-round2-three-versions-v1-slot-10,,10,2,12,50,P9_DOC_A,17,D5_maximal,D5_maximal.html,6,left,right,2,text-enrichment-reader-round2-n30-v1:participant:10:documents:set:2:rotation:13,,,n30-round2-three-versions-v1,2026-09-04-r2-v1
n30-round2-three-versions-v1-slot-10,,10,2,13,51,P4_DOC_B,8,D4_derived,D4_derived.html,5,left,right,2,text-enrichment-reader-round2-n30-v1:participant:10:documents:set:2:rotation:13,,,n30-round2-three-versions-v1,2026-09-04-r2-v1
n30-round2-three-versions-v1-slot-10,,10,2,14,52,P17_DOC_A,33,D2_derived,D2_derived.html,2,right,left,2,text-enrichment-reader-round2-n30-v1:participant:10:documents:set:2:rotation:13,,,n30-round2-three-versions-v1,2026-09-04-r2-v1
n30-round2-three-versions-v1-slot-10,,10,2,15,53,P13_DOC_A,25,D3_derived,D3_derived.html,4,right,left,2,text-enrichment-reader-round2-n30-v1:participant:10:documents:set:2:rotation:13,,,n30-round2-three-versions-v1,2026-09-04-r2-v1
n30-round2-three-versions-v1-slot-10,,10,2,16,54,P5_DOC_B,10,D5_maximal,D5_maximal.html,6,left,right,2,text-enrichment-reader-round2-n30-v1:participant:10:documents:set:2:rotation:13,,,n30-round2-three-versions-v1,2026-09-04-r2-v1
n30-round2-three-versions-v1-slot-10,,10,2,17,55,P1_DOC_A,1,D3_derived,D3_derived.html,4,right,left,2,text-enrichment-reader-round2-n30-v1:participant:10:documents:set:2:rotation:13,,,n30-round2-three-versions-v1,2026-09-04-r2-v1
n30-round2-three-versions-v1-slot-10,,10,2,18,56,P15_DOC_A,29,D5_maximal,D5_maximal.html,6,right,left,2,text-enrichment-reader-round2-n30-v1:participant:10:documents:set:2:rotation:13,,,n30-round2-three-versions-v1,2026-09-04-r2-v1
n30-round2-three-versions-v1-slot-10,,10,2,19,57,P17_DOC_B,34,D5_maximal,D5_maximal.html,6,left,right,2,text-enrichment-reader-round2-n30-v1:participant:10:documents:set:2:rotation:13,,,n30-round2-three-versions-v1,2026-09-04-r2-v1
n30-round2-three-versions-v1-slot-10,,10,2,20,58,P13_DOC_B,26,D2_derived,D2_derived.html,2,right,left,2,text-enrichment-reader-round2-n30-v1:participant:10:documents:set:2:rotation:13,,,n30-round2-three-versions-v1,2026-09-04-r2-v1
n30-round2-three-versions-v1-slot-10,,10,2,21,59,P14_DOC_A,27,D4_derived,D4_derived.html,5,left,right,2,text-enrichment-reader-round2-n30-v1:participant:10:documents:set:2:rotation:13,,,n30-round2-three-versions-v1,2026-09-04-r2-v1
n30-round2-three-versions-v1-slot-10,,10,2,22,60,P12_DOC_A,23,W_writer_optimal,W_writer_optimal.html,3,right,left,2,text-enrichment-reader-round2-n30-v1:participant:10:documents:set:2:rotation:13,,,n30-round2-three-versions-v1,2026-09-04-r2-v1
n30-round2-three-versions-v1-slot-10,,10,2,23,61,P10_DOC_B,20,D4_derived,D4_derived.html,5,right,left,2,text-enrichment-reader-round2-n30-v1:participant:10:documents:set:2:rotation:13,,,n30-round2-three-versions-v1,2026-09-04-r2-v1
n30-round2-three-versions-v1-slot-10,,10,2,24,62,P5_DOC_A,9,D2_derived,D2_derived.html,2,left,right,2,text-enrichment-reader-round2-n30-v1:participant:10:documents:set:2:rotation:13,,,n30-round2-three-versions-v1,2026-09-04-r2-v1
n30-round2-three-versions-v1-slot-10,,10,2,25,63,P16_DOC_B,32,D4_derived,D4_derived.html,5,right,left,2,text-enrichment-reader-round2-n30-v1:participant:10:documents:set:2:rotation:13,,,n30-round2-three-versions-v1,2026-09-04-r2-v1
n30-round2-three-versions-v1-slot-10,,10,2,26,64,P3_DOC_B,6,D3_derived,D3_derived.html,4,left,right,2,text-enrichment-reader-round2-n30-v1:participant:10:documents:set:2:rotation:13,,,n30-round2-three-versions-v1,2026-09-04-r2-v1
n30-round2-three-versions-v1-slot-10,,10,2,27,65,P7_DOC_A,13,D3_derived,D3_derived.html,4,left,right,2,text-enrichment-reader-round2-n30-v1:participant:10:documents:set:2:rotation:13,,,n30-round2-three-versions-v1,2026-09-04-r2-v1
n30-round2-three-versions-v1-slot-10,,10,2,28,66,P12_DOC_B,24,D1_derived,D1_derived.html,1,right,left,2,text-enrichment-reader-round2-n30-v1:participant:10:documents:set:2:rotation:13,,,n30-round2-three-versions-v1,2026-09-04-r2-v1
n30-round2-three-versions-v1-slot-10,,10,2,29,67,P1_DOC_B,2,D2_derived,D2_derived.html,2,right,left,2,text-enrichment-reader-round2-n30-v1:participant:10:documents:set:2:rotation:13,,,n30-round2-three-versions-v1,2026-09-04-r2-v1
n30-round2-three-versions-v1-slot-10,,10,2,30,68,P19_DOC_B,38,D2_derived,D2_derived.html,2,left,right,2,text-enrichment-reader-round2-n30-v1:participant:10:documents:set:2:rotation:13,,,n30-round2-three-versions-v1,2026-09-04-r2-v1
n30-round2-three-versions-v1-slot-10,,10,2,31,69,P8_DOC_A,15,D4_derived,D4_derived.html,5,left,right,2,text-enrichment-reader-round2-n30-v1:participant:10:documents:set:2:rotation:13,,,n30-round2-three-versions-v1,2026-09-04-r2-v1
n30-round2-three-versions-v1-slot-10,,10,2,32,70,P18_DOC_B,36,D1_derived,D1_derived.html,1,right,left,2,text-enrichment-reader-round2-n30-v1:participant:10:documents:set:2:rotation:13,,,n30-round2-three-versions-v1,2026-09-04-r2-v1
n30-round2-three-versions-v1-slot-10,,10,2,33,71,P2_DOC_A,3,D4_derived,D4_derived.html,5,right,left,2,text-enrichment-reader-round2-n30-v1:participant:10:documents:set:2:rotation:13,,,n30-round2-three-versions-v1,2026-09-04-r2-v1
n30-round2-three-versions-v1-slot-10,,10,2,34,72,P7_DOC_B,14,D2_derived,D2_derived.html,2,left,right,2,text-enrichment-reader-round2-n30-v1:participant:10:documents:set:2:rotation:13,,,n30-round2-three-versions-v1,2026-09-04-r2-v1
n30-round2-three-versions-v1-slot-10,,10,2,35,73,P19_DOC_A,37,D3_derived,D3_derived.html,4,right,left,2,text-enrichment-reader-round2-n30-v1:participant:10:documents:set:2:rotation:13,,,n30-round2-three-versions-v1,2026-09-04-r2-v1
n30-round2-three-versions-v1-slot-10,,10,2,36,74,P15_DOC_B,30,D3_derived,D3_derived.html,4,right,left,2,text-enrichment-reader-round2-n30-v1:participant:10:documents:set:2:rotation:13,,,n30-round2-three-versions-v1,2026-09-04-r2-v1
n30-round2-three-versions-v1-slot-10,,10,2,37,75,P4_DOC_A,7,D1_derived,D1_derived.html,1,left,right,2,text-enrichment-reader-round2-n30-v1:participant:10:documents:set:2:rotation:13,,,n30-round2-three-versions-v1,2026-09-04-r2-v1
n30-round2-three-versions-v1-slot-10,,10,2,38,76,P6_DOC_A,11,W_writer_optimal,W_writer_optimal.html,3,left,right,2,text-enrichment-reader-round2-n30-v1:participant:10:documents:set:2:rotation:13,,,n30-round2-three-versions-v1,2026-09-04-r2-v1
n30-round2-three-versions-v1-slot-10,,10,3,1,77,P17_DOC_A,33,D3_derived,D3_derived.html,4,right,left,3,text-enrichment-reader-round2-n30-v1:participant:10:documents:set:3:rotation:26,,,n30-round2-three-versions-v1,2026-09-04-r2-v1
n30-round2-three-versions-v1-slot-10,,10,3,2,78,P13_DOC_A,25,D5_maximal,D5_maximal.html,6,right,left,3,text-enrichment-reader-round2-n30-v1:participant:10:documents:set:3:rotation:26,,,n30-round2-three-versions-v1,2026-09-04-r2-v1
n30-round2-three-versions-v1-slot-10,,10,3,3,79,P5_DOC_B,10,W_writer_optimal,W_writer_optimal.html,3,left,right,3,text-enrichment-reader-round2-n30-v1:participant:10:documents:set:3:rotation:26,,,n30-round2-three-versions-v1,2026-09-04-r2-v1
n30-round2-three-versions-v1-slot-10,,10,3,4,80,P1_DOC_A,1,D5_maximal,D5_maximal.html,6,right,left,3,text-enrichment-reader-round2-n30-v1:participant:10:documents:set:3:rotation:26,,,n30-round2-three-versions-v1,2026-09-04-r2-v1
n30-round2-three-versions-v1-slot-10,,10,3,5,81,P15_DOC_A,29,D2_derived,D2_derived.html,2,right,left,3,text-enrichment-reader-round2-n30-v1:participant:10:documents:set:3:rotation:26,,,n30-round2-three-versions-v1,2026-09-04-r2-v1
n30-round2-three-versions-v1-slot-10,,10,3,6,82,P17_DOC_B,34,W_writer_optimal,W_writer_optimal.html,3,right,left,3,text-enrichment-reader-round2-n30-v1:participant:10:documents:set:3:rotation:26,,,n30-round2-three-versions-v1,2026-09-04-r2-v1
n30-round2-three-versions-v1-slot-10,,10,3,7,83,P13_DOC_B,26,D4_derived,D4_derived.html,5,right,left,3,text-enrichment-reader-round2-n30-v1:participant:10:documents:set:3:rotation:26,,,n30-round2-three-versions-v1,2026-09-04-r2-v1
n30-round2-three-versions-v1-slot-10,,10,3,8,84,P14_DOC_A,27,D1_derived,D1_derived.html,1,right,left,3,text-enrichment-reader-round2-n30-v1:participant:10:documents:set:3:rotation:26,,,n30-round2-three-versions-v1,2026-09-04-r2-v1
n30-round2-three-versions-v1-slot-10,,10,3,9,85,P12_DOC_A,23,D4_derived,D4_derived.html,5,right,left,3,text-enrichment-reader-round2-n30-v1:participant:10:documents:set:3:rotation:26,,,n30-round2-three-versions-v1,2026-09-04-r2-v1
n30-round2-three-versions-v1-slot-10,,10,3,10,86,P10_DOC_B,20,D2_derived,D2_derived.html,2,right,left,3,text-enrichment-reader-round2-n30-v1:participant:10:documents:set:3:rotation:26,,,n30-round2-three-versions-v1,2026-09-04-r2-v1
n30-round2-three-versions-v1-slot-10,,10,3,11,87,P5_DOC_A,9,D3_derived,D3_derived.html,4,left,right,3,text-enrichment-reader-round2-n30-v1:participant:10:documents:set:3:rotation:26,,,n30-round2-three-versions-v1,2026-09-04-r2-v1
n30-round2-three-versions-v1-slot-10,,10,3,12,88,P16_DOC_B,32,D2_derived,D2_derived.html,2,left,right,3,text-enrichment-reader-round2-n30-v1:participant:10:documents:set:3:rotation:26,,,n30-round2-three-versions-v1,2026-09-04-r2-v1
n30-round2-three-versions-v1-slot-10,,10,3,13,89,P3_DOC_B,6,D1_derived,D1_derived.html,1,left,right,3,text-enrichment-reader-round2-n30-v1:participant:10:documents:set:3:rotation:26,,,n30-round2-three-versions-v1,2026-09-04-r2-v1
n30-round2-three-versions-v1-slot-10,,10,3,14,90,P7_DOC_A,13,D5_maximal,D5_maximal.html,6,left,right,3,text-enrichment-reader-round2-n30-v1:participant:10:documents:set:3:rotation:26,,,n30-round2-three-versions-v1,2026-09-04-r2-v1
n30-round2-three-versions-v1-slot-10,,10,3,15,91,P12_DOC_B,24,D3_derived,D3_derived.html,4,right,left,3,text-enrichment-reader-round2-n30-v1:participant:10:documents:set:3:rotation:26,,,n30-round2-three-versions-v1,2026-09-04-r2-v1
n30-round2-three-versions-v1-slot-10,,10,3,16,92,P1_DOC_B,2,D4_derived,D4_derived.html,5,left,right,3,text-enrichment-reader-round2-n30-v1:participant:10:documents:set:3:rotation:26,,,n30-round2-three-versions-v1,2026-09-04-r2-v1
n30-round2-three-versions-v1-slot-10,,10,3,17,93,P19_DOC_B,38,D4_derived,D4_derived.html,5,left,right,3,text-enrichment-reader-round2-n30-v1:participant:10:documents:set:3:rotation:26,,,n30-round2-three-versions-v1,2026-09-04-r2-v1
n30-round2-three-versions-v1-slot-10,,10,3,18,94,P8_DOC_A,15,D1_derived,D1_derived.html,1,left,right,3,text-enrichment-reader-round2-n30-v1:participant:10:documents:set:3:rotation:26,,,n30-round2-three-versions-v1,2026-09-04-r2-v1
n30-round2-three-versions-v1-slot-10,,10,3,19,95,P18_DOC_B,36,D3_derived,D3_derived.html,4,left,right,3,text-enrichment-reader-round2-n30-v1:participant:10:documents:set:3:rotation:26,,,n30-round2-three-versions-v1,2026-09-04-r2-v1
n30-round2-three-versions-v1-slot-10,,10,3,20,96,P2_DOC_A,3,D1_derived,D1_derived.html,1,right,left,3,text-enrichment-reader-round2-n30-v1:participant:10:documents:set:3:rotation:26,,,n30-round2-three-versions-v1,2026-09-04-r2-v1
n30-round2-three-versions-v1-slot-10,,10,3,21,97,P7_DOC_B,14,D4_derived,D4_derived.html,5,left,right,3,text-enrichment-reader-round2-n30-v1:participant:10:documents:set:3:rotation:26,,,n30-round2-three-versions-v1,2026-09-04-r2-v1
n30-round2-three-versions-v1-slot-10,,10,3,22,98,P19_DOC_A,37,D5_maximal,D5_maximal.html,6,right,left,3,text-enrichment-reader-round2-n30-v1:participant:10:documents:set:3:rotation:26,,,n30-round2-three-versions-v1,2026-09-04-r2-v1
n30-round2-three-versions-v1-slot-10,,10,3,23,99,P15_DOC_B,30,D1_derived,D1_derived.html,1,right,left,3,text-enrichment-reader-round2-n30-v1:participant:10:documents:set:3:rotation:26,,,n30-round2-three-versions-v1,2026-09-04-r2-v1
n30-round2-three-versions-v1-slot-10,,10,3,24,100,P4_DOC_A,7,W_writer_optimal,W_writer_optimal.html,3,right,left,3,text-enrichment-reader-round2-n30-v1:participant:10:documents:set:3:rotation:26,,,n30-round2-three-versions-v1,2026-09-04-r2-v1
n30-round2-three-versions-v1-slot-10,,10,3,25,101,P6_DOC_A,11,D4_derived,D4_derived.html,5,left,right,3,text-enrichment-reader-round2-n30-v1:participant:10:documents:set:3:rotation:26,,,n30-round2-three-versions-v1,2026-09-04-r2-v1
n30-round2-three-versions-v1-slot-10,,10,3,26,102,P16_DOC_A,31,W_writer_optimal,W_writer_optimal.html,3,right,left,3,text-enrichment-reader-round2-n30-v1:participant:10:documents:set:3:rotation:26,,,n30-round2-three-versions-v1,2026-09-04-r2-v1
n30-round2-three-versions-v1-slot-10,,10,3,27,103,P3_DOC_A,5,D2_derived,D2_derived.html,2,right,left,3,text-enrichment-reader-round2-n30-v1:participant:10:documents:set:3:rotation:26,,,n30-round2-three-versions-v1,2026-09-04-r2-v1
n30-round2-three-versions-v1-slot-10,,10,3,28,104,P11_DOC_B,22,W_writer_optimal,W_writer_optimal.html,3,right,left,3,text-enrichment-reader-round2-n30-v1:participant:10:documents:set:3:rotation:26,,,n30-round2-three-versions-v1,2026-09-04-r2-v1
n30-round2-three-versions-v1-slot-10,,10,3,29,105,P6_DOC_B,12,D3_derived,D3_derived.html,4,left,right,3,text-enrichment-reader-round2-n30-v1:participant:10:documents:set:3:rotation:26,,,n30-round2-three-versions-v1,2026-09-04-r2-v1
n30-round2-three-versions-v1-slot-10,,10,3,30,106,P2_DOC_B,4,D5_maximal,D5_maximal.html,6,left,right,3,text-enrichment-reader-round2-n30-v1:participant:10:documents:set:3:rotation:26,,,n30-round2-three-versions-v1,2026-09-04-r2-v1
n30-round2-three-versions-v1-slot-10,,10,3,31,107,P8_DOC_B,16,D5_maximal,D5_maximal.html,6,left,right,3,text-enrichment-reader-round2-n30-v1:participant:10:documents:set:3:rotation:26,,,n30-round2-three-versions-v1,2026-09-04-r2-v1
n30-round2-three-versions-v1-slot-10,,10,3,32,108,P18_DOC_A,35,D4_derived,D4_derived.html,5,right,left,3,text-enrichment-reader-round2-n30-v1:participant:10:documents:set:3:rotation:26,,,n30-round2-three-versions-v1,2026-09-04-r2-v1
n30-round2-three-versions-v1-slot-10,,10,3,33,109,P9_DOC_B,18,D1_derived,D1_derived.html,1,left,right,3,text-enrichment-reader-round2-n30-v1:participant:10:documents:set:3:rotation:26,,,n30-round2-three-versions-v1,2026-09-04-r2-v1
n30-round2-three-versions-v1-slot-10,,10,3,34,110,P11_DOC_A,21,D3_derived,D3_derived.html,4,right,left,3,text-enrichment-reader-round2-n30-v1:participant:10:documents:set:3:rotation:26,,,n30-round2-three-versions-v1,2026-09-04-r2-v1
n30-round2-three-versions-v1-slot-10,,10,3,35,111,P14_DOC_B,28,D5_maximal,D5_maximal.html,6,left,right,3,text-enrichment-reader-round2-n30-v1:participant:10:documents:set:3:rotation:26,,,n30-round2-three-versions-v1,2026-09-04-r2-v1
n30-round2-three-versions-v1-slot-10,,10,3,36,112,P10_DOC_A,19,W_writer_optimal,W_writer_optimal.html,3,left,right,3,text-enrichment-reader-round2-n30-v1:participant:10:documents:set:3:rotation:26,,,n30-round2-three-versions-v1,2026-09-04-r2-v1
n30-round2-three-versions-v1-slot-10,,10,3,37,113,P9_DOC_A,17,D2_derived,D2_derived.html,2,left,right,3,text-enrichment-reader-round2-n30-v1:participant:10:documents:set:3:rotation:26,,,n30-round2-three-versions-v1,2026-09-04-r2-v1
n30-round2-three-versions-v1-slot-10,,10,3,38,114,P4_DOC_B,8,D2_derived,D2_derived.html,2,left,right,3,text-enrichment-reader-round2-n30-v1:participant:10:documents:set:3:rotation:26,,,n30-round2-three-versions-v1,2026-09-04-r2-v1
n30-round2-three-versions-v1-slot-11,,11,1,1,1,P2_DOC_B,4,D1_derived,D1_derived.html,1,left,right,1,text-enrichment-reader-round2-n30-v1:participant:11:documents:set:1:rotation:0,,,n30-round2-three-versions-v1,2026-09-04-r2-v1
n30-round2-three-versions-v1-slot-11,,11,1,2,2,P13_DOC_B,26,D5_maximal,D5_maximal.html,6,right,left,1,text-enrichment-reader-round2-n30-v1:participant:11:documents:set:1:rotation:0,,,n30-round2-three-versions-v1,2026-09-04-r2-v1
n30-round2-three-versions-v1-slot-11,,11,1,3,3,P16_DOC_A,31,D5_maximal,D5_maximal.html,6,right,left,1,text-enrichment-reader-round2-n30-v1:participant:11:documents:set:1:rotation:0,,,n30-round2-three-versions-v1,2026-09-04-r2-v1
n30-round2-three-versions-v1-slot-11,,11,1,4,4,P5_DOC_A,9,D1_derived,D1_derived.html,1,left,right,1,text-enrichment-reader-round2-n30-v1:participant:11:documents:set:1:rotation:0,,,n30-round2-three-versions-v1,2026-09-04-r2-v1
n30-round2-three-versions-v1-slot-11,,11,1,5,5,P17_DOC_A,33,D1_derived,D1_derived.html,1,right,left,1,text-enrichment-reader-round2-n30-v1:participant:11:documents:set:1:rotation:0,,,n30-round2-three-versions-v1,2026-09-04-r2-v1
n30-round2-three-versions-v1-slot-11,,11,1,6,6,P17_DOC_B,34,D3_derived,D3_derived.html,4,right,left,1,text-enrichment-reader-round2-n30-v1:participant:11:documents:set:1:rotation:0,,,n30-round2-three-versions-v1,2026-09-04-r2-v1
n30-round2-three-versions-v1-slot-11,,11,1,7,7,P19_DOC_B,38,D5_maximal,D5_maximal.html,6,right,left,1,text-enrichment-reader-round2-n30-v1:participant:11:documents:set:1:rotation:0,,,n30-round2-three-versions-v1,2026-09-04-r2-v1
n30-round2-three-versions-v1-slot-11,,11,1,8,8,P1_DOC_B,2,D5_maximal,D5_maximal.html,6,right,left,1,text-enrichment-reader-round2-n30-v1:participant:11:documents:set:1:rotation:0,,,n30-round2-three-versions-v1,2026-09-04-r2-v1
n30-round2-three-versions-v1-slot-11,,11,1,9,9,P16_DOC_B,32,W_writer_optimal,W_writer_optimal.html,3,right,left,1,text-enrichment-reader-round2-n30-v1:participant:11:documents:set:1:rotation:0,,,n30-round2-three-versions-v1,2026-09-04-r2-v1
n30-round2-three-versions-v1-slot-11,,11,1,10,10,P8_DOC_B,16,D1_derived,D1_derived.html,1,left,right,1,text-enrichment-reader-round2-n30-v1:participant:11:documents:set:1:rotation:0,,,n30-round2-three-versions-v1,2026-09-04-r2-v1
n30-round2-three-versions-v1-slot-11,,11,1,11,11,P1_DOC_A,1,W_writer_optimal,W_writer_optimal.html,3,left,right,1,text-enrichment-reader-round2-n30-v1:participant:11:documents:set:1:rotation:0,,,n30-round2-three-versions-v1,2026-09-04-r2-v1
n30-round2-three-versions-v1-slot-11,,11,1,12,12,P10_DOC_B,20,W_writer_optimal,W_writer_optimal.html,3,right,left,1,text-enrichment-reader-round2-n30-v1:participant:11:documents:set:1:rotation:0,,,n30-round2-three-versions-v1,2026-09-04-r2-v1
n30-round2-three-versions-v1-slot-11,,11,1,13,13,P6_DOC_B,12,D4_derived,D4_derived.html,5,left,right,1,text-enrichment-reader-round2-n30-v1:participant:11:documents:set:1:rotation:0,,,n30-round2-three-versions-v1,2026-09-04-r2-v1
n30-round2-three-versions-v1-slot-11,,11,1,14,14,P8_DOC_A,15,D3_derived,D3_derived.html,4,left,right,1,text-enrichment-reader-round2-n30-v1:participant:11:documents:set:1:rotation:0,,,n30-round2-three-versions-v1,2026-09-04-r2-v1
n30-round2-three-versions-v1-slot-11,,11,1,15,15,P18_DOC_B,36,D4_derived,D4_derived.html,5,right,left,1,text-enrichment-reader-round2-n30-v1:participant:11:documents:set:1:rotation:0,,,n30-round2-three-versions-v1,2026-09-04-r2-v1
n30-round2-three-versions-v1-slot-11,,11,1,16,16,P15_DOC_B,30,D2_derived,D2_derived.html,2,right,left,1,text-enrichment-reader-round2-n30-v1:participant:11:documents:set:1:rotation:0,,,n30-round2-three-versions-v1,2026-09-04-r2-v1
n30-round2-three-versions-v1-slot-11,,11,1,17,17,P2_DOC_A,3,D3_derived,D3_derived.html,4,left,right,1,text-enrichment-reader-round2-n30-v1:participant:11:documents:set:1:rotation:0,,,n30-round2-three-versions-v1,2026-09-04-r2-v1
n30-round2-three-versions-v1-slot-11,,11,1,18,18,P13_DOC_A,25,W_writer_optimal,W_writer_optimal.html,3,right,left,1,text-enrichment-reader-round2-n30-v1:participant:11:documents:set:1:rotation:0,,,n30-round2-three-versions-v1,2026-09-04-r2-v1
n30-round2-three-versions-v1-slot-11,,11,1,19,19,P3_DOC_B,6,D2_derived,D2_derived.html,2,left,right,1,text-enrichment-reader-round2-n30-v1:participant:11:documents:set:1:rotation:0,,,n30-round2-three-versions-v1,2026-09-04-r2-v1
n30-round2-three-versions-v1-slot-11,,11,1,20,20,P15_DOC_A,29,D4_derived,D4_derived.html,5,right,left,1,text-enrichment-reader-round2-n30-v1:participant:11:documents:set:1:rotation:0,,,n30-round2-three-versions-v1,2026-09-04-r2-v1
n30-round2-three-versions-v1-slot-11,,11,1,21,21,P3_DOC_A,5,D4_derived,D4_derived.html,5,left,right,1,text-enrichment-reader-round2-n30-v1:participant:11:documents:set:1:rotation:0,,,n30-round2-three-versions-v1,2026-09-04-r2-v1
n30-round2-three-versions-v1-slot-11,,11,1,22,22,P4_DOC_A,7,D5_maximal,D5_maximal.html,6,left,right,1,text-enrichment-reader-round2-n30-v1:participant:11:documents:set:1:rotation:0,,,n30-round2-three-versions-v1,2026-09-04-r2-v1
n30-round2-three-versions-v1-slot-11,,11,1,23,23,P4_DOC_B,8,W_writer_optimal,W_writer_optimal.html,3,left,right,1,text-enrichment-reader-round2-n30-v1:participant:11:documents:set:1:rotation:0,,,n30-round2-three-versions-v1,2026-09-04-r2-v1
n30-round2-three-versions-v1-slot-11,,11,1,24,24,P11_DOC_A,21,D1_derived,D1_derived.html,1,left,right,1,text-enrichment-reader-round2-n30-v1:participant:11:documents:set:1:rotation:0,,,n30-round2-three-versions-v1,2026-09-04-r2-v1
n30-round2-three-versions-v1-slot-11,,11,1,25,25,P9_DOC_A,17,D4_derived,D4_derived.html,5,left,right,1,text-enrichment-reader-round2-n30-v1:participant:11:documents:set:1:rotation:0,,,n30-round2-three-versions-v1,2026-09-04-r2-v1
n30-round2-three-versions-v1-slot-11,,11,1,26,26,P6_DOC_A,11,D2_derived,D2_derived.html,2,left,right,1,text-enrichment-reader-round2-n30-v1:participant:11:documents:set:1:rotation:0,,,n30-round2-three-versions-v1,2026-09-04-r2-v1
n30-round2-three-versions-v1-slot-11,,11,1,27,27,P9_DOC_B,18,D2_derived,D2_derived.html,2,left,right,1,text-enrichment-reader-round2-n30-v1:participant:11:documents:set:1:rotation:0,,,n30-round2-three-versions-v1,2026-09-04-r2-v1
n30-round2-three-versions-v1-slot-11,,11,1,28,28,P12_DOC_A,23,D2_derived,D2_derived.html,2,right,left,1,text-enrichment-reader-round2-n30-v1:participant:11:documents:set:1:rotation:0,,,n30-round2-three-versions-v1,2026-09-04-r2-v1
n30-round2-three-versions-v1-slot-11,,11,1,29,29,P18_DOC_A,35,D2_derived,D2_derived.html,2,right,left,1,text-enrichment-reader-round2-n30-v1:participant:11:documents:set:1:rotation:0,,,n30-round2-three-versions-v1,2026-09-04-r2-v1
n30-round2-three-versions-v1-slot-11,,11,1,30,30,P12_DOC_B,24,D4_derived,D4_derived.html,5,right,left,1,text-enrichment-reader-round2-n30-v1:participant:11:documents:set:1:rotation:0,,,n30-round2-three-versions-v1,2026-09-04-r2-v1
n30-round2-three-versions-v1-slot-11,,11,1,31,31,P14_DOC_B,28,D1_derived,D1_derived.html,1,right,left,1,text-enrichment-reader-round2-n30-v1:participant:11:documents:set:1:rotation:0,,,n30-round2-three-versions-v1,2026-09-04-r2-v1
n30-round2-three-versions-v1-slot-11,,11,1,32,32,P10_DOC_A,19,D5_maximal,D5_maximal.html,6,left,right,1,text-enrichment-reader-round2-n30-v1:participant:11:documents:set:1:rotation:0,,,n30-round2-three-versions-v1,2026-09-04-r2-v1
n30-round2-three-versions-v1-slot-11,,11,1,33,33,P5_DOC_B,10,D3_derived,D3_derived.html,4,left,right,1,text-enrichment-reader-round2-n30-v1:participant:11:documents:set:1:rotation:0,,,n30-round2-three-versions-v1,2026-09-04-r2-v1
n30-round2-three-versions-v1-slot-11,,11,1,34,34,P14_DOC_A,27,D3_derived,D3_derived.html,4,right,left,1,text-enrichment-reader-round2-n30-v1:participant:11:documents:set:1:rotation:0,,,n30-round2-three-versions-v1,2026-09-04-r2-v1
n30-round2-three-versions-v1-slot-11,,11,1,35,35,P7_DOC_B,14,D5_maximal,D5_maximal.html,6,left,right,1,text-enrichment-reader-round2-n30-v1:participant:11:documents:set:1:rotation:0,,,n30-round2-three-versions-v1,2026-09-04-r2-v1
n30-round2-three-versions-v1-slot-11,,11,1,36,36,P7_DOC_A,13,W_writer_optimal,W_writer_optimal.html,3,left,right,1,text-enrichment-reader-round2-n30-v1:participant:11:documents:set:1:rotation:0,,,n30-round2-three-versions-v1,2026-09-04-r2-v1
n30-round2-three-versions-v1-slot-11,,11,1,37,37,P19_DOC_A,37,W_writer_optimal,W_writer_optimal.html,3,right,left,1,text-enrichment-reader-round2-n30-v1:participant:11:documents:set:1:rotation:0,,,n30-round2-three-versions-v1,2026-09-04-r2-v1
n30-round2-three-versions-v1-slot-11,,11,1,38,38,P11_DOC_B,22,D3_derived,D3_derived.html,4,right,left,1,text-enrichment-reader-round2-n30-v1:participant:11:documents:set:1:rotation:0,,,n30-round2-three-versions-v1,2026-09-04-r2-v1
n30-round2-three-versions-v1-slot-11,,11,2,1,39,P8_DOC_A,15,D2_derived,D2_derived.html,2,left,right,2,text-enrichment-reader-round2-n30-v1:participant:11:documents:set:2:rotation:13,,,n30-round2-three-versions-v1,2026-09-04-r2-v1
n30-round2-three-versions-v1-slot-11,,11,2,2,40,P18_DOC_B,36,W_writer_optimal,W_writer_optimal.html,3,right,left,2,text-enrichment-reader-round2-n30-v1:participant:11:documents:set:2:rotation:13,,,n30-round2-three-versions-v1,2026-09-04-r2-v1
n30-round2-three-versions-v1-slot-11,,11,2,3,41,P15_DOC_B,30,D5_maximal,D5_maximal.html,6,right,left,2,text-enrichment-reader-round2-n30-v1:participant:11:documents:set:2:rotation:13,,,n30-round2-three-versions-v1,2026-09-04-r2-v1
n30-round2-three-versions-v1-slot-11,,11,2,4,42,P2_DOC_A,3,D2_derived,D2_derived.html,2,left,right,2,text-enrichment-reader-round2-n30-v1:participant:11:documents:set:2:rotation:13,,,n30-round2-three-versions-v1,2026-09-04-r2-v1
n30-round2-three-versions-v1-slot-11,,11,2,5,43,P13_DOC_A,25,D1_derived,D1_derived.html,1,right,left,2,text-enrichment-reader-round2-n30-v1:participant:11:documents:set:2:rotation:13,,,n30-round2-three-versions-v1,2026-09-04-r2-v1
n30-round2-three-versions-v1-slot-11,,11,2,6,44,P3_DOC_B,6,D5_maximal,D5_maximal.html,6,left,right,2,text-enrichment-reader-round2-n30-v1:participant:11:documents:set:2:rotation:13,,,n30-round2-three-versions-v1,2026-09-04-r2-v1
n30-round2-three-versions-v1-slot-11,,11,2,7,45,P15_DOC_A,29,W_writer_optimal,W_writer_optimal.html,3,right,left,2,text-enrichment-reader-round2-n30-v1:participant:11:documents:set:2:rotation:13,,,n30-round2-three-versions-v1,2026-09-04-r2-v1
n30-round2-three-versions-v1-slot-11,,11,2,8,46,P3_DOC_A,5,W_writer_optimal,W_writer_optimal.html,3,left,right,2,text-enrichment-reader-round2-n30-v1:participant:11:documents:set:2:rotation:13,,,n30-round2-three-versions-v1,2026-09-04-r2-v1
n30-round2-three-versions-v1-slot-11,,11,2,9,47,P4_DOC_A,7,D3_derived,D3_derived.html,4,left,right,2,text-enrichment-reader-round2-n30-v1:participant:11:documents:set:2:rotation:13,,,n30-round2-three-versions-v1,2026-09-04-r2-v1
n30-round2-three-versions-v1-slot-11,,11,2,10,48,P4_DOC_B,8,D1_derived,D1_derived.html,1,left,right,2,text-enrichment-reader-round2-n30-v1:participant:11:documents:set:2:rotation:13,,,n30-round2-three-versions-v1,2026-09-04-r2-v1
n30-round2-three-versions-v1-slot-11,,11,2,11,49,P11_DOC_A,21,D4_derived,D4_derived.html,5,right,left,2,text-enrichment-reader-round2-n30-v1:participant:11:documents:set:2:rotation:13,,,n30-round2-three-versions-v1,2026-09-04-r2-v1
n30-round2-three-versions-v1-slot-11,,11,2,12,50,P9_DOC_A,17,W_writer_optimal,W_writer_optimal.html,3,left,right,2,text-enrichment-reader-round2-n30-v1:participant:11:documents:set:2:rotation:13,,,n30-round2-three-versions-v1,2026-09-04-r2-v1
n30-round2-three-versions-v1-slot-11,,11,2,13,51,P6_DOC_A,11,D5_maximal,D5_maximal.html,6,left,right,2,text-enrichment-reader-round2-n30-v1:participant:11:documents:set:2:rotation:13,,,n30-round2-three-versions-v1,2026-09-04-r2-v1
n30-round2-three-versions-v1-slot-11,,11,2,14,52,P9_DOC_B,18,D5_maximal,D5_maximal.html,6,left,right,2,text-enrichment-reader-round2-n30-v1:participant:11:documents:set:2:rotation:13,,,n30-round2-three-versions-v1,2026-09-04-r2-v1
n30-round2-three-versions-v1-slot-11,,11,2,15,53,P12_DOC_A,23,D5_maximal,D5_maximal.html,6,right,left,2,text-enrichment-reader-round2-n30-v1:participant:11:documents:set:2:rotation:13,,,n30-round2-three-versions-v1,2026-09-04-r2-v1
n30-round2-three-versions-v1-slot-11,,11,2,16,54,P18_DOC_A,35,D5_maximal,D5_maximal.html,6,right,left,2,text-enrichment-reader-round2-n30-v1:participant:11:documents:set:2:rotation:13,,,n30-round2-three-versions-v1,2026-09-04-r2-v1
n30-round2-three-versions-v1-slot-11,,11,2,17,55,P12_DOC_B,24,W_writer_optimal,W_writer_optimal.html,3,right,left,2,text-enrichment-reader-round2-n30-v1:participant:11:documents:set:2:rotation:13,,,n30-round2-three-versions-v1,2026-09-04-r2-v1
n30-round2-three-versions-v1-slot-11,,11,2,18,56,P14_DOC_B,28,D4_derived,D4_derived.html,5,right,left,2,text-enrichment-reader-round2-n30-v1:participant:11:documents:set:2:rotation:13,,,n30-round2-three-versions-v1,2026-09-04-r2-v1
n30-round2-three-versions-v1-slot-11,,11,2,19,57,P10_DOC_A,19,D3_derived,D3_derived.html,4,left,right,2,text-enrichment-reader-round2-n30-v1:participant:11:documents:set:2:rotation:13,,,n30-round2-three-versions-v1,2026-09-04-r2-v1
n30-round2-three-versions-v1-slot-11,,11,2,20,58,P5_DOC_B,10,D2_derived,D2_derived.html,2,left,right,2,text-enrichment-reader-round2-n30-v1:participant:11:documents:set:2:rotation:13,,,n30-round2-three-versions-v1,2026-09-04-r2-v1
n30-round2-three-versions-v1-slot-11,,11,2,21,59,P14_DOC_A,27,D2_derived,D2_derived.html,2,right,left,2,text-enrichment-reader-round2-n30-v1:participant:11:documents:set:2:rotation:13,,,n30-round2-three-versions-v1,2026-09-04-r2-v1
n30-round2-three-versions-v1-slot-11,,11,2,22,60,P7_DOC_B,14,D3_derived,D3_derived.html,4,left,right,2,text-enrichment-reader-round2-n30-v1:participant:11:documents:set:2:rotation:13,,,n30-round2-three-versions-v1,2026-09-04-r2-v1
n30-round2-three-versions-v1-slot-11,,11,2,23,61,P7_DOC_A,13,D1_derived,D1_derived.html,1,left,right,2,text-enrichment-reader-round2-n30-v1:participant:11:documents:set:2:rotation:13,,,n30-round2-three-versions-v1,2026-09-04-r2-v1
n30-round2-three-versions-v1-slot-11,,11,2,24,62,P19_DOC_A,37,D1_derived,D1_derived.html,1,right,left,2,text-enrichment-reader-round2-n30-v1:participant:11:documents:set:2:rotation:13,,,n30-round2-three-versions-v1,2026-09-04-r2-v1
n30-round2-three-versions-v1-slot-11,,11,2,25,63,P11_DOC_B,22,D2_derived,D2_derived.html,2,right,left,2,text-enrichment-reader-round2-n30-v1:participant:11:documents:set:2:rotation:13,,,n30-round2-three-versions-v1,2026-09-04-r2-v1
n30-round2-three-versions-v1-slot-11,,11,2,26,64,P2_DOC_B,4,D4_derived,D4_derived.html,5,left,right,2,text-enrichment-reader-round2-n30-v1:participant:11:documents:set:2:rotation:13,,,n30-round2-three-versions-v1,2026-09-04-r2-v1
n30-round2-three-versions-v1-slot-11,,11,2,27,65,P13_DOC_B,26,D3_derived,D3_derived.html,4,right,left,2,text-enrichment-reader-round2-n30-v1:participant:11:documents:set:2:rotation:13,,,n30-round2-three-versions-v1,2026-09-04-r2-v1
n30-round2-three-versions-v1-slot-11,,11,2,28,66,P16_DOC_A,31,D3_derived,D3_derived.html,4,right,left,2,text-enrichment-reader-round2-n30-v1:participant:11:documents:set:2:rotation:13,,,n30-round2-three-versions-v1,2026-09-04-r2-v1
n30-round2-three-versions-v1-slot-11,,11,2,29,67,P5_DOC_A,9,D4_derived,D4_derived.html,5,left,right,2,text-enrichment-reader-round2-n30-v1:participant:11:documents:set:2:rotation:13,,,n30-round2-three-versions-v1,2026-09-04-r2-v1
n30-round2-three-versions-v1-slot-11,,11,2,30,68,P17_DOC_A,33,D4_derived,D4_derived.html,5,right,left,2,text-enrichment-reader-round2-n30-v1:participant:11:documents:set:2:rotation:13,,,n30-round2-three-versions-v1,2026-09-04-r2-v1
n30-round2-three-versions-v1-slot-11,,11,2,31,69,P17_DOC_B,34,D2_derived,D2_derived.html,2,right,left,2,text-enrichment-reader-round2-n30-v1:participant:11:documents:set:2:rotation:13,,,n30-round2-three-versions-v1,2026-09-04-r2-v1
n30-round2-three-versions-v1-slot-11,,11,2,32,70,P19_DOC_B,38,D3_derived,D3_derived.html,4,right,left,2,text-enrichment-reader-round2-n30-v1:participant:11:documents:set:2:rotation:13,,,n30-round2-three-versions-v1,2026-09-04-r2-v1
n30-round2-three-versions-v1-slot-11,,11,2,33,71,P1_DOC_B,2,D3_derived,D3_derived.html,4,left,right,2,text-enrichment-reader-round2-n30-v1:participant:11:documents:set:2:rotation:13,,,n30-round2-three-versions-v1,2026-09-04-r2-v1
n30-round2-three-versions-v1-slot-11,,11,2,34,72,P16_DOC_B,32,D1_derived,D1_derived.html,1,right,left,2,text-enrichment-reader-round2-n30-v1:participant:11:documents:set:2:rotation:13,,,n30-round2-three-versions-v1,2026-09-04-r2-v1
n30-round2-three-versions-v1-slot-11,,11,2,35,73,P8_DOC_B,16,D4_derived,D4_derived.html,5,left,right,2,text-enrichment-reader-round2-n30-v1:participant:11:documents:set:2:rotation:13,,,n30-round2-three-versions-v1,2026-09-04-r2-v1
n30-round2-three-versions-v1-slot-11,,11,2,36,74,P1_DOC_A,1,D1_derived,D1_derived.html,1,left,right,2,text-enrichment-reader-round2-n30-v1:participant:11:documents:set:2:rotation:13,,,n30-round2-three-versions-v1,2026-09-04-r2-v1
n30-round2-three-versions-v1-slot-11,,11,2,37,75,P10_DOC_B,20,D1_derived,D1_derived.html,1,right,left,2,text-enrichment-reader-round2-n30-v1:participant:11:documents:set:2:rotation:13,,,n30-round2-three-versions-v1,2026-09-04-r2-v1
n30-round2-three-versions-v1-slot-11,,11,2,38,76,P6_DOC_B,12,W_writer_optimal,W_writer_optimal.html,3,left,right,2,text-enrichment-reader-round2-n30-v1:participant:11:documents:set:2:rotation:13,,,n30-round2-three-versions-v1,2026-09-04-r2-v1
n30-round2-three-versions-v1-slot-11,,11,3,1,77,P9_DOC_B,18,D1_derived,D1_derived.html,1,left,right,3,text-enrichment-reader-round2-n30-v1:participant:11:documents:set:3:rotation:26,,,n30-round2-three-versions-v1,2026-09-04-r2-v1
n30-round2-three-versions-v1-slot-11,,11,3,2,78,P12_DOC_A,23,D1_derived,D1_derived.html,1,right,left,3,text-enrichment-reader-round2-n30-v1:participant:11:documents:set:3:rotation:26,,,n30-round2-three-versions-v1,2026-09-04-r2-v1
n30-round2-three-versions-v1-slot-11,,11,3,3,79,P18_DOC_A,35,D1_derived,D1_derived.html,1,right,left,3,text-enrichment-reader-round2-n30-v1:participant:11:documents:set:3:rotation:26,,,n30-round2-three-versions-v1,2026-09-04-r2-v1
n30-round2-three-versions-v1-slot-11,,11,3,4,80,P12_DOC_B,24,D3_derived,D3_derived.html,4,right,left,3,text-enrichment-reader-round2-n30-v1:participant:11:documents:set:3:rotation:26,,,n30-round2-three-versions-v1,2026-09-04-r2-v1
n30-round2-three-versions-v1-slot-11,,11,3,5,81,P14_DOC_B,28,D5_maximal,D5_maximal.html,6,right,left,3,text-enrichment-reader-round2-n30-v1:participant:11:documents:set:3:rotation:26,,,n30-round2-three-versions-v1,2026-09-04-r2-v1
n30-round2-three-versions-v1-slot-11,,11,3,6,82,P10_DOC_A,19,D4_derived,D4_derived.html,5,left,right,3,text-enrichment-reader-round2-n30-v1:participant:11:documents:set:3:rotation:26,,,n30-round2-three-versions-v1,2026-09-04-r2-v1
n30-round2-three-versions-v1-slot-11,,11,3,7,83,P5_DOC_B,10,W_writer_optimal,W_writer_optimal.html,3,left,right,3,text-enrichment-reader-round2-n30-v1:participant:11:documents:set:3:rotation:26,,,n30-round2-three-versions-v1,2026-09-04-r2-v1
n30-round2-three-versions-v1-slot-11,,11,3,8,84,P14_DOC_A,27,W_writer_optimal,W_writer_optimal.html,3,right,left,3,text-enrichment-reader-round2-n30-v1:participant:11:documents:set:3:rotation:26,,,n30-round2-three-versions-v1,2026-09-04-r2-v1
n30-round2-three-versions-v1-slot-11,,11,3,9,85,P7_DOC_B,14,D4_derived,D4_derived.html,5,left,right,3,text-enrichment-reader-round2-n30-v1:participant:11:documents:set:3:rotation:26,,,n30-round2-three-versions-v1,2026-09-04-r2-v1
n30-round2-three-versions-v1-slot-11,,11,3,10,86,P7_DOC_A,13,D2_derived,D2_derived.html,2,left,right,3,text-enrichment-reader-round2-n30-v1:participant:11:documents:set:3:rotation:26,,,n30-round2-three-versions-v1,2026-09-04-r2-v1
n30-round2-three-versions-v1-slot-11,,11,3,11,87,P19_DOC_A,37,D2_derived,D2_derived.html,2,right,left,3,text-enrichment-reader-round2-n30-v1:participant:11:documents:set:3:rotation:26,,,n30-round2-three-versions-v1,2026-09-04-r2-v1
n30-round2-three-versions-v1-slot-11,,11,3,12,88,P11_DOC_B,22,W_writer_optimal,W_writer_optimal.html,3,right,left,3,text-enrichment-reader-round2-n30-v1:participant:11:documents:set:3:rotation:26,,,n30-round2-three-versions-v1,2026-09-04-r2-v1
n30-round2-three-versions-v1-slot-11,,11,3,13,89,P2_DOC_B,4,D5_maximal,D5_maximal.html,6,left,right,3,text-enrichment-reader-round2-n30-v1:participant:11:documents:set:3:rotation:26,,,n30-round2-three-versions-v1,2026-09-04-r2-v1
n30-round2-three-versions-v1-slot-11,,11,3,14,90,P13_DOC_B,26,D4_derived,D4_derived.html,5,right,left,3,text-enrichment-reader-round2-n30-v1:participant:11:documents:set:3:rotation:26,,,n30-round2-three-versions-v1,2026-09-04-r2-v1
n30-round2-three-versions-v1-slot-11,,11,3,15,91,P16_DOC_A,31,D4_derived,D4_derived.html,5,right,left,3,text-enrichment-reader-round2-n30-v1:participant:11:documents:set:3:rotation:26,,,n30-round2-three-versions-v1,2026-09-04-r2-v1
n30-round2-three-versions-v1-slot-11,,11,3,16,92,P5_DOC_A,9,D5_maximal,D5_maximal.html,6,left,right,3,text-enrichment-reader-round2-n30-v1:participant:11:documents:set:3:rotation:26,,,n30-round2-three-versions-v1,2026-09-04-r2-v1
n30-round2-three-versions-v1-slot-11,,11,3,17,93,P17_DOC_A,33,D5_maximal,D5_maximal.html,6,right,left,3,text-enrichment-reader-round2-n30-v1:participant:11:documents:set:3:rotation:26,,,n30-round2-three-versions-v1,2026-09-04-r2-v1
n30-round2-three-versions-v1-slot-11,,11,3,18,94,P17_DOC_B,34,W_writer_optimal,W_writer_optimal.html,3,right,left,3,text-enrichment-reader-round2-n30-v1:participant:11:documents:set:3:rotation:26,,,n30-round2-three-versions-v1,2026-09-04-r2-v1
n30-round2-three-versions-v1-slot-11,,11,3,19,95,P19_DOC_B,38,D4_derived,D4_derived.html,5,right,left,3,text-enrichment-reader-round2-n30-v1:participant:11:documents:set:3:rotation:26,,,n30-round2-three-versions-v1,2026-09-04-r2-v1
n30-round2-three-versions-v1-slot-11,,11,3,20,96,P1_DOC_B,2,D4_derived,D4_derived.html,5,left,right,3,text-enrichment-reader-round2-n30-v1:participant:11:documents:set:3:rotation:26,,,n30-round2-three-versions-v1,2026-09-04-r2-v1
n30-round2-three-versions-v1-slot-11,,11,3,21,97,P16_DOC_B,32,D2_derived,D2_derived.html,2,left,right,3,text-enrichment-reader-round2-n30-v1:participant:11:documents:set:3:rotation:26,,,n30-round2-three-versions-v1,2026-09-04-r2-v1
n30-round2-three-versions-v1-slot-11,,11,3,22,98,P8_DOC_B,16,D5_maximal,D5_maximal.html,6,left,right,3,text-enrichment-reader-round2-n30-v1:participant:11:documents:set:3:rotation:26,,,n30-round2-three-versions-v1,2026-09-04-r2-v1
n30-round2-three-versions-v1-slot-11,,11,3,23,99,P1_DOC_A,1,D2_derived,D2_derived.html,2,right,left,3,text-enrichment-reader-round2-n30-v1:participant:11:documents:set:3:rotation:26,,,n30-round2-three-versions-v1,2026-09-04-r2-v1
n30-round2-three-versions-v1-slot-11,,11,3,24,100,P10_DOC_B,20,D2_derived,D2_derived.html,2,right,left,3,text-enrichment-reader-round2-n30-v1:participant:11:documents:set:3:rotation:26,,,n30-round2-three-versions-v1,2026-09-04-r2-v1
n30-round2-three-versions-v1-slot-11,,11,3,25,101,P6_DOC_B,12,D3_derived,D3_derived.html,4,left,right,3,text-enrichment-reader-round2-n30-v1:participant:11:documents:set:3:rotation:26,,,n30-round2-three-versions-v1,2026-09-04-r2-v1
n30-round2-three-versions-v1-slot-11,,11,3,26,102,P8_DOC_A,15,W_writer_optimal,W_writer_optimal.html,3,left,right,3,text-enrichment-reader-round2-n30-v1:participant:11:documents:set:3:rotation:26,,,n30-round2-three-versions-v1,2026-09-04-r2-v1
n30-round2-three-versions-v1-slot-11,,11,3,27,103,P18_DOC_B,36,D3_derived,D3_derived.html,4,right,left,3,text-enrichment-reader-round2-n30-v1:participant:11:documents:set:3:rotation:26,,,n30-round2-three-versions-v1,2026-09-04-r2-v1
n30-round2-three-versions-v1-slot-11,,11,3,28,104,P15_DOC_B,30,D1_derived,D1_derived.html,1,right,left,3,text-enrichment-reader-round2-n30-v1:participant:11:documents:set:3:rotation:26,,,n30-round2-three-versions-v1,2026-09-04-r2-v1
n30-round2-three-versions-v1-slot-11,,11,3,29,105,P2_DOC_A,3,W_writer_optimal,W_writer_optimal.html,3,left,right,3,text-enrichment-reader-round2-n30-v1:participant:11:documents:set:3:rotation:26,,,n30-round2-three-versions-v1,2026-09-04-r2-v1
n30-round2-three-versions-v1-slot-11,,11,3,30,106,P13_DOC_A,25,D2_derived,D2_derived.html,2,right,left,3,text-enrichment-reader-round2-n30-v1:participant:11:documents:set:3:rotation:26,,,n30-round2-three-versions-v1,2026-09-04-r2-v1
n30-round2-three-versions-v1-slot-11,,11,3,31,107,P3_DOC_B,6,D1_derived,D1_derived.html,1,left,right,3,text-enrichment-reader-round2-n30-v1:participant:11:documents:set:3:rotation:26,,,n30-round2-three-versions-v1,2026-09-04-r2-v1
n30-round2-three-versions-v1-slot-11,,11,3,32,108,P15_DOC_A,29,D3_derived,D3_derived.html,4,right,left,3,text-enrichment-reader-round2-n30-v1:participant:11:documents:set:3:rotation:26,,,n30-round2-three-versions-v1,2026-09-04-r2-v1
n30-round2-three-versions-v1-slot-11,,11,3,33,109,P3_DOC_A,5,D3_derived,D3_derived.html,4,left,right,3,text-enrichment-reader-round2-n30-v1:participant:11:documents:set:3:rotation:26,,,n30-round2-three-versions-v1,2026-09-04-r2-v1
n30-round2-three-versions-v1-slot-11,,11,3,34,110,P4_DOC_A,7,D4_derived,D4_derived.html,5,left,right,3,text-enrichment-reader-round2-n30-v1:participant:11:documents:set:3:rotation:26,,,n30-round2-three-versions-v1,2026-09-04-r2-v1
n30-round2-three-versions-v1-slot-11,,11,3,35,111,P4_DOC_B,8,D2_derived,D2_derived.html,2,left,right,3,text-enrichment-reader-round2-n30-v1:participant:11:documents:set:3:rotation:26,,,n30-round2-three-versions-v1,2026-09-04-r2-v1
n30-round2-three-versions-v1-slot-11,,11,3,36,112,P11_DOC_A,21,D5_maximal,D5_maximal.html,6,right,left,3,text-enrichment-reader-round2-n30-v1:participant:11:documents:set:3:rotation:26,,,n30-round2-three-versions-v1,2026-09-04-r2-v1
n30-round2-three-versions-v1-slot-11,,11,3,37,113,P9_DOC_A,17,D3_derived,D3_derived.html,4,left,right,3,text-enrichment-reader-round2-n30-v1:participant:11:documents:set:3:rotation:26,,,n30-round2-three-versions-v1,2026-09-04-r2-v1
n30-round2-three-versions-v1-slot-11,,11,3,38,114,P6_DOC_A,11,D1_derived,D1_derived.html,1,left,right,3,text-enrichment-reader-round2-n30-v1:participant:11:documents:set:3:rotation:26,,,n30-round2-three-versions-v1,2026-09-04-r2-v1
n30-round2-three-versions-v1-slot-12,,12,1,1,1,P19_DOC_A,37,D3_derived,D3_derived.html,4,right,left,1,text-enrichment-reader-round2-n30-v1:participant:12:documents:set:1:rotation:0,,,n30-round2-three-versions-v1,2026-09-04-r2-v1
n30-round2-three-versions-v1-slot-12,,12,1,2,2,P2_DOC_B,4,D1_derived,D1_derived.html,1,left,right,1,text-enrichment-reader-round2-n30-v1:participant:12:documents:set:1:rotation:0,,,n30-round2-three-versions-v1,2026-09-04-r2-v1
n30-round2-three-versions-v1-slot-12,,12,1,3,3,P17_DOC_B,34,D3_derived,D3_derived.html,4,left,right,1,text-enrichment-reader-round2-n30-v1:participant:12:documents:set:1:rotation:0,,,n30-round2-three-versions-v1,2026-09-04-r2-v1
n30-round2-three-versions-v1-slot-12,,12,1,4,4,P12_DOC_B,24,D4_derived,D4_derived.html,5,right,left,1,text-enrichment-reader-round2-n30-v1:participant:12:documents:set:1:rotation:0,,,n30-round2-three-versions-v1,2026-09-04-r2-v1
n30-round2-three-versions-v1-slot-12,,12,1,5,5,P1_DOC_B,2,D5_maximal,D5_maximal.html,6,left,right,1,text-enrichment-reader-round2-n30-v1:participant:12:documents:set:1:rotation:0,,,n30-round2-three-versions-v1,2026-09-04-r2-v1
n30-round2-three-versions-v1-slot-12,,12,1,6,6,P5_DOC_B,10,D3_derived,D3_derived.html,4,left,right,1,text-enrichment-reader-round2-n30-v1:participant:12:documents:set:1:rotation:0,,,n30-round2-three-versions-v1,2026-09-04-r2-v1
n30-round2-three-versions-v1-slot-12,,12,1,7,7,P9_DOC_B,18,D2_derived,D2_derived.html,2,left,right,1,text-enrichment-reader-round2-n30-v1:participant:12:documents:set:1:rotation:0,,,n30-round2-three-versions-v1,2026-09-04-r2-v1
n30-round2-three-versions-v1-slot-12,,12,1,8,8,P8_DOC_B,16,D1_derived,D1_derived.html,1,left,right,1,text-enrichment-reader-round2-n30-v1:participant:12:documents:set:1:rotation:0,,,n30-round2-three-versions-v1,2026-09-04-r2-v1
n30-round2-three-versions-v1-slot-12,,12,1,9,9,P18_DOC_A,35,W_writer_optimal,W_writer_optimal.html,3,right,left,1,text-enrichment-reader-round2-n30-v1:participant:12:documents:set:1:rotation:0,,,n30-round2-three-versions-v1,2026-09-04-r2-v1
n30-round2-three-versions-v1-slot-12,,12,1,10,10,P2_DOC_A,3,D4_derived,D4_derived.html,5,right,left,1,text-enrichment-reader-round2-n30-v1:participant:12:documents:set:1:rotation:0,,,n30-round2-three-versions-v1,2026-09-04-r2-v1
n30-round2-three-versions-v1-slot-12,,12,1,11,11,P11_DOC_B,22,D3_derived,D3_derived.html,4,right,left,1,text-enrichment-reader-round2-n30-v1:participant:12:documents:set:1:rotation:0,,,n30-round2-three-versions-v1,2026-09-04-r2-v1
n30-round2-three-versions-v1-slot-12,,12,1,12,12,P9_DOC_A,17,D5_maximal,D5_maximal.html,6,left,right,1,text-enrichment-reader-round2-n30-v1:participant:12:documents:set:1:rotation:0,,,n30-round2-three-versions-v1,2026-09-04-r2-v1
n30-round2-three-versions-v1-slot-12,,12,1,13,13,P6_DOC_A,11,W_writer_optimal,W_writer_optimal.html,3,left,right,1,text-enrichment-reader-round2-n30-v1:participant:12:documents:set:1:rotation:0,,,n30-round2-three-versions-v1,2026-09-04-r2-v1
n30-round2-three-versions-v1-slot-12,,12,1,14,14,P6_DOC_B,12,D4_derived,D4_derived.html,5,left,right,1,text-enrichment-reader-round2-n30-v1:participant:12:documents:set:1:rotation:0,,,n30-round2-three-versions-v1,2026-09-04-r2-v1
n30-round2-three-versions-v1-slot-12,,12,1,15,15,P7_DOC_B,14,D5_maximal,D5_maximal.html,6,left,right,1,text-enrichment-reader-round2-n30-v1:participant:12:documents:set:1:rotation:0,,,n30-round2-three-versions-v1,2026-09-04-r2-v1
n30-round2-three-versions-v1-slot-12,,12,1,16,16,P10_DOC_B,20,W_writer_optimal,W_writer_optimal.html,3,right,left,1,text-enrichment-reader-round2-n30-v1:participant:12:documents:set:1:rotation:0,,,n30-round2-three-versions-v1,2026-09-04-r2-v1
n30-round2-three-versions-v1-slot-12,,12,1,17,17,P14_DOC_B,28,D1_derived,D1_derived.html,1,right,left,1,text-enrichment-reader-round2-n30-v1:participant:12:documents:set:1:rotation:0,,,n30-round2-three-versions-v1,2026-09-04-r2-v1
n30-round2-three-versions-v1-slot-12,,12,1,18,18,P8_DOC_A,15,D4_derived,D4_derived.html,5,left,right,1,text-enrichment-reader-round2-n30-v1:participant:12:documents:set:1:rotation:0,,,n30-round2-three-versions-v1,2026-09-04-r2-v1
n30-round2-three-versions-v1-slot-12,,12,1,19,19,P3_DOC_B,6,D2_derived,D2_derived.html,2,left,right,1,text-enrichment-reader-round2-n30-v1:participant:12:documents:set:1:rotation:0,,,n30-round2-three-versions-v1,2026-09-04-r2-v1
n30-round2-three-versions-v1-slot-12,,12,1,20,20,P13_DOC_A,25,D3_derived,D3_derived.html,4,right,left,1,text-enrichment-reader-round2-n30-v1:participant:12:documents:set:1:rotation:0,,,n30-round2-three-versions-v1,2026-09-04-r2-v1
n30-round2-three-versions-v1-slot-12,,12,1,21,21,P1_DOC_A,1,D3_derived,D3_derived.html,4,right,left,1,text-enrichment-reader-round2-n30-v1:participant:12:documents:set:1:rotation:0,,,n30-round2-three-versions-v1,2026-09-04-r2-v1
n30-round2-three-versions-v1-slot-12,,12,1,22,22,P15_DOC_A,29,D5_maximal,D5_maximal.html,6,right,left,1,text-enrichment-reader-round2-n30-v1:participant:12:documents:set:1:rotation:0,,,n30-round2-three-versions-v1,2026-09-04-r2-v1
n30-round2-three-versions-v1-slot-12,,12,1,23,23,P18_DOC_B,36,D4_derived,D4_derived.html,5,left,right,1,text-enrichment-reader-round2-n30-v1:participant:12:documents:set:1:rotation:0,,,n30-round2-three-versions-v1,2026-09-04-r2-v1
n30-round2-three-versions-v1-slot-12,,12,1,24,24,P17_DOC_A,33,D2_derived,D2_derived.html,2,right,left,1,text-enrichment-reader-round2-n30-v1:participant:12:documents:set:1:rotation:0,,,n30-round2-three-versions-v1,2026-09-04-r2-v1
n30-round2-three-versions-v1-slot-12,,12,1,25,25,P15_DOC_B,30,D2_derived,D2_derived.html,2,right,left,1,text-enrichment-reader-round2-n30-v1:participant:12:documents:set:1:rotation:0,,,n30-round2-three-versions-v1,2026-09-04-r2-v1
n30-round2-three-versions-v1-slot-12,,12,1,26,26,P10_DOC_A,19,D1_derived,D1_derived.html,1,left,right,1,text-enrichment-reader-round2-n30-v1:participant:12:documents:set:1:rotation:0,,,n30-round2-three-versions-v1,2026-09-04-r2-v1
n30-round2-three-versions-v1-slot-12,,12,1,27,27,P16_DOC_A,31,D1_derived,D1_derived.html,1,right,left,1,text-enrichment-reader-round2-n30-v1:participant:12:documents:set:1:rotation:0,,,n30-round2-three-versions-v1,2026-09-04-r2-v1
n30-round2-three-versions-v1-slot-12,,12,1,28,28,P4_DOC_B,8,W_writer_optimal,W_writer_optimal.html,3,left,right,1,text-enrichment-reader-round2-n30-v1:participant:12:documents:set:1:rotation:0,,,n30-round2-three-versions-v1,2026-09-04-r2-v1
n30-round2-three-versions-v1-slot-12,,12,1,29,29,P13_DOC_B,26,D5_maximal,D5_maximal.html,6,right,left,1,text-enrichment-reader-round2-n30-v1:participant:12:documents:set:1:rotation:0,,,n30-round2-three-versions-v1,2026-09-04-r2-v1
n30-round2-three-versions-v1-slot-12,,12,1,30,30,P19_DOC_B,38,D5_maximal,D5_maximal.html,6,left,right,1,text-enrichment-reader-round2-n30-v1:participant:12:documents:set:1:rotation:0,,,n30-round2-three-versions-v1,2026-09-04-r2-v1
n30-round2-three-versions-v1-slot-12,,12,1,31,31,P16_DOC_B,32,W_writer_optimal,W_writer_optimal.html,3,right,left,1,text-enrichment-reader-round2-n30-v1:participant:12:documents:set:1:rotation:0,,,n30-round2-three-versions-v1,2026-09-04-r2-v1
n30-round2-three-versions-v1-slot-12,,12,1,32,32,P4_DOC_A,7,D1_derived,D1_derived.html,1,right,left,1,text-enrichment-reader-round2-n30-v1:participant:12:documents:set:1:rotation:0,,,n30-round2-three-versions-v1,2026-09-04-r2-v1
n30-round2-three-versions-v1-slot-12,,12,1,33,33,P7_DOC_A,13,D3_derived,D3_derived.html,4,left,right,1,text-enrichment-reader-round2-n30-v1:participant:12:documents:set:1:rotation:0,,,n30-round2-three-versions-v1,2026-09-04-r2-v1
n30-round2-three-versions-v1-slot-12,,12,1,34,34,P5_DOC_A,9,D2_derived,D2_derived.html,2,left,right,1,text-enrichment-reader-round2-n30-v1:participant:12:documents:set:1:rotation:0,,,n30-round2-three-versions-v1,2026-09-04-r2-v1
n30-round2-three-versions-v1-slot-12,,12,1,35,35,P12_DOC_A,23,W_writer_optimal,W_writer_optimal.html,3,right,left,1,text-enrichment-reader-round2-n30-v1:participant:12:documents:set:1:rotation:0,,,n30-round2-three-versions-v1,2026-09-04-r2-v1
n30-round2-three-versions-v1-slot-12,,12,1,36,36,P11_DOC_A,21,D2_derived,D2_derived.html,2,right,left,1,text-enrichment-reader-round2-n30-v1:participant:12:documents:set:1:rotation:0,,,n30-round2-three-versions-v1,2026-09-04-r2-v1
n30-round2-three-versions-v1-slot-12,,12,1,37,37,P3_DOC_A,5,D5_maximal,D5_maximal.html,6,left,right,1,text-enrichment-reader-round2-n30-v1:participant:12:documents:set:1:rotation:0,,,n30-round2-three-versions-v1,2026-09-04-r2-v1
n30-round2-three-versions-v1-slot-12,,12,1,38,38,P14_DOC_A,27,D4_derived,D4_derived.html,5,right,left,1,text-enrichment-reader-round2-n30-v1:participant:12:documents:set:1:rotation:0,,,n30-round2-three-versions-v1,2026-09-04-r2-v1
n30-round2-three-versions-v1-slot-12,,12,2,1,39,P6_DOC_B,12,D2_derived,D2_derived.html,2,left,right,2,text-enrichment-reader-round2-n30-v1:participant:12:documents:set:2:rotation:13,,,n30-round2-three-versions-v1,2026-09-04-r2-v1
n30-round2-three-versions-v1-slot-12,,12,2,2,40,P7_DOC_B,14,W_writer_optimal,W_writer_optimal.html,3,left,right,2,text-enrichment-reader-round2-n30-v1:participant:12:documents:set:2:rotation:13,,,n30-round2-three-versions-v1,2026-09-04-r2-v1
n30-round2-three-versions-v1-slot-12,,12,2,3,41,P10_DOC_B,20,D5_maximal,D5_maximal.html,6,right,left,2,text-enrichment-reader-round2-n30-v1:participant:12:documents:set:2:rotation:13,,,n30-round2-three-versions-v1,2026-09-04-r2-v1
n30-round2-three-versions-v1-slot-12,,12,2,4,42,P14_DOC_B,28,D3_derived,D3_derived.html,4,left,right,2,text-enrichment-reader-round2-n30-v1:participant:12:documents:set:2:rotation:13,,,n30-round2-three-versions-v1,2026-09-04-r2-v1
n30-round2-three-versions-v1-slot-12,,12,2,5,43,P8_DOC_A,15,D2_derived,D2_derived.html,2,left,right,2,text-enrichment-reader-round2-n30-v1:participant:12:documents:set:2:rotation:13,,,n30-round2-three-versions-v1,2026-09-04-r2-v1
n30-round2-three-versions-v1-slot-12,,12,2,6,44,P3_DOC_B,6,D4_derived,D4_derived.html,5,right,left,2,text-enrichment-reader-round2-n30-v1:participant:12:documents:set:2:rotation:13,,,n30-round2-three-versions-v1,2026-09-04-r2-v1
n30-round2-three-versions-v1-slot-12,,12,2,7,45,P13_DOC_A,25,D1_derived,D1_derived.html,1,right,left,2,text-enrichment-reader-round2-n30-v1:participant:12:documents:set:2:rotation:13,,,n30-round2-three-versions-v1,2026-09-04-r2-v1
n30-round2-three-versions-v1-slot-12,,12,2,8,46,P1_DOC_A,1,D1_derived,D1_derived.html,1,left,right,2,text-enrichment-reader-round2-n30-v1:participant:12:documents:set:2:rotation:13,,,n30-round2-three-versions-v1,2026-09-04-r2-v1
n30-round2-three-versions-v1-slot-12,,12,2,9,47,P15_DOC_A,29,W_writer_optimal,W_writer_optimal.html,3,right,left,2,text-enrichment-reader-round2-n30-v1:participant:12:documents:set:2:rotation:13,,,n30-round2-three-versions-v1,2026-09-04-r2-v1
n30-round2-three-versions-v1-slot-12,,12,2,10,48,P18_DOC_B,36,D2_derived,D2_derived.html,2,right,left,2,text-enrichment-reader-round2-n30-v1:participant:12:documents:set:2:rotation:13,,,n30-round2-three-versions-v1,2026-09-04-r2-v1
n30-round2-three-versions-v1-slot-12,,12,2,11,49,P17_DOC_A,33,D4_derived,D4_derived.html,5,left,right,2,text-enrichment-reader-round2-n30-v1:participant:12:documents:set:2:rotation:13,,,n30-round2-three-versions-v1,2026-09-04-r2-v1
n30-round2-three-versions-v1-slot-12,,12,2,12,50,P15_DOC_B,30,D4_derived,D4_derived.html,5,right,left,2,text-enrichment-reader-round2-n30-v1:participant:12:documents:set:2:rotation:13,,,n30-round2-three-versions-v1,2026-09-04-r2-v1
n30-round2-three-versions-v1-slot-12,,12,2,13,51,P10_DOC_A,19,D3_derived,D3_derived.html,4,left,right,2,text-enrichment-reader-round2-n30-v1:participant:12:documents:set:2:rotation:13,,,n30-round2-three-versions-v1,2026-09-04-r2-v1
n30-round2-three-versions-v1-slot-12,,12,2,14,52,P16_DOC_A,31,D3_derived,D3_derived.html,4,left,right,2,text-enrichment-reader-round2-n30-v1:participant:12:documents:set:2:rotation:13,,,n30-round2-three-versions-v1,2026-09-04-r2-v1
n30-round2-three-versions-v1-slot-12,,12,2,15,53,P4_DOC_B,8,D5_maximal,D5_maximal.html,6,left,right,2,text-enrichment-reader-round2-n30-v1:participant:12:documents:set:2:rotation:13,,,n30-round2-three-versions-v1,2026-09-04-r2-v1
n30-round2-three-versions-v1-slot-12,,12,2,16,54,P13_DOC_B,26,W_writer_optimal,W_writer_optimal.html,3,right,left,2,text-enrichment-reader-round2-n30-v1:participant:12:documents:set:2:rotation:13,,,n30-round2-three-versions-v1,2026-09-04-r2-v1
n30-round2-three-versions-v1-slot-12,,12,2,17,55,P19_DOC_B,38,W_writer_optimal,W_writer_optimal.html,3,right,left,2,text-enrichment-reader-round2-n30-v1:participant:12:documents:set:2:rotation:13,,,n30-round2-three-versions-v1,2026-09-04-r2-v1
n30-round2-three-versions-v1-slot-12,,12,2,18,56,P16_DOC_B,32,D5_maximal,D5_maximal.html,6,right,left,2,text-enrichment-reader-round2-n30-v1:participant:12:documents:set:2:rotation:13,,,n30-round2-three-versions-v1,2026-09-04-r2-v1
n30-round2-three-versions-v1-slot-12,,12,2,19,57,P4_DOC_A,7,D3_derived,D3_derived.html,4,left,right,2,text-enrichment-reader-round2-n30-v1:participant:12:documents:set:2:rotation:13,,,n30-round2-three-versions-v1,2026-09-04-r2-v1
n30-round2-three-versions-v1-slot-12,,12,2,20,58,P7_DOC_A,13,D1_derived,D1_derived.html,1,left,right,2,text-enrichment-reader-round2-n30-v1:participant:12:documents:set:2:rotation:13,,,n30-round2-three-versions-v1,2026-09-04-r2-v1
n30-round2-three-versions-v1-slot-12,,12,2,21,59,P5_DOC_A,9,D4_derived,D4_derived.html,5,left,right,2,text-enrichment-reader-round2-n30-v1:participant:12:documents:set:2:rotation:13,,,n30-round2-three-versions-v1,2026-09-04-r2-v1
n30-round2-three-versions-v1-slot-12,,12,2,22,60,P12_DOC_A,23,D5_maximal,D5_maximal.html,6,right,left,2,text-enrichment-reader-round2-n30-v1:participant:12:documents:set:2:rotation:13,,,n30-round2-three-versions-v1,2026-09-04-r2-v1
n30-round2-three-versions-v1-slot-12,,12,2,23,61,P11_DOC_A,21,D4_derived,D4_derived.html,5,right,left,2,text-enrichment-reader-round2-n30-v1:participant:12:documents:set:2:rotation:13,,,n30-round2-three-versions-v1,2026-09-04-r2-v1
n30-round2-three-versions-v1-slot-12,,12,2,24,62,P3_DOC_A,5,W_writer_optimal,W_writer_optimal.html,3,left,right,2,text-enrichment-reader-round2-n30-v1:participant:12:documents:set:2:rotation:13,,,n30-round2-three-versions-v1,2026-09-04-r2-v1
n30-round2-three-versions-v1-slot-12,,12,2,25,63,P14_DOC_A,27,D2_derived,D2_derived.html,2,right,left,2,text-enrichment-reader-round2-n30-v1:participant:12:documents:set:2:rotation:13,,,n30-round2-three-versions-v1,2026-09-04-r2-v1
n30-round2-three-versions-v1-slot-12,,12,2,26,64,P19_DOC_A,37,D1_derived,D1_derived.html,1,right,left,2,text-enrichment-reader-round2-n30-v1:participant:12:documents:set:2:rotation:13,,,n30-round2-three-versions-v1,2026-09-04-r2-v1
n30-round2-three-versions-v1-slot-12,,12,2,27,65,P2_DOC_B,4,D3_derived,D3_derived.html,4,right,left,2,text-enrichment-reader-round2-n30-v1:participant:12:documents:set:2:rotation:13,,,n30-round2-three-versions-v1,2026-09-04-r2-v1
n30-round2-three-versions-v1-slot-12,,12,2,28,66,P17_DOC_B,34,D1_derived,D1_derived.html,1,right,left,2,text-enrichment-reader-round2-n30-v1:participant:12:documents:set:2:rotation:13,,,n30-round2-three-versions-v1,2026-09-04-r2-v1
n30-round2-three-versions-v1-slot-12,,12,2,29,67,P12_DOC_B,24,D2_derived,D2_derived.html,2,right,left,2,text-enrichment-reader-round2-n30-v1:participant:12:documents:set:2:rotation:13,,,n30-round2-three-versions-v1,2026-09-04-r2-v1
n30-round2-three-versions-v1-slot-12,,12,2,30,68,P1_DOC_B,2,W_writer_optimal,W_writer_optimal.html,3,right,left,2,text-enrichment-reader-round2-n30-v1:participant:12:documents:set:2:rotation:13,,,n30-round2-three-versions-v1,2026-09-04-r2-v1
n30-round2-three-versions-v1-slot-12,,12,2,31,69,P5_DOC_B,10,D1_derived,D1_derived.html,1,left,right,2,text-enrichment-reader-round2-n30-v1:participant:12:documents:set:2:rotation:13,,,n30-round2-three-versions-v1,2026-09-04-r2-v1
n30-round2-three-versions-v1-slot-12,,12,2,32,70,P9_DOC_B,18,D4_derived,D4_derived.html,5,left,right,2,text-enrichment-reader-round2-n30-v1:participant:12:documents:set:2:rotation:13,,,n30-round2-three-versions-v1,2026-09-04-r2-v1
n30-round2-three-versions-v1-slot-12,,12,2,33,71,P8_DOC_B,16,D3_derived,D3_derived.html,4,left,right,2,text-enrichment-reader-round2-n30-v1:participant:12:documents:set:2:rotation:13,,,n30-round2-three-versions-v1,2026-09-04-r2-v1
n30-round2-three-versions-v1-slot-12,,12,2,34,72,P18_DOC_A,35,D5_maximal,D5_maximal.html,6,right,left,2,text-enrichment-reader-round2-n30-v1:participant:12:documents:set:2:rotation:13,,,n30-round2-three-versions-v1,2026-09-04-r2-v1
n30-round2-three-versions-v1-slot-12,,12,2,35,73,P2_DOC_A,3,D2_derived,D2_derived.html,2,left,right,2,text-enrichment-reader-round2-n30-v1:participant:12:documents:set:2:rotation:13,,,n30-round2-three-versions-v1,2026-09-04-r2-v1
n30-round2-three-versions-v1-slot-12,,12,2,36,74,P11_DOC_B,22,D1_derived,D1_derived.html,1,right,left,2,text-enrichment-reader-round2-n30-v1:participant:12:documents:set:2:rotation:13,,,n30-round2-three-versions-v1,2026-09-04-r2-v1
n30-round2-three-versions-v1-slot-12,,12,2,37,75,P9_DOC_A,17,W_writer_optimal,W_writer_optimal.html,3,left,right,2,text-enrichment-reader-round2-n30-v1:participant:12:documents:set:2:rotation:13,,,n30-round2-three-versions-v1,2026-09-04-r2-v1
n30-round2-three-versions-v1-slot-12,,12,2,38,76,P6_DOC_A,11,D5_maximal,D5_maximal.html,6,left,right,2,text-enrichment-reader-round2-n30-v1:participant:12:documents:set:2:rotation:13,,,n30-round2-three-versions-v1,2026-09-04-r2-v1
n30-round2-three-versions-v1-slot-12,,12,3,1,77,P16_DOC_A,31,D4_derived,D4_derived.html,5,right,left,3,text-enrichment-reader-round2-n30-v1:participant:12:documents:set:3:rotation:26,,,n30-round2-three-versions-v1,2026-09-04-r2-v1
n30-round2-three-versions-v1-slot-12,,12,3,2,78,P4_DOC_B,8,D2_derived,D2_derived.html,2,left,right,3,text-enrichment-reader-round2-n30-v1:participant:12:documents:set:3:rotation:26,,,n30-round2-three-versions-v1,2026-09-04-r2-v1
n30-round2-three-versions-v1-slot-12,,12,3,3,79,P13_DOC_B,26,D4_derived,D4_derived.html,5,right,left,3,text-enrichment-reader-round2-n30-v1:participant:12:documents:set:3:rotation:26,,,n30-round2-three-versions-v1,2026-09-04-r2-v1
n30-round2-three-versions-v1-slot-12,,12,3,4,80,P19_DOC_B,38,D4_derived,D4_derived.html,5,right,left,3,text-enrichment-reader-round2-n30-v1:participant:12:documents:set:3:rotation:26,,,n30-round2-three-versions-v1,2026-09-04-r2-v1
n30-round2-three-versions-v1-slot-12,,12,3,5,81,P16_DOC_B,32,D2_derived,D2_derived.html,2,right,left,3,text-enrichment-reader-round2-n30-v1:participant:12:documents:set:3:rotation:26,,,n30-round2-three-versions-v1,2026-09-04-r2-v1
n30-round2-three-versions-v1-slot-12,,12,3,6,82,P4_DOC_A,7,D4_derived,D4_derived.html,5,left,right,3,text-enrichment-reader-round2-n30-v1:participant:12:documents:set:3:rotation:26,,,n30-round2-three-versions-v1,2026-09-04-r2-v1
n30-round2-three-versions-v1-slot-12,,12,3,7,83,P7_DOC_A,13,D2_derived,D2_derived.html,2,left,right,3,text-enrichment-reader-round2-n30-v1:participant:12:documents:set:3:rotation:26,,,n30-round2-three-versions-v1,2026-09-04-r2-v1
n30-round2-three-versions-v1-slot-12,,12,3,8,84,P5_DOC_A,9,D5_maximal,D5_maximal.html,6,left,right,3,text-enrichment-reader-round2-n30-v1:participant:12:documents:set:3:rotation:26,,,n30-round2-three-versions-v1,2026-09-04-r2-v1
n30-round2-three-versions-v1-slot-12,,12,3,9,85,P12_DOC_A,23,D1_derived,D1_derived.html,1,right,left,3,text-enrichment-reader-round2-n30-v1:participant:12:documents:set:3:rotation:26,,,n30-round2-three-versions-v1,2026-09-04-r2-v1
n30-round2-three-versions-v1-slot-12,,12,3,10,86,P11_DOC_A,21,D5_maximal,D5_maximal.html,6,right,left,3,text-enrichment-reader-round2-n30-v1:participant:12:documents:set:3:rotation:26,,,n30-round2-three-versions-v1,2026-09-04-r2-v1
n30-round2-three-versions-v1-slot-12,,12,3,11,87,P3_DOC_A,5,D3_derived,D3_derived.html,4,left,right,3,text-enrichment-reader-round2-n30-v1:participant:12:documents:set:3:rotation:26,,,n30-round2-three-versions-v1,2026-09-04-r2-v1
n30-round2-three-versions-v1-slot-12,,12,3,12,88,P14_DOC_A,27,W_writer_optimal,W_writer_optimal.html,3,right,left,3,text-enrichment-reader-round2-n30-v1:participant:12:documents:set:3:rotation:26,,,n30-round2-three-versions-v1,2026-09-04-r2-v1
n30-round2-three-versions-v1-slot-12,,12,3,13,89,P19_DOC_A,37,D2_derived,D2_derived.html,2,right,left,3,text-enrichment-reader-round2-n30-v1:participant:12:documents:set:3:rotation:26,,,n30-round2-three-versions-v1,2026-09-04-r2-v1
n30-round2-three-versions-v1-slot-12,,12,3,14,90,P2_DOC_B,4,D5_maximal,D5_maximal.html,6,left,right,3,text-enrichment-reader-round2-n30-v1:participant:12:documents:set:3:rotation:26,,,n30-round2-three-versions-v1,2026-09-04-r2-v1
n30-round2-three-versions-v1-slot-12,,12,3,15,91,P17_DOC_B,34,W_writer_optimal,W_writer_optimal.html,3,right,left,3,text-enrichment-reader-round2-n30-v1:participant:12:documents:set:3:rotation:26,,,n30-round2-three-versions-v1,2026-09-04-r2-v1
n30-round2-three-versions-v1-slot-12,,12,3,16,92,P12_DOC_B,24,D3_derived,D3_derived.html,4,right,left,3,text-enrichment-reader-round2-n30-v1:participant:12:documents:set:3:rotation:26,,,n30-round2-three-versions-v1,2026-09-04-r2-v1
n30-round2-three-versions-v1-slot-12,,12,3,17,93,P1_DOC_B,2,D4_derived,D4_derived.html,5,left,right,3,text-enrichment-reader-round2-n30-v1:participant:12:documents:set:3:rotation:26,,,n30-round2-three-versions-v1,2026-09-04-r2-v1
n30-round2-three-versions-v1-slot-12,,12,3,18,94,P5_DOC_B,10,W_writer_optimal,W_writer_optimal.html,3,left,right,3,text-enrichment-reader-round2-n30-v1:participant:12:documents:set:3:rotation:26,,,n30-round2-three-versions-v1,2026-09-04-r2-v1
n30-round2-three-versions-v1-slot-12,,12,3,19,95,P9_DOC_B,18,D1_derived,D1_derived.html,1,left,right,3,text-enrichment-reader-round2-n30-v1:participant:12:documents:set:3:rotation:26,,,n30-round2-three-versions-v1,2026-09-04-r2-v1
n30-round2-three-versions-v1-slot-12,,12,3,20,96,P8_DOC_B,16,D5_maximal,D5_maximal.html,6,left,right,3,text-enrichment-reader-round2-n30-v1:participant:12:documents:set:3:rotation:26,,,n30-round2-three-versions-v1,2026-09-04-r2-v1
n30-round2-three-versions-v1-slot-12,,12,3,21,97,P18_DOC_A,35,D1_derived,D1_derived.html,1,right,left,3,text-enrichment-reader-round2-n30-v1:participant:12:documents:set:3:rotation:26,,,n30-round2-three-versions-v1,2026-09-04-r2-v1
n30-round2-three-versions-v1-slot-12,,12,3,22,98,P2_DOC_A,3,W_writer_optimal,W_writer_optimal.html,3,left,right,3,text-enrichment-reader-round2-n30-v1:participant:12:documents:set:3:rotation:26,,,n30-round2-three-versions-v1,2026-09-04-r2-v1
n30-round2-three-versions-v1-slot-12,,12,3,23,99,P11_DOC_B,22,W_writer_optimal,W_writer_optimal.html,3,right,left,3,text-enrichment-reader-round2-n30-v1:participant:12:documents:set:3:rotation:26,,,n30-round2-three-versions-v1,2026-09-04-r2-v1
n30-round2-three-versions-v1-slot-12,,12,3,24,100,P9_DOC_A,17,D3_derived,D3_derived.html,4,left,right,3,text-enrichment-reader-round2-n30-v1:participant:12:documents:set:3:rotation:26,,,n30-round2-three-versions-v1,2026-09-04-r2-v1
n30-round2-three-versions-v1-slot-12,,12,3,25,101,P6_DOC_A,11,D1_derived,D1_derived.html,1,left,right,3,text-enrichment-reader-round2-n30-v1:participant:12:documents:set:3:rotation:26,,,n30-round2-three-versions-v1,2026-09-04-r2-v1
n30-round2-three-versions-v1-slot-12,,12,3,26,102,P6_DOC_B,12,D3_derived,D3_derived.html,4,left,right,3,text-enrichment-reader-round2-n30-v1:participant:12:documents:set:3:rotation:26,,,n30-round2-three-versions-v1,2026-09-04-r2-v1
n30-round2-three-versions-v1-slot-12,,12,3,27,103,P7_DOC_B,14,D4_derived,D4_derived.html,5,left,right,3,text-enrichment-reader-round2-n30-v1:participant:12:documents:set:3:rotation:26,,,n30-round2-three-versions-v1,2026-09-04-r2-v1
n30-round2-three-versions-v1-slot-12,,12,3,28,104,P10_DOC_B,20,D2_derived,D2_derived.html,2,right,left,3,text-enrichment-reader-round2-n30-v1:participant:12:documents:set:3:rotation:26,,,n30-round2-three-versions-v1,2026-09-04-r2-v1
n30-round2-three-versions-v1-slot-12,,12,3,29,105,P14_DOC_B,28,D5_maximal,D5_maximal.html,6,right,left,3,text-enrichment-reader-round2-n30-v1:participant:12:documents:set:3:rotation:26,,,n30-round2-three-versions-v1,2026-09-04-r2-v1
n30-round2-three-versions-v1-slot-12,,12,3,30,106,P8_DOC_A,15,W_writer_optimal,W_writer_optimal.html,3,left,right,3,text-enrichment-reader-round2-n30-v1:participant:12:documents:set:3:rotation:26,,,n30-round2-three-versions-v1,2026-09-04-r2-v1
n30-round2-three-versions-v1-slot-12,,12,3,31,107,P3_DOC_B,6,D1_derived,D1_derived.html,1,left,right,3,text-enrichment-reader-round2-n30-v1:participant:12:documents:set:3:rotation:26,,,n30-round2-three-versions-v1,2026-09-04-r2-v1
n30-round2-three-versions-v1-slot-12,,12,3,32,108,P13_DOC_A,25,D2_derived,D2_derived.html,2,right,left,3,text-enrichment-reader-round2-n30-v1:participant:12:documents:set:3:rotation:26,,,n30-round2-three-versions-v1,2026-09-04-r2-v1
n30-round2-three-versions-v1-slot-12,,12,3,33,109,P1_DOC_A,1,D2_derived,D2_derived.html,2,left,right,3,text-enrichment-reader-round2-n30-v1:participant:12:documents:set:3:rotation:26,,,n30-round2-three-versions-v1,2026-09-04-r2-v1
n30-round2-three-versions-v1-slot-12,,12,3,34,110,P15_DOC_A,29,D3_derived,D3_derived.html,4,right,left,3,text-enrichment-reader-round2-n30-v1:participant:12:documents:set:3:rotation:26,,,n30-round2-three-versions-v1,2026-09-04-r2-v1
n30-round2-three-versions-v1-slot-12,,12,3,35,111,P18_DOC_B,36,D3_derived,D3_derived.html,4,right,left,3,text-enrichment-reader-round2-n30-v1:participant:12:documents:set:3:rotation:26,,,n30-round2-three-versions-v1,2026-09-04-r2-v1
n30-round2-three-versions-v1-slot-12,,12,3,36,112,P17_DOC_A,33,D5_maximal,D5_maximal.html,6,right,left,3,text-enrichment-reader-round2-n30-v1:participant:12:documents:set:3:rotation:26,,,n30-round2-three-versions-v1,2026-09-04-r2-v1
n30-round2-three-versions-v1-slot-12,,12,3,37,113,P15_DOC_B,30,D1_derived,D1_derived.html,1,right,left,3,text-enrichment-reader-round2-n30-v1:participant:12:documents:set:3:rotation:26,,,n30-round2-three-versions-v1,2026-09-04-r2-v1
n30-round2-three-versions-v1-slot-12,,12,3,38,114,P10_DOC_A,19,D4_derived,D4_derived.html,5,left,right,3,text-enrichment-reader-round2-n30-v1:participant:12:documents:set:3:rotation:26,,,n30-round2-three-versions-v1,2026-09-04-r2-v1
n30-round2-three-versions-v1-slot-13,,13,1,1,1,P13_DOC_B,26,D5_maximal,D5_maximal.html,6,left,right,1,text-enrichment-reader-round2-n30-v1:participant:13:documents:set:1:rotation:0,,,n30-round2-three-versions-v1,2026-09-04-r2-v1
n30-round2-three-versions-v1-slot-13,,13,1,2,2,P12_DOC_A,23,D3_derived,D3_derived.html,4,right,left,1,text-enrichment-reader-round2-n30-v1:participant:13:documents:set:1:rotation:0,,,n30-round2-three-versions-v1,2026-09-04-r2-v1
n30-round2-three-versions-v1-slot-13,,13,1,3,3,P8_DOC_B,16,D1_derived,D1_derived.html,1,left,right,1,text-enrichment-reader-round2-n30-v1:participant:13:documents:set:1:rotation:0,,,n30-round2-three-versions-v1,2026-09-04-r2-v1
n30-round2-three-versions-v1-slot-13,,13,1,4,4,P7_DOC_A,13,D4_derived,D4_derived.html,5,left,right,1,text-enrichment-reader-round2-n30-v1:participant:13:documents:set:1:rotation:0,,,n30-round2-three-versions-v1,2026-09-04-r2-v1
n30-round2-three-versions-v1-slot-13,,13,1,5,5,P10_DOC_B,20,W_writer_optimal,W_writer_optimal.html,3,right,left,1,text-enrichment-reader-round2-n30-v1:participant:13:documents:set:1:rotation:0,,,n30-round2-three-versions-v1,2026-09-04-r2-v1
n30-round2-three-versions-v1-slot-13,,13,1,6,6,P11_DOC_A,21,W_writer_optimal,W_writer_optimal.html,3,right,left,1,text-enrichment-reader-round2-n30-v1:participant:13:documents:set:1:rotation:0,,,n30-round2-three-versions-v1,2026-09-04-r2-v1
n30-round2-three-versions-v1-slot-13,,13,1,7,7,P17_DOC_A,33,W_writer_optimal,W_writer_optimal.html,3,right,left,1,text-enrichment-reader-round2-n30-v1:participant:13:documents:set:1:rotation:0,,,n30-round2-three-versions-v1,2026-09-04-r2-v1
n30-round2-three-versions-v1-slot-13,,13,1,8,8,P7_DOC_B,14,D5_maximal,D5_maximal.html,6,left,right,1,text-enrichment-reader-round2-n30-v1:participant:13:documents:set:1:rotation:0,,,n30-round2-three-versions-v1,2026-09-04-r2-v1
n30-round2-three-versions-v1-slot-13,,13,1,9,9,P15_DOC_B,30,D2_derived,D2_derived.html,2,left,right,1,text-enrichment-reader-round2-n30-v1:participant:13:documents:set:1:rotation:0,,,n30-round2-three-versions-v1,2026-09-04-r2-v1
n30-round2-three-versions-v1-slot-13,,13,1,10,10,P19_DOC_A,37,D4_derived,D4_derived.html,5,right,left,1,text-enrichment-reader-round2-n30-v1:participant:13:documents:set:1:rotation:0,,,n30-round2-three-versions-v1,2026-09-04-r2-v1
n30-round2-three-versions-v1-slot-13,,13,1,11,11,P5_DOC_B,10,D3_derived,D3_derived.html,4,left,right,1,text-enrichment-reader-round2-n30-v1:participant:13:documents:set:1:rotation:0,,,n30-round2-three-versions-v1,2026-09-04-r2-v1
n30-round2-three-versions-v1-slot-13,,13,1,12,12,P17_DOC_B,34,D3_derived,D3_derived.html,4,right,left,1,text-enrichment-reader-round2-n30-v1:participant:13:documents:set:1:rotation:0,,,n30-round2-three-versions-v1,2026-09-04-r2-v1
n30-round2-three-versions-v1-slot-13,,13,1,13,13,P14_DOC_A,27,D5_maximal,D5_maximal.html,6,right,left,1,text-enrichment-reader-round2-n30-v1:participant:13:documents:set:1:rotation:0,,,n30-round2-three-versions-v1,2026-09-04-r2-v1
n30-round2-three-versions-v1-slot-13,,13,1,14,14,P10_DOC_A,19,D2_derived,D2_derived.html,2,left,right,1,text-enrichment-reader-round2-n30-v1:participant:13:documents:set:1:rotation:0,,,n30-round2-three-versions-v1,2026-09-04-r2-v1
n30-round2-three-versions-v1-slot-13,,13,1,15,15,P18_DOC_A,35,D3_derived,D3_derived.html,4,right,left,1,text-enrichment-reader-round2-n30-v1:participant:13:documents:set:1:rotation:0,,,n30-round2-three-versions-v1,2026-09-04-r2-v1
n30-round2-three-versions-v1-slot-13,,13,1,16,16,P19_DOC_B,38,D5_maximal,D5_maximal.html,6,right,left,1,text-enrichment-reader-round2-n30-v1:participant:13:documents:set:1:rotation:0,,,n30-round2-three-versions-v1,2026-09-04-r2-v1
n30-round2-three-versions-v1-slot-13,,13,1,17,17,P3_DOC_A,5,D1_derived,D1_derived.html,1,right,left,1,text-enrichment-reader-round2-n30-v1:participant:13:documents:set:1:rotation:0,,,n30-round2-three-versions-v1,2026-09-04-r2-v1
n30-round2-three-versions-v1-slot-13,,13,1,18,18,P2_DOC_A,3,D5_maximal,D5_maximal.html,6,right,left,1,text-enrichment-reader-round2-n30-v1:participant:13:documents:set:1:rotation:0,,,n30-round2-three-versions-v1,2026-09-04-r2-v1
n30-round2-three-versions-v1-slot-13,,13,1,19,19,P3_DOC_B,6,D2_derived,D2_derived.html,2,left,right,1,text-enrichment-reader-round2-n30-v1:participant:13:documents:set:1:rotation:0,,,n30-round2-three-versions-v1,2026-09-04-r2-v1
n30-round2-three-versions-v1-slot-13,,13,1,20,20,P1_DOC_B,2,D5_maximal,D5_maximal.html,6,left,right,1,text-enrichment-reader-round2-n30-v1:participant:13:documents:set:1:rotation:0,,,n30-round2-three-versions-v1,2026-09-04-r2-v1
n30-round2-three-versions-v1-slot-13,,13,1,21,21,P1_DOC_A,1,D4_derived,D4_derived.html,5,right,left,1,text-enrichment-reader-round2-n30-v1:participant:13:documents:set:1:rotation:0,,,n30-round2-three-versions-v1,2026-09-04-r2-v1
n30-round2-three-versions-v1-slot-13,,13,1,22,22,P11_DOC_B,22,D3_derived,D3_derived.html,4,right,left,1,text-enrichment-reader-round2-n30-v1:participant:13:documents:set:1:rotation:0,,,n30-round2-three-versions-v1,2026-09-04-r2-v1
n30-round2-three-versions-v1-slot-13,,13,1,23,23,P14_DOC_B,28,D1_derived,D1_derived.html,1,right,left,1,text-enrichment-reader-round2-n30-v1:participant:13:documents:set:1:rotation:0,,,n30-round2-three-versions-v1,2026-09-04-r2-v1
n30-round2-three-versions-v1-slot-13,,13,1,24,24,P5_DOC_A,9,W_writer_optimal,W_writer_optimal.html,3,left,right,1,text-enrichment-reader-round2-n30-v1:participant:13:documents:set:1:rotation:0,,,n30-round2-three-versions-v1,2026-09-04-r2-v1
n30-round2-three-versions-v1-slot-13,,13,1,25,25,P9_DOC_B,18,D2_derived,D2_derived.html,2,left,right,1,text-enrichment-reader-round2-n30-v1:participant:13:documents:set:1:rotation:0,,,n30-round2-three-versions-v1,2026-09-04-r2-v1
n30-round2-three-versions-v1-slot-13,,13,1,26,26,P6_DOC_B,12,D4_derived,D4_derived.html,5,left,right,1,text-enrichment-reader-round2-n30-v1:participant:13:documents:set:1:rotation:0,,,n30-round2-three-versions-v1,2026-09-04-r2-v1
n30-round2-three-versions-v1-slot-13,,13,1,27,27,P4_DOC_B,8,W_writer_optimal,W_writer_optimal.html,3,left,right,1,text-enrichment-reader-round2-n30-v1:participant:13:documents:set:1:rotation:0,,,n30-round2-three-versions-v1,2026-09-04-r2-v1
n30-round2-three-versions-v1-slot-13,,13,1,28,28,P13_DOC_A,25,D4_derived,D4_derived.html,5,right,left,1,text-enrichment-reader-round2-n30-v1:participant:13:documents:set:1:rotation:0,,,n30-round2-three-versions-v1,2026-09-04-r2-v1
n30-round2-three-versions-v1-slot-13,,13,1,29,29,P9_DOC_A,17,D1_derived,D1_derived.html,1,left,right,1,text-enrichment-reader-round2-n30-v1:participant:13:documents:set:1:rotation:0,,,n30-round2-three-versions-v1,2026-09-04-r2-v1
n30-round2-three-versions-v1-slot-13,,13,1,30,30,P15_DOC_A,29,D1_derived,D1_derived.html,1,right,left,1,text-enrichment-reader-round2-n30-v1:participant:13:documents:set:1:rotation:0,,,n30-round2-three-versions-v1,2026-09-04-r2-v1
n30-round2-three-versions-v1-slot-13,,13,1,31,31,P18_DOC_B,36,D4_derived,D4_derived.html,5,right,left,1,text-enrichment-reader-round2-n30-v1:participant:13:documents:set:1:rotation:0,,,n30-round2-three-versions-v1,2026-09-04-r2-v1
n30-round2-three-versions-v1-slot-13,,13,1,32,32,P12_DOC_B,24,D4_derived,D4_derived.html,5,right,left,1,text-enrichment-reader-round2-n30-v1:participant:13:documents:set:1:rotation:0,,,n30-round2-three-versions-v1,2026-09-04-r2-v1
n30-round2-three-versions-v1-slot-13,,13,1,33,33,P16_DOC_A,31,D2_derived,D2_derived.html,2,right,left,1,text-enrichment-reader-round2-n30-v1:participant:13:documents:set:1:rotation:0,,,n30-round2-three-versions-v1,2026-09-04-r2-v1
n30-round2-three-versions-v1-slot-13,,13,1,34,34,P2_DOC_B,4,D1_derived,D1_derived.html,1,left,right,1,text-enrichment-reader-round2-n30-v1:participant:13:documents:set:1:rotation:0,,,n30-round2-three-versions-v1,2026-09-04-r2-v1
n30-round2-three-versions-v1-slot-13,,13,1,35,35,P8_DOC_A,15,D5_maximal,D5_maximal.html,6,left,right,1,text-enrichment-reader-round2-n30-v1:participant:13:documents:set:1:rotation:0,,,n30-round2-three-versions-v1,2026-09-04-r2-v1
n30-round2-three-versions-v1-slot-13,,13,1,36,36,P4_DOC_A,7,D2_derived,D2_derived.html,2,left,right,1,text-enrichment-reader-round2-n30-v1:participant:13:documents:set:1:rotation:0,,,n30-round2-three-versions-v1,2026-09-04-r2-v1
n30-round2-three-versions-v1-slot-13,,13,1,37,37,P16_DOC_B,32,W_writer_optimal,W_writer_optimal.html,3,left,right,1,text-enrichment-reader-round2-n30-v1:participant:13:documents:set:1:rotation:0,,,n30-round2-three-versions-v1,2026-09-04-r2-v1
n30-round2-three-versions-v1-slot-13,,13,1,38,38,P6_DOC_A,11,D3_derived,D3_derived.html,4,left,right,1,text-enrichment-reader-round2-n30-v1:participant:13:documents:set:1:rotation:0,,,n30-round2-three-versions-v1,2026-09-04-r2-v1
n30-round2-three-versions-v1-slot-13,,13,2,1,39,P10_DOC_A,19,D3_derived,D3_derived.html,4,left,right,2,text-enrichment-reader-round2-n30-v1:participant:13:documents:set:2:rotation:13,,,n30-round2-three-versions-v1,2026-09-04-r2-v1
n30-round2-three-versions-v1-slot-13,,13,2,2,40,P18_DOC_A,35,D5_maximal,D5_maximal.html,6,left,right,2,text-enrichment-reader-round2-n30-v1:participant:13:documents:set:2:rotation:13,,,n30-round2-three-versions-v1,2026-09-04-r2-v1
n30-round2-three-versions-v1-slot-13,,13,2,3,41,P19_DOC_B,38,D2_derived,D2_derived.html,2,right,left,2,text-enrichment-reader-round2-n30-v1:participant:13:documents:set:2:rotation:13,,,n30-round2-three-versions-v1,2026-09-04-r2-v1
n30-round2-three-versions-v1-slot-13,,13,2,4,42,P3_DOC_A,5,W_writer_optimal,W_writer_optimal.html,3,left,right,2,text-enrichment-reader-round2-n30-v1:participant:13:documents:set:2:rotation:13,,,n30-round2-three-versions-v1,2026-09-04-r2-v1
n30-round2-three-versions-v1-slot-13,,13,2,5,43,P2_DOC_A,3,D2_derived,D2_derived.html,2,left,right,2,text-enrichment-reader-round2-n30-v1:participant:13:documents:set:2:rotation:13,,,n30-round2-three-versions-v1,2026-09-04-r2-v1
n30-round2-three-versions-v1-slot-13,,13,2,6,44,P3_DOC_B,6,D3_derived,D3_derived.html,4,left,right,2,text-enrichment-reader-round2-n30-v1:participant:13:documents:set:2:rotation:13,,,n30-round2-three-versions-v1,2026-09-04-r2-v1
n30-round2-three-versions-v1-slot-13,,13,2,7,45,P1_DOC_B,2,D2_derived,D2_derived.html,2,right,left,2,text-enrichment-reader-round2-n30-v1:participant:13:documents:set:2:rotation:13,,,n30-round2-three-versions-v1,2026-09-04-r2-v1
n30-round2-three-versions-v1-slot-13,,13,2,8,46,P1_DOC_A,1,D1_derived,D1_derived.html,1,left,right,2,text-enrichment-reader-round2-n30-v1:participant:13:documents:set:2:rotation:13,,,n30-round2-three-versions-v1,2026-09-04-r2-v1
n30-round2-three-versions-v1-slot-13,,13,2,9,47,P11_DOC_B,22,D5_maximal,D5_maximal.html,6,right,left,2,text-enrichment-reader-round2-n30-v1:participant:13:documents:set:2:rotation:13,,,n30-round2-three-versions-v1,2026-09-04-r2-v1
n30-round2-three-versions-v1-slot-13,,13,2,10,48,P14_DOC_B,28,W_writer_optimal,W_writer_optimal.html,3,right,left,2,text-enrichment-reader-round2-n30-v1:participant:13:documents:set:2:rotation:13,,,n30-round2-three-versions-v1,2026-09-04-r2-v1
n30-round2-three-versions-v1-slot-13,,13,2,11,49,P5_DOC_A,9,D4_derived,D4_derived.html,5,left,right,2,text-enrichment-reader-round2-n30-v1:participant:13:documents:set:2:rotation:13,,,n30-round2-three-versions-v1,2026-09-04-r2-v1
n30-round2-three-versions-v1-slot-13,,13,2,12,50,P9_DOC_B,18,D3_derived,D3_derived.html,4,left,right,2,text-enrichment-reader-round2-n30-v1:participant:13:documents:set:2:rotation:13,,,n30-round2-three-versions-v1,2026-09-04-r2-v1
n30-round2-three-versions-v1-slot-13,,13,2,13,51,P6_DOC_B,12,D1_derived,D1_derived.html,1,left,right,2,text-enrichment-reader-round2-n30-v1:participant:13:documents:set:2:rotation:13,,,n30-round2-three-versions-v1,2026-09-04-r2-v1
n30-round2-three-versions-v1-slot-13,,13,2,14,52,P4_DOC_B,8,D4_derived,D4_derived.html,5,left,right,2,text-enrichment-reader-round2-n30-v1:participant:13:documents:set:2:rotation:13,,,n30-round2-three-versions-v1,2026-09-04-r2-v1
n30-round2-three-versions-v1-slot-13,,13,2,15,53,P13_DOC_A,25,D1_derived,D1_derived.html,1,right,left,2,text-enrichment-reader-round2-n30-v1:participant:13:documents:set:2:rotation:13,,,n30-round2-three-versions-v1,2026-09-04-r2-v1
n30-round2-three-versions-v1-slot-13,,13,2,16,54,P9_DOC_A,17,W_writer_optimal,W_writer_optimal.html,3,left,right,2,text-enrichment-reader-round2-n30-v1:participant:13:documents:set:2:rotation:13,,,n30-round2-three-versions-v1,2026-09-04-r2-v1
n30-round2-three-versions-v1-slot-13,,13,2,17,55,P15_DOC_A,29,W_writer_optimal,W_writer_optimal.html,3,right,left,2,text-enrichment-reader-round2-n30-v1:participant:13:documents:set:2:rotation:13,,,n30-round2-three-versions-v1,2026-09-04-r2-v1
n30-round2-three-versions-v1-slot-13,,13,2,18,56,P18_DOC_B,36,D1_derived,D1_derived.html,1,right,left,2,text-enrichment-reader-round2-n30-v1:participant:13:documents:set:2:rotation:13,,,n30-round2-three-versions-v1,2026-09-04-r2-v1
n30-round2-three-versions-v1-slot-13,,13,2,19,57,P12_DOC_B,24,D1_derived,D1_derived.html,1,right,left,2,text-enrichment-reader-round2-n30-v1:participant:13:documents:set:2:rotation:13,,,n30-round2-three-versions-v1,2026-09-04-r2-v1
n30-round2-three-versions-v1-slot-13,,13,2,20,58,P16_DOC_A,31,D3_derived,D3_derived.html,4,right,left,2,text-enrichment-reader-round2-n30-v1:participant:13:documents:set:2:rotation:13,,,n30-round2-three-versions-v1,2026-09-04-r2-v1
n30-round2-three-versions-v1-slot-13,,13,2,21,59,P2_DOC_B,4,W_writer_optimal,W_writer_optimal.html,3,right,left,2,text-enrichment-reader-round2-n30-v1:participant:13:documents:set:2:rotation:13,,,n30-round2-three-versions-v1,2026-09-04-r2-v1
n30-round2-three-versions-v1-slot-13,,13,2,22,60,P8_DOC_A,15,D2_derived,D2_derived.html,2,left,right,2,text-enrichment-reader-round2-n30-v1:participant:13:documents:set:2:rotation:13,,,n30-round2-three-versions-v1,2026-09-04-r2-v1
n30-round2-three-versions-v1-slot-13,,13,2,23,61,P4_DOC_A,7,D3_derived,D3_derived.html,4,left,right,2,text-enrichment-reader-round2-n30-v1:participant:13:documents:set:2:rotation:13,,,n30-round2-three-versions-v1,2026-09-04-r2-v1
n30-round2-three-versions-v1-slot-13,,13,2,24,62,P16_DOC_B,32,D4_derived,D4_derived.html,5,right,left,2,text-enrichment-reader-round2-n30-v1:participant:13:documents:set:2:rotation:13,,,n30-round2-three-versions-v1,2026-09-04-r2-v1
n30-round2-three-versions-v1-slot-13,,13,2,25,63,P6_DOC_A,11,D5_maximal,D5_maximal.html,6,left,right,2,text-enrichment-reader-round2-n30-v1:participant:13:documents:set:2:rotation:13,,,n30-round2-three-versions-v1,2026-09-04-r2-v1
n30-round2-three-versions-v1-slot-13,,13,2,26,64,P13_DOC_B,26,D2_derived,D2_derived.html,2,right,left,2,text-enrichment-reader-round2-n30-v1:participant:13:documents:set:2:rotation:13,,,n30-round2-three-versions-v1,2026-09-04-r2-v1
n30-round2-three-versions-v1-slot-13,,13,2,27,65,P12_DOC_A,23,D5_maximal,D5_maximal.html,6,right,left,2,text-enrichment-reader-round2-n30-v1:participant:13:documents:set:2:rotation:13,,,n30-round2-three-versions-v1,2026-09-04-r2-v1
n30-round2-three-versions-v1-slot-13,,13,2,28,66,P8_DOC_B,16,W_writer_optimal,W_writer_optimal.html,3,left,right,2,text-enrichment-reader-round2-n30-v1:participant:13:documents:set:2:rotation:13,,,n30-round2-three-versions-v1,2026-09-04-r2-v1
n30-round2-three-versions-v1-slot-13,,13,2,29,67,P7_DOC_A,13,D1_derived,D1_derived.html,1,left,right,2,text-enrichment-reader-round2-n30-v1:participant:13:documents:set:2:rotation:13,,,n30-round2-three-versions-v1,2026-09-04-r2-v1
n30-round2-three-versions-v1-slot-13,,13,2,30,68,P10_DOC_B,20,D4_derived,D4_derived.html,5,right,left,2,text-enrichment-reader-round2-n30-v1:participant:13:documents:set:2:rotation:13,,,n30-round2-three-versions-v1,2026-09-04-r2-v1
n30-round2-three-versions-v1-slot-13,,13,2,31,69,P11_DOC_A,21,D4_derived,D4_derived.html,5,right,left,2,text-enrichment-reader-round2-n30-v1:participant:13:documents:set:2:rotation:13,,,n30-round2-three-versions-v1,2026-09-04-r2-v1
n30-round2-three-versions-v1-slot-13,,13,2,32,70,P17_DOC_A,33,D4_derived,D4_derived.html,5,right,left,2,text-enrichment-reader-round2-n30-v1:participant:13:documents:set:2:rotation:13,,,n30-round2-three-versions-v1,2026-09-04-r2-v1
n30-round2-three-versions-v1-slot-13,,13,2,33,71,P7_DOC_B,14,D2_derived,D2_derived.html,2,left,right,2,text-enrichment-reader-round2-n30-v1:participant:13:documents:set:2:rotation:13,,,n30-round2-three-versions-v1,2026-09-04-r2-v1
n30-round2-three-versions-v1-slot-13,,13,2,34,72,P15_DOC_B,30,D3_derived,D3_derived.html,4,right,left,2,text-enrichment-reader-round2-n30-v1:participant:13:documents:set:2:rotation:13,,,n30-round2-three-versions-v1,2026-09-04-r2-v1
n30-round2-three-versions-v1-slot-13,,13,2,35,73,P19_DOC_A,37,D1_derived,D1_derived.html,1,left,right,2,text-enrichment-reader-round2-n30-v1:participant:13:documents:set:2:rotation:13,,,n30-round2-three-versions-v1,2026-09-04-r2-v1
n30-round2-three-versions-v1-slot-13,,13,2,36,74,P5_DOC_B,10,D5_maximal,D5_maximal.html,6,left,right,2,text-enrichment-reader-round2-n30-v1:participant:13:documents:set:2:rotation:13,,,n30-round2-three-versions-v1,2026-09-04-r2-v1
n30-round2-three-versions-v1-slot-13,,13,2,37,75,P17_DOC_B,34,D5_maximal,D5_maximal.html,6,right,left,2,text-enrichment-reader-round2-n30-v1:participant:13:documents:set:2:rotation:13,,,n30-round2-three-versions-v1,2026-09-04-r2-v1
n30-round2-three-versions-v1-slot-13,,13,2,38,76,P14_DOC_A,27,D2_derived,D2_derived.html,2,right,left,2,text-enrichment-reader-round2-n30-v1:participant:13:documents:set:2:rotation:13,,,n30-round2-three-versions-v1,2026-09-04-r2-v1
n30-round2-three-versions-v1-slot-13,,13,3,1,77,P4_DOC_B,8,D1_derived,D1_derived.html,1,left,right,3,text-enrichment-reader-round2-n30-v1:participant:13:documents:set:3:rotation:26,,,n30-round2-three-versions-v1,2026-09-04-r2-v1
n30-round2-three-versions-v1-slot-13,,13,3,2,78,P13_DOC_A,25,W_writer_optimal,W_writer_optimal.html,3,right,left,3,text-enrichment-reader-round2-n30-v1:participant:13:documents:set:3:rotation:26,,,n30-round2-three-versions-v1,2026-09-04-r2-v1
n30-round2-three-versions-v1-slot-13,,13,3,3,79,P9_DOC_A,17,D4_derived,D4_derived.html,5,left,right,3,text-enrichment-reader-round2-n30-v1:participant:13:documents:set:3:rotation:26,,,n30-round2-three-versions-v1,2026-09-04-r2-v1
n30-round2-three-versions-v1-slot-13,,13,3,4,80,P15_DOC_A,29,D4_derived,D4_derived.html,5,right,left,3,text-enrichment-reader-round2-n30-v1:participant:13:documents:set:3:rotation:26,,,n30-round2-three-versions-v1,2026-09-04-r2-v1
n30-round2-three-versions-v1-slot-13,,13,3,5,81,P18_DOC_B,36,W_writer_optimal,W_writer_optimal.html,3,right,left,3,text-enrichment-reader-round2-n30-v1:participant:13:documents:set:3:rotation:26,,,n30-round2-three-versions-v1,2026-09-04-r2-v1
n30-round2-three-versions-v1-slot-13,,13,3,6,82,P12_DOC_B,24,W_writer_optimal,W_writer_optimal.html,3,right,left,3,text-enrichment-reader-round2-n30-v1:participant:13:documents:set:3:rotation:26,,,n30-round2-three-versions-v1,2026-09-04-r2-v1
n30-round2-three-versions-v1-slot-13,,13,3,7,83,P16_DOC_A,31,D5_maximal,D5_maximal.html,6,right,left,3,text-enrichment-reader-round2-n30-v1:participant:13:documents:set:3:rotation:26,,,n30-round2-three-versions-v1,2026-09-04-r2-v1
n30-round2-three-versions-v1-slot-13,,13,3,8,84,P2_DOC_B,4,D4_derived,D4_derived.html,5,left,right,3,text-enrichment-reader-round2-n30-v1:participant:13:documents:set:3:rotation:26,,,n30-round2-three-versions-v1,2026-09-04-r2-v1
n30-round2-three-versions-v1-slot-13,,13,3,9,85,P8_DOC_A,15,D3_derived,D3_derived.html,4,left,right,3,text-enrichment-reader-round2-n30-v1:participant:13:documents:set:3:rotation:26,,,n30-round2-three-versions-v1,2026-09-04-r2-v1
n30-round2-three-versions-v1-slot-13,,13,3,10,86,P4_DOC_A,7,D5_maximal,D5_maximal.html,6,left,right,3,text-enrichment-reader-round2-n30-v1:participant:13:documents:set:3:rotation:26,,,n30-round2-three-versions-v1,2026-09-04-r2-v1
n30-round2-three-versions-v1-slot-13,,13,3,11,87,P16_DOC_B,32,D1_derived,D1_derived.html,1,right,left,3,text-enrichment-reader-round2-n30-v1:participant:13:documents:set:3:rotation:26,,,n30-round2-three-versions-v1,2026-09-04-r2-v1
n30-round2-three-versions-v1-slot-13,,13,3,12,88,P6_DOC_A,11,D2_derived,D2_derived.html,2,left,right,3,text-enrichment-reader-round2-n30-v1:participant:13:documents:set:3:rotation:26,,,n30-round2-three-versions-v1,2026-09-04-r2-v1
n30-round2-three-versions-v1-slot-13,,13,3,13,89,P13_DOC_B,26,D3_derived,D3_derived.html,4,right,left,3,text-enrichment-reader-round2-n30-v1:participant:13:documents:set:3:rotation:26,,,n30-round2-three-versions-v1,2026-09-04-r2-v1
n30-round2-three-versions-v1-slot-13,,13,3,14,90,P12_DOC_A,23,D2_derived,D2_derived.html,2,right,left,3,text-enrichment-reader-round2-n30-v1:participant:13:documents:set:3:rotation:26,,,n30-round2-three-versions-v1,2026-09-04-r2-v1
n30-round2-three-versions-v1-slot-13,,13,3,15,91,P8_DOC_B,16,D4_derived,D4_derived.html,5,left,right,3,text-enrichment-reader-round2-n30-v1:participant:13:documents:set:3:rotation:26,,,n30-round2-three-versions-v1,2026-09-04-r2-v1
n30-round2-three-versions-v1-slot-13,,13,3,16,92,P7_DOC_A,13,W_writer_optimal,W_writer_optimal.html,3,left,right,3,text-enrichment-reader-round2-n30-v1:participant:13:documents:set:3:rotation:26,,,n30-round2-three-versions-v1,2026-09-04-r2-v1
n30-round2-three-versions-v1-slot-13,,13,3,17,93,P10_DOC_B,20,D1_derived,D1_derived.html,1,right,left,3,text-enrichment-reader-round2-n30-v1:participant:13:documents:set:3:rotation:26,,,n30-round2-three-versions-v1,2026-09-04-r2-v1
n30-round2-three-versions-v1-slot-13,,13,3,18,94,P11_DOC_A,21,D1_derived,D1_derived.html,1,right,left,3,text-enrichment-reader-round2-n30-v1:participant:13:documents:set:3:rotation:26,,,n30-round2-three-versions-v1,2026-09-04-r2-v1
n30-round2-three-versions-v1-slot-13,,13,3,19,95,P17_DOC_A,33,D1_derived,D1_derived.html,1,right,left,3,text-enrichment-reader-round2-n30-v1:participant:13:documents:set:3:rotation:26,,,n30-round2-three-versions-v1,2026-09-04-r2-v1
n30-round2-three-versions-v1-slot-13,,13,3,20,96,P7_DOC_B,14,D3_derived,D3_derived.html,4,left,right,3,text-enrichment-reader-round2-n30-v1:participant:13:documents:set:3:rotation:26,,,n30-round2-three-versions-v1,2026-09-04-r2-v1
n30-round2-three-versions-v1-slot-13,,13,3,21,97,P15_DOC_B,30,D5_maximal,D5_maximal.html,6,right,left,3,text-enrichment-reader-round2-n30-v1:participant:13:documents:set:3:rotation:26,,,n30-round2-three-versions-v1,2026-09-04-r2-v1
n30-round2-three-versions-v1-slot-13,,13,3,22,98,P19_DOC_A,37,W_writer_optimal,W_writer_optimal.html,3,right,left,3,text-enrichment-reader-round2-n30-v1:participant:13:documents:set:3:rotation:26,,,n30-round2-three-versions-v1,2026-09-04-r2-v1
n30-round2-three-versions-v1-slot-13,,13,3,23,99,P5_DOC_B,10,D2_derived,D2_derived.html,2,left,right,3,text-enrichment-reader-round2-n30-v1:participant:13:documents:set:3:rotation:26,,,n30-round2-three-versions-v1,2026-09-04-r2-v1
n30-round2-three-versions-v1-slot-13,,13,3,24,100,P17_DOC_B,34,D2_derived,D2_derived.html,2,right,left,3,text-enrichment-reader-round2-n30-v1:participant:13:documents:set:3:rotation:26,,,n30-round2-three-versions-v1,2026-09-04-r2-v1
n30-round2-three-versions-v1-slot-13,,13,3,25,101,P14_DOC_A,27,D3_derived,D3_derived.html,4,right,left,3,text-enrichment-reader-round2-n30-v1:participant:13:documents:set:3:rotation:26,,,n30-round2-three-versions-v1,2026-09-04-r2-v1
n30-round2-three-versions-v1-slot-13,,13,3,26,102,P10_DOC_A,19,D5_maximal,D5_maximal.html,6,left,right,3,text-enrichment-reader-round2-n30-v1:participant:13:documents:set:3:rotation:26,,,n30-round2-three-versions-v1,2026-09-04-r2-v1
n30-round2-three-versions-v1-slot-13,,13,3,27,103,P18_DOC_A,35,D2_derived,D2_derived.html,2,right,left,3,text-enrichment-reader-round2-n30-v1:participant:13:documents:set:3:rotation:26,,,n30-round2-three-versions-v1,2026-09-04-r2-v1
n30-round2-three-versions-v1-slot-13,,13,3,28,104,P19_DOC_B,38,D3_derived,D3_derived.html,4,left,right,3,text-enrichment-reader-round2-n30-v1:participant:13:documents:set:3:rotation:26,,,n30-round2-three-versions-v1,2026-09-04-r2-v1
n30-round2-three-versions-v1-slot-13,,13,3,29,105,P3_DOC_A,5,D4_derived,D4_derived.html,5,left,right,3,text-enrichment-reader-round2-n30-v1:participant:13:documents:set:3:rotation:26,,,n30-round2-three-versions-v1,2026-09-04-r2-v1
n30-round2-three-versions-v1-slot-13,,13,3,30,106,P2_DOC_A,3,D3_derived,D3_derived.html,4,left,right,3,text-enrichment-reader-round2-n30-v1:participant:13:documents:set:3:rotation:26,,,n30-round2-three-versions-v1,2026-09-04-r2-v1
n30-round2-three-versions-v1-slot-13,,13,3,31,107,P3_DOC_B,6,D5_maximal,D5_maximal.html,6,left,right,3,text-enrichment-reader-round2-n30-v1:participant:13:documents:set:3:rotation:26,,,n30-round2-three-versions-v1,2026-09-04-r2-v1
n30-round2-three-versions-v1-slot-13,,13,3,32,108,P1_DOC_B,2,D3_derived,D3_derived.html,4,left,right,3,text-enrichment-reader-round2-n30-v1:participant:13:documents:set:3:rotation:26,,,n30-round2-three-versions-v1,2026-09-04-r2-v1
n30-round2-three-versions-v1-slot-13,,13,3,33,109,P1_DOC_A,1,W_writer_optimal,W_writer_optimal.html,3,right,left,3,text-enrichment-reader-round2-n30-v1:participant:13:documents:set:3:rotation:26,,,n30-round2-three-versions-v1,2026-09-04-r2-v1
n30-round2-three-versions-v1-slot-13,,13,3,34,110,P11_DOC_B,22,D2_derived,D2_derived.html,2,right,left,3,text-enrichment-reader-round2-n30-v1:participant:13:documents:set:3:rotation:26,,,n30-round2-three-versions-v1,2026-09-04-r2-v1
n30-round2-three-versions-v1-slot-13,,13,3,35,111,P14_DOC_B,28,D4_derived,D4_derived.html,5,right,left,3,text-enrichment-reader-round2-n30-v1:participant:13:documents:set:3:rotation:26,,,n30-round2-three-versions-v1,2026-09-04-r2-v1
n30-round2-three-versions-v1-slot-13,,13,3,36,112,P5_DOC_A,9,D1_derived,D1_derived.html,1,left,right,3,text-enrichment-reader-round2-n30-v1:participant:13:documents:set:3:rotation:26,,,n30-round2-three-versions-v1,2026-09-04-r2-v1
n30-round2-three-versions-v1-slot-13,,13,3,37,113,P9_DOC_B,18,D5_maximal,D5_maximal.html,6,left,right,3,text-enrichment-reader-round2-n30-v1:participant:13:documents:set:3:rotation:26,,,n30-round2-three-versions-v1,2026-09-04-r2-v1
n30-round2-three-versions-v1-slot-13,,13,3,38,114,P6_DOC_B,12,W_writer_optimal,W_writer_optimal.html,3,left,right,3,text-enrichment-reader-round2-n30-v1:participant:13:documents:set:3:rotation:26,,,n30-round2-three-versions-v1,2026-09-04-r2-v1
n30-round2-three-versions-v1-slot-14,,14,1,1,1,P10_DOC_B,20,D2_derived,D2_derived.html,2,right,left,1,text-enrichment-reader-round2-n30-v1:participant:14:documents:set:1:rotation:0,,,n30-round2-three-versions-v1,2026-09-04-r2-v1
n30-round2-three-versions-v1-slot-14,,14,1,2,2,P11_DOC_B,22,W_writer_optimal,W_writer_optimal.html,3,right,left,1,text-enrichment-reader-round2-n30-v1:participant:14:documents:set:1:rotation:0,,,n30-round2-three-versions-v1,2026-09-04-r2-v1
n30-round2-three-versions-v1-slot-14,,14,1,3,3,P13_DOC_A,25,D5_maximal,D5_maximal.html,6,right,left,1,text-enrichment-reader-round2-n30-v1:participant:14:documents:set:1:rotation:0,,,n30-round2-three-versions-v1,2026-09-04-r2-v1
n30-round2-three-versions-v1-slot-14,,14,1,4,4,P11_DOC_A,21,D3_derived,D3_derived.html,4,right,left,1,text-enrichment-reader-round2-n30-v1:participant:14:documents:set:1:rotation:0,,,n30-round2-three-versions-v1,2026-09-04-r2-v1
n30-round2-three-versions-v1-slot-14,,14,1,5,5,P7_DOC_B,14,D4_derived,D4_derived.html,5,left,right,1,text-enrichment-reader-round2-n30-v1:participant:14:documents:set:1:rotation:0,,,n30-round2-three-versions-v1,2026-09-04-r2-v1
n30-round2-three-versions-v1-slot-14,,14,1,6,6,P9_DOC_B,18,D1_derived,D1_derived.html,1,left,right,1,text-enrichment-reader-round2-n30-v1:participant:14:documents:set:1:rotation:0,,,n30-round2-three-versions-v1,2026-09-04-r2-v1
n30-round2-three-versions-v1-slot-14,,14,1,7,7,P18_DOC_A,35,D4_derived,D4_derived.html,5,left,right,1,text-enrichment-reader-round2-n30-v1:participant:14:documents:set:1:rotation:0,,,n30-round2-three-versions-v1,2026-09-04-r2-v1
n30-round2-three-versions-v1-slot-14,,14,1,8,8,P19_DOC_B,38,D4_derived,D4_derived.html,5,left,right,1,text-enrichment-reader-round2-n30-v1:participant:14:documents:set:1:rotation:0,,,n30-round2-three-versions-v1,2026-09-04-r2-v1
n30-round2-three-versions-v1-slot-14,,14,1,9,9,P5_DOC_B,10,W_writer_optimal,W_writer_optimal.html,3,left,right,1,text-enrichment-reader-round2-n30-v1:participant:14:documents:set:1:rotation:0,,,n30-round2-three-versions-v1,2026-09-04-r2-v1
n30-round2-three-versions-v1-slot-14,,14,1,10,10,P19_DOC_A,37,D5_maximal,D5_maximal.html,6,right,left,1,text-enrichment-reader-round2-n30-v1:participant:14:documents:set:1:rotation:0,,,n30-round2-three-versions-v1,2026-09-04-r2-v1
n30-round2-three-versions-v1-slot-14,,14,1,11,11,P4_DOC_B,8,D2_derived,D2_derived.html,2,left,right,1,text-enrichment-reader-round2-n30-v1:participant:14:documents:set:1:rotation:0,,,n30-round2-three-versions-v1,2026-09-04-r2-v1
n30-round2-three-versions-v1-slot-14,,14,1,12,12,P17_DOC_A,33,D3_derived,D3_derived.html,4,right,left,1,text-enrichment-reader-round2-n30-v1:participant:14:documents:set:1:rotation:0,,,n30-round2-three-versions-v1,2026-09-04-r2-v1
n30-round2-three-versions-v1-slot-14,,14,1,13,13,P14_DOC_B,28,D5_maximal,D5_maximal.html,6,right,left,1,text-enrichment-reader-round2-n30-v1:participant:14:documents:set:1:rotation:0,,,n30-round2-three-versions-v1,2026-09-04-r2-v1
n30-round2-three-versions-v1-slot-14,,14,1,14,14,P17_DOC_B,34,W_writer_optimal,W_writer_optimal.html,3,left,right,1,text-enrichment-reader-round2-n30-v1:participant:14:documents:set:1:rotation:0,,,n30-round2-three-versions-v1,2026-09-04-r2-v1
n30-round2-three-versions-v1-slot-14,,14,1,15,15,P3_DOC_B,6,D1_derived,D1_derived.html,1,left,right,1,text-enrichment-reader-round2-n30-v1:participant:14:documents:set:1:rotation:0,,,n30-round2-three-versions-v1,2026-09-04-r2-v1
n30-round2-three-versions-v1-slot-14,,14,1,16,16,P8_DOC_A,15,D1_derived,D1_derived.html,1,left,right,1,text-enrichment-reader-round2-n30-v1:participant:14:documents:set:1:rotation:0,,,n30-round2-three-versions-v1,2026-09-04-r2-v1
n30-round2-three-versions-v1-slot-14,,14,1,17,17,P7_DOC_A,13,D5_maximal,D5_maximal.html,6,left,right,1,text-enrichment-reader-round2-n30-v1:participant:14:documents:set:1:rotation:0,,,n30-round2-three-versions-v1,2026-09-04-r2-v1
n30-round2-three-versions-v1-slot-14,,14,1,18,18,P12_DOC_B,24,D3_derived,D3_derived.html,4,right,left,1,text-enrichment-reader-round2-n30-v1:participant:14:documents:set:1:rotation:0,,,n30-round2-three-versions-v1,2026-09-04-r2-v1
n30-round2-three-versions-v1-slot-14,,14,1,19,19,P6_DOC_A,11,D4_derived,D4_derived.html,5,right,left,1,text-enrichment-reader-round2-n30-v1:participant:14:documents:set:1:rotation:0,,,n30-round2-three-versions-v1,2026-09-04-r2-v1
n30-round2-three-versions-v1-slot-14,,14,1,20,20,P13_DOC_B,26,D4_derived,D4_derived.html,5,right,left,1,text-enrichment-reader-round2-n30-v1:participant:14:documents:set:1:rotation:0,,,n30-round2-three-versions-v1,2026-09-04-r2-v1
n30-round2-three-versions-v1-slot-14,,14,1,21,21,P9_DOC_A,17,D2_derived,D2_derived.html,2,left,right,1,text-enrichment-reader-round2-n30-v1:participant:14:documents:set:1:rotation:0,,,n30-round2-three-versions-v1,2026-09-04-r2-v1
n30-round2-three-versions-v1-slot-14,,14,1,22,22,P6_DOC_B,12,D3_derived,D3_derived.html,4,left,right,1,text-enrichment-reader-round2-n30-v1:participant:14:documents:set:1:rotation:0,,,n30-round2-three-versions-v1,2026-09-04-r2-v1
n30-round2-three-versions-v1-slot-14,,14,1,23,23,P2_DOC_A,3,D1_derived,D1_derived.html,1,right,left,1,text-enrichment-reader-round2-n30-v1:participant:14:documents:set:1:rotation:0,,,n30-round2-three-versions-v1,2026-09-04-r2-v1
n30-round2-three-versions-v1-slot-14,,14,1,24,24,P1_DOC_A,1,D5_maximal,D5_maximal.html,6,right,left,1,text-enrichment-reader-round2-n30-v1:participant:14:documents:set:1:rotation:0,,,n30-round2-three-versions-v1,2026-09-04-r2-v1
n30-round2-three-versions-v1-slot-14,,14,1,25,25,P3_DOC_A,5,D2_derived,D2_derived.html,2,left,right,1,text-enrichment-reader-round2-n30-v1:participant:14:documents:set:1:rotation:0,,,n30-round2-three-versions-v1,2026-09-04-r2-v1
n30-round2-three-versions-v1-slot-14,,14,1,26,26,P10_DOC_A,19,W_writer_optimal,W_writer_optimal.html,3,left,right,1,text-enrichment-reader-round2-n30-v1:participant:14:documents:set:1:rotation:0,,,n30-round2-three-versions-v1,2026-09-04-r2-v1
n30-round2-three-versions-v1-slot-14,,14,1,27,27,P15_DOC_A,29,D2_derived,D2_derived.html,2,right,left,1,text-enrichment-reader-round2-n30-v1:participant:14:documents:set:1:rotation:0,,,n30-round2-three-versions-v1,2026-09-04-r2-v1
n30-round2-three-versions-v1-slot-14,,14,1,28,28,P2_DOC_B,4,D5_maximal,D5_maximal.html,6,left,right,1,text-enrichment-reader-round2-n30-v1:participant:14:documents:set:1:rotation:0,,,n30-round2-three-versions-v1,2026-09-04-r2-v1
n30-round2-three-versions-v1-slot-14,,14,1,29,29,P15_DOC_B,30,D1_derived,D1_derived.html,1,right,left,1,text-enrichment-reader-round2-n30-v1:participant:14:documents:set:1:rotation:0,,,n30-round2-three-versions-v1,2026-09-04-r2-v1
n30-round2-three-versions-v1-slot-14,,14,1,30,30,P12_DOC_A,23,D4_derived,D4_derived.html,5,right,left,1,text-enrichment-reader-round2-n30-v1:participant:14:documents:set:1:rotation:0,,,n30-round2-three-versions-v1,2026-09-04-r2-v1
n30-round2-three-versions-v1-slot-14,,14,1,31,31,P5_DOC_A,9,D3_derived,D3_derived.html,4,right,left,1,text-enrichment-reader-round2-n30-v1:participant:14:documents:set:1:rotation:0,,,n30-round2-three-versions-v1,2026-09-04-r2-v1
n30-round2-three-versions-v1-slot-14,,14,1,32,32,P18_DOC_B,36,D3_derived,D3_derived.html,4,left,right,1,text-enrichment-reader-round2-n30-v1:participant:14:documents:set:1:rotation:0,,,n30-round2-three-versions-v1,2026-09-04-r2-v1
n30-round2-three-versions-v1-slot-14,,14,1,33,33,P4_DOC_A,7,W_writer_optimal,W_writer_optimal.html,3,left,right,1,text-enrichment-reader-round2-n30-v1:participant:14:documents:set:1:rotation:0,,,n30-round2-three-versions-v1,2026-09-04-r2-v1
n30-round2-three-versions-v1-slot-14,,14,1,34,34,P1_DOC_B,2,D4_derived,D4_derived.html,5,left,right,1,text-enrichment-reader-round2-n30-v1:participant:14:documents:set:1:rotation:0,,,n30-round2-three-versions-v1,2026-09-04-r2-v1
n30-round2-three-versions-v1-slot-14,,14,1,35,35,P16_DOC_A,31,W_writer_optimal,W_writer_optimal.html,3,right,left,1,text-enrichment-reader-round2-n30-v1:participant:14:documents:set:1:rotation:0,,,n30-round2-three-versions-v1,2026-09-04-r2-v1
n30-round2-three-versions-v1-slot-14,,14,1,36,36,P8_DOC_B,16,D5_maximal,D5_maximal.html,6,left,right,1,text-enrichment-reader-round2-n30-v1:participant:14:documents:set:1:rotation:0,,,n30-round2-three-versions-v1,2026-09-04-r2-v1
n30-round2-three-versions-v1-slot-14,,14,1,37,37,P16_DOC_B,32,D2_derived,D2_derived.html,2,right,left,1,text-enrichment-reader-round2-n30-v1:participant:14:documents:set:1:rotation:0,,,n30-round2-three-versions-v1,2026-09-04-r2-v1
n30-round2-three-versions-v1-slot-14,,14,1,38,38,P14_DOC_A,27,D1_derived,D1_derived.html,1,right,left,1,text-enrichment-reader-round2-n30-v1:participant:14:documents:set:1:rotation:0,,,n30-round2-three-versions-v1,2026-09-04-r2-v1
n30-round2-three-versions-v1-slot-14,,14,2,1,39,P17_DOC_B,34,D5_maximal,D5_maximal.html,6,right,left,2,text-enrichment-reader-round2-n30-v1:participant:14:documents:set:2:rotation:13,,,n30-round2-three-versions-v1,2026-09-04-r2-v1
n30-round2-three-versions-v1-slot-14,,14,2,2,40,P3_DOC_B,6,D3_derived,D3_derived.html,4,right,left,2,text-enrichment-reader-round2-n30-v1:participant:14:documents:set:2:rotation:13,,,n30-round2-three-versions-v1,2026-09-04-r2-v1
n30-round2-three-versions-v1-slot-14,,14,2,3,41,P8_DOC_A,15,D2_derived,D2_derived.html,2,left,right,2,text-enrichment-reader-round2-n30-v1:participant:14:documents:set:2:rotation:13,,,n30-round2-three-versions-v1,2026-09-04-r2-v1
n30-round2-three-versions-v1-slot-14,,14,2,4,42,P7_DOC_A,13,D1_derived,D1_derived.html,1,left,right,2,text-enrichment-reader-round2-n30-v1:participant:14:documents:set:2:rotation:13,,,n30-round2-three-versions-v1,2026-09-04-r2-v1
n30-round2-three-versions-v1-slot-14,,14,2,5,43,P12_DOC_B,24,D1_derived,D1_derived.html,1,right,left,2,text-enrichment-reader-round2-n30-v1:participant:14:documents:set:2:rotation:13,,,n30-round2-three-versions-v1,2026-09-04-r2-v1
n30-round2-three-versions-v1-slot-14,,14,2,6,44,P6_DOC_A,11,D5_maximal,D5_maximal.html,6,left,right,2,text-enrichment-reader-round2-n30-v1:participant:14:documents:set:2:rotation:13,,,n30-round2-three-versions-v1,2026-09-04-r2-v1
n30-round2-three-versions-v1-slot-14,,14,2,7,45,P13_DOC_B,26,D2_derived,D2_derived.html,2,right,left,2,text-enrichment-reader-round2-n30-v1:participant:14:documents:set:2:rotation:13,,,n30-round2-three-versions-v1,2026-09-04-r2-v1
n30-round2-three-versions-v1-slot-14,,14,2,8,46,P9_DOC_A,17,W_writer_optimal,W_writer_optimal.html,3,left,right,2,text-enrichment-reader-round2-n30-v1:participant:14:documents:set:2:rotation:13,,,n30-round2-three-versions-v1,2026-09-04-r2-v1
n30-round2-three-versions-v1-slot-14,,14,2,9,47,P6_DOC_B,12,D1_derived,D1_derived.html,1,left,right,2,text-enrichment-reader-round2-n30-v1:participant:14:documents:set:2:rotation:13,,,n30-round2-three-versions-v1,2026-09-04-r2-v1
n30-round2-three-versions-v1-slot-14,,14,2,10,48,P2_DOC_A,3,D2_derived,D2_derived.html,2,left,right,2,text-enrichment-reader-round2-n30-v1:participant:14:documents:set:2:rotation:13,,,n30-round2-three-versions-v1,2026-09-04-r2-v1
n30-round2-three-versions-v1-slot-14,,14,2,11,49,P1_DOC_A,1,D1_derived,D1_derived.html,1,left,right,2,text-enrichment-reader-round2-n30-v1:participant:14:documents:set:2:rotation:13,,,n30-round2-three-versions-v1,2026-09-04-r2-v1
n30-round2-three-versions-v1-slot-14,,14,2,12,50,P3_DOC_A,5,W_writer_optimal,W_writer_optimal.html,3,left,right,2,text-enrichment-reader-round2-n30-v1:participant:14:documents:set:2:rotation:13,,,n30-round2-three-versions-v1,2026-09-04-r2-v1
n30-round2-three-versions-v1-slot-14,,14,2,13,51,P10_DOC_A,19,D3_derived,D3_derived.html,4,left,right,2,text-enrichment-reader-round2-n30-v1:participant:14:documents:set:2:rotation:13,,,n30-round2-three-versions-v1,2026-09-04-r2-v1
n30-round2-three-versions-v1-slot-14,,14,2,14,52,P15_DOC_A,29,W_writer_optimal,W_writer_optimal.html,3,right,left,2,text-enrichment-reader-round2-n30-v1:participant:14:documents:set:2:rotation:13,,,n30-round2-three-versions-v1,2026-09-04-r2-v1
n30-round2-three-versions-v1-slot-14,,14,2,15,53,P2_DOC_B,4,W_writer_optimal,W_writer_optimal.html,3,left,right,2,text-enrichment-reader-round2-n30-v1:participant:14:documents:set:2:rotation:13,,,n30-round2-three-versions-v1,2026-09-04-r2-v1
n30-round2-three-versions-v1-slot-14,,14,2,16,54,P15_DOC_B,30,D3_derived,D3_derived.html,4,right,left,2,text-enrichment-reader-round2-n30-v1:participant:14:documents:set:2:rotation:13,,,n30-round2-three-versions-v1,2026-09-04-r2-v1
n30-round2-three-versions-v1-slot-14,,14,2,17,55,P12_DOC_A,23,D5_maximal,D5_maximal.html,6,right,left,2,text-enrichment-reader-round2-n30-v1:participant:14:documents:set:2:rotation:13,,,n30-round2-three-versions-v1,2026-09-04-r2-v1
n30-round2-three-versions-v1-slot-14,,14,2,18,56,P5_DOC_A,9,D4_derived,D4_derived.html,5,left,right,2,text-enrichment-reader-round2-n30-v1:participant:14:documents:set:2:rotation:13,,,n30-round2-three-versions-v1,2026-09-04-r2-v1
n30-round2-three-versions-v1-slot-14,,14,2,19,57,P18_DOC_B,36,D1_derived,D1_derived.html,1,right,left,2,text-enrichment-reader-round2-n30-v1:participant:14:documents:set:2:rotation:13,,,n30-round2-three-versions-v1,2026-09-04-r2-v1
n30-round2-three-versions-v1-slot-14,,14,2,20,58,P4_DOC_A,7,D3_derived,D3_derived.html,4,left,right,2,text-enrichment-reader-round2-n30-v1:participant:14:documents:set:2:rotation:13,,,n30-round2-three-versions-v1,2026-09-04-r2-v1
n30-round2-three-versions-v1-slot-14,,14,2,21,59,P1_DOC_B,2,D2_derived,D2_derived.html,2,left,right,2,text-enrichment-reader-round2-n30-v1:participant:14:documents:set:2:rotation:13,,,n30-round2-three-versions-v1,2026-09-04-r2-v1
n30-round2-three-versions-v1-slot-14,,14,2,22,60,P16_DOC_A,31,D3_derived,D3_derived.html,4,right,left,2,text-enrichment-reader-round2-n30-v1:participant:14:documents:set:2:rotation:13,,,n30-round2-three-versions-v1,2026-09-04-r2-v1
n30-round2-three-versions-v1-slot-14,,14,2,23,61,P8_DOC_B,16,W_writer_optimal,W_writer_optimal.html,3,left,right,2,text-enrichment-reader-round2-n30-v1:participant:14:documents:set:2:rotation:13,,,n30-round2-three-versions-v1,2026-09-04-r2-v1
n30-round2-three-versions-v1-slot-14,,14,2,24,62,P16_DOC_B,32,D4_derived,D4_derived.html,5,right,left,2,text-enrichment-reader-round2-n30-v1:participant:14:documents:set:2:rotation:13,,,n30-round2-three-versions-v1,2026-09-04-r2-v1
n30-round2-three-versions-v1-slot-14,,14,2,25,63,P14_DOC_A,27,D2_derived,D2_derived.html,2,right,left,2,text-enrichment-reader-round2-n30-v1:participant:14:documents:set:2:rotation:13,,,n30-round2-three-versions-v1,2026-09-04-r2-v1
n30-round2-three-versions-v1-slot-14,,14,2,26,64,P10_DOC_B,20,D4_derived,D4_derived.html,5,right,left,2,text-enrichment-reader-round2-n30-v1:participant:14:documents:set:2:rotation:13,,,n30-round2-three-versions-v1,2026-09-04-r2-v1
n30-round2-three-versions-v1-slot-14,,14,2,27,65,P11_DOC_B,22,D5_maximal,D5_maximal.html,6,right,left,2,text-enrichment-reader-round2-n30-v1:participant:14:documents:set:2:rotation:13,,,n30-round2-three-versions-v1,2026-09-04-r2-v1
n30-round2-three-versions-v1-slot-14,,14,2,28,66,P13_DOC_A,25,D1_derived,D1_derived.html,1,right,left,2,text-enrichment-reader-round2-n30-v1:participant:14:documents:set:2:rotation:13,,,n30-round2-three-versions-v1,2026-09-04-r2-v1
n30-round2-three-versions-v1-slot-14,,14,2,29,67,P11_DOC_A,21,D4_derived,D4_derived.html,5,right,left,2,text-enrichment-reader-round2-n30-v1:participant:14:documents:set:2:rotation:13,,,n30-round2-three-versions-v1,2026-09-04-r2-v1
n30-round2-three-versions-v1-slot-14,,14,2,30,68,P7_DOC_B,14,D2_derived,D2_derived.html,2,left,right,2,text-enrichment-reader-round2-n30-v1:participant:14:documents:set:2:rotation:13,,,n30-round2-three-versions-v1,2026-09-04-r2-v1
n30-round2-three-versions-v1-slot-14,,14,2,31,69,P9_DOC_B,18,D3_derived,D3_derived.html,4,left,right,2,text-enrichment-reader-round2-n30-v1:participant:14:documents:set:2:rotation:13,,,n30-round2-three-versions-v1,2026-09-04-r2-v1
n30-round2-three-versions-v1-slot-14,,14,2,32,70,P18_DOC_A,35,D5_maximal,D5_maximal.html,6,right,left,2,text-enrichment-reader-round2-n30-v1:participant:14:documents:set:2:rotation:13,,,n30-round2-three-versions-v1,2026-09-04-r2-v1
n30-round2-three-versions-v1-slot-14,,14,2,33,71,P19_DOC_B,38,D2_derived,D2_derived.html,2,right,left,2,text-enrichment-reader-round2-n30-v1:participant:14:documents:set:2:rotation:13,,,n30-round2-three-versions-v1,2026-09-04-r2-v1
n30-round2-three-versions-v1-slot-14,,14,2,34,72,P5_DOC_B,10,D5_maximal,D5_maximal.html,6,left,right,2,text-enrichment-reader-round2-n30-v1:participant:14:documents:set:2:rotation:13,,,n30-round2-three-versions-v1,2026-09-04-r2-v1
n30-round2-three-versions-v1-slot-14,,14,2,35,73,P19_DOC_A,37,D1_derived,D1_derived.html,1,left,right,2,text-enrichment-reader-round2-n30-v1:participant:14:documents:set:2:rotation:13,,,n30-round2-three-versions-v1,2026-09-04-r2-v1
n30-round2-three-versions-v1-slot-14,,14,2,36,74,P4_DOC_B,8,D4_derived,D4_derived.html,5,left,right,2,text-enrichment-reader-round2-n30-v1:participant:14:documents:set:2:rotation:13,,,n30-round2-three-versions-v1,2026-09-04-r2-v1
n30-round2-three-versions-v1-slot-14,,14,2,37,75,P17_DOC_A,33,D4_derived,D4_derived.html,5,right,left,2,text-enrichment-reader-round2-n30-v1:participant:14:documents:set:2:rotation:13,,,n30-round2-three-versions-v1,2026-09-04-r2-v1
n30-round2-three-versions-v1-slot-14,,14,2,38,76,P14_DOC_B,28,W_writer_optimal,W_writer_optimal.html,3,right,left,2,text-enrichment-reader-round2-n30-v1:participant:14:documents:set:2:rotation:13,,,n30-round2-three-versions-v1,2026-09-04-r2-v1
n30-round2-three-versions-v1-slot-14,,14,3,1,77,P15_DOC_A,29,D5_maximal,D5_maximal.html,6,right,left,3,text-enrichment-reader-round2-n30-v1:participant:14:documents:set:3:rotation:26,,,n30-round2-three-versions-v1,2026-09-04-r2-v1
n30-round2-three-versions-v1-slot-14,,14,3,2,78,P2_DOC_B,4,D3_derived,D3_derived.html,4,left,right,3,text-enrichment-reader-round2-n30-v1:participant:14:documents:set:3:rotation:26,,,n30-round2-three-versions-v1,2026-09-04-r2-v1
n30-round2-three-versions-v1-slot-14,,14,3,3,79,P15_DOC_B,30,D4_derived,D4_derived.html,5,right,left,3,text-enrichment-reader-round2-n30-v1:participant:14:documents:set:3:rotation:26,,,n30-round2-three-versions-v1,2026-09-04-r2-v1
n30-round2-three-versions-v1-slot-14,,14,3,4,80,P12_DOC_A,23,W_writer_optimal,W_writer_optimal.html,3,right,left,3,text-enrichment-reader-round2-n30-v1:participant:14:documents:set:3:rotation:26,,,n30-round2-three-versions-v1,2026-09-04-r2-v1
n30-round2-three-versions-v1-slot-14,,14,3,5,81,P5_DOC_A,9,D2_derived,D2_derived.html,2,left,right,3,text-enrichment-reader-round2-n30-v1:participant:14:documents:set:3:rotation:26,,,n30-round2-three-versions-v1,2026-09-04-r2-v1
n30-round2-three-versions-v1-slot-14,,14,3,6,82,P18_DOC_B,36,D2_derived,D2_derived.html,2,left,right,3,text-enrichment-reader-round2-n30-v1:participant:14:documents:set:3:rotation:26,,,n30-round2-three-versions-v1,2026-09-04-r2-v1
n30-round2-three-versions-v1-slot-14,,14,3,7,83,P4_DOC_A,7,D1_derived,D1_derived.html,1,left,right,3,text-enrichment-reader-round2-n30-v1:participant:14:documents:set:3:rotation:26,,,n30-round2-three-versions-v1,2026-09-04-r2-v1
n30-round2-three-versions-v1-slot-14,,14,3,8,84,P1_DOC_B,2,W_writer_optimal,W_writer_optimal.html,3,right,left,3,text-enrichment-reader-round2-n30-v1:participant:14:documents:set:3:rotation:26,,,n30-round2-three-versions-v1,2026-09-04-r2-v1
n30-round2-three-versions-v1-slot-14,,14,3,9,85,P16_DOC_A,31,D1_derived,D1_derived.html,1,right,left,3,text-enrichment-reader-round2-n30-v1:participant:14:documents:set:3:rotation:26,,,n30-round2-three-versions-v1,2026-09-04-r2-v1
n30-round2-three-versions-v1-slot-14,,14,3,10,86,P8_DOC_B,16,D3_derived,D3_derived.html,4,left,right,3,text-enrichment-reader-round2-n30-v1:participant:14:documents:set:3:rotation:26,,,n30-round2-three-versions-v1,2026-09-04-r2-v1
n30-round2-three-versions-v1-slot-14,,14,3,11,87,P16_DOC_B,32,D5_maximal,D5_maximal.html,6,right,left,3,text-enrichment-reader-round2-n30-v1:participant:14:documents:set:3:rotation:26,,,n30-round2-three-versions-v1,2026-09-04-r2-v1
n30-round2-three-versions-v1-slot-14,,14,3,12,88,P14_DOC_A,27,D4_derived,D4_derived.html,5,right,left,3,text-enrichment-reader-round2-n30-v1:participant:14:documents:set:3:rotation:26,,,n30-round2-three-versions-v1,2026-09-04-r2-v1
n30-round2-three-versions-v1-slot-14,,14,3,13,89,P10_DOC_B,20,D5_maximal,D5_maximal.html,6,right,left,3,text-enrichment-reader-round2-n30-v1:participant:14:documents:set:3:rotation:26,,,n30-round2-three-versions-v1,2026-09-04-r2-v1
n30-round2-three-versions-v1-slot-14,,14,3,14,90,P11_DOC_B,22,D1_derived,D1_derived.html,1,right,left,3,text-enrichment-reader-round2-n30-v1:participant:14:documents:set:3:rotation:26,,,n30-round2-three-versions-v1,2026-09-04-r2-v1
n30-round2-three-versions-v1-slot-14,,14,3,15,91,P13_DOC_A,25,D3_derived,D3_derived.html,4,right,left,3,text-enrichment-reader-round2-n30-v1:participant:14:documents:set:3:rotation:26,,,n30-round2-three-versions-v1,2026-09-04-r2-v1
n30-round2-three-versions-v1-slot-14,,14,3,16,92,P11_DOC_A,21,D2_derived,D2_derived.html,2,right,left,3,text-enrichment-reader-round2-n30-v1:participant:14:documents:set:3:rotation:26,,,n30-round2-three-versions-v1,2026-09-04-r2-v1
n30-round2-three-versions-v1-slot-14,,14,3,17,93,P7_DOC_B,14,W_writer_optimal,W_writer_optimal.html,3,left,right,3,text-enrichment-reader-round2-n30-v1:participant:14:documents:set:3:rotation:26,,,n30-round2-three-versions-v1,2026-09-04-r2-v1
n30-round2-three-versions-v1-slot-14,,14,3,18,94,P9_DOC_B,18,D4_derived,D4_derived.html,5,left,right,3,text-enrichment-reader-round2-n30-v1:participant:14:documents:set:3:rotation:26,,,n30-round2-three-versions-v1,2026-09-04-r2-v1
n30-round2-three-versions-v1-slot-14,,14,3,19,95,P18_DOC_A,35,W_writer_optimal,W_writer_optimal.html,3,right,left,3,text-enrichment-reader-round2-n30-v1:participant:14:documents:set:3:rotation:26,,,n30-round2-three-versions-v1,2026-09-04-r2-v1
n30-round2-three-versions-v1-slot-14,,14,3,20,96,P19_DOC_B,38,W_writer_optimal,W_writer_optimal.html,3,right,left,3,text-enrichment-reader-round2-n30-v1:participant:14:documents:set:3:rotation:26,,,n30-round2-three-versions-v1,2026-09-04-r2-v1
n30-round2-three-versions-v1-slot-14,,14,3,21,97,P5_DOC_B,10,D1_derived,D1_derived.html,1,left,right,3,text-enrichment-reader-round2-n30-v1:participant:14:documents:set:3:rotation:26,,,n30-round2-three-versions-v1,2026-09-04-r2-v1
n30-round2-three-versions-v1-slot-14,,14,3,22,98,P19_DOC_A,37,D3_derived,D3_derived.html,4,right,left,3,text-enrichment-reader-round2-n30-v1:participant:14:documents:set:3:rotation:26,,,n30-round2-three-versions-v1,2026-09-04-r2-v1
n30-round2-three-versions-v1-slot-14,,14,3,23,99,P4_DOC_B,8,D5_maximal,D5_maximal.html,6,left,right,3,text-enrichment-reader-round2-n30-v1:participant:14:documents:set:3:rotation:26,,,n30-round2-three-versions-v1,2026-09-04-r2-v1
n30-round2-three-versions-v1-slot-14,,14,3,24,100,P17_DOC_A,33,D2_derived,D2_derived.html,2,right,left,3,text-enrichment-reader-round2-n30-v1:participant:14:documents:set:3:rotation:26,,,n30-round2-three-versions-v1,2026-09-04-r2-v1
n30-round2-three-versions-v1-slot-14,,14,3,25,101,P14_DOC_B,28,D3_derived,D3_derived.html,4,right,left,3,text-enrichment-reader-round2-n30-v1:participant:14:documents:set:3:rotation:26,,,n30-round2-three-versions-v1,2026-09-04-r2-v1
n30-round2-three-versions-v1-slot-14,,14,3,26,102,P17_DOC_B,34,D1_derived,D1_derived.html,1,right,left,3,text-enrichment-reader-round2-n30-v1:participant:14:documents:set:3:rotation:26,,,n30-round2-three-versions-v1,2026-09-04-r2-v1
n30-round2-three-versions-v1-slot-14,,14,3,27,103,P3_DOC_B,6,D4_derived,D4_derived.html,5,left,right,3,text-enrichment-reader-round2-n30-v1:participant:14:documents:set:3:rotation:26,,,n30-round2-three-versions-v1,2026-09-04-r2-v1
n30-round2-three-versions-v1-slot-14,,14,3,28,104,P8_DOC_A,15,D4_derived,D4_derived.html,5,left,right,3,text-enrichment-reader-round2-n30-v1:participant:14:documents:set:3:rotation:26,,,n30-round2-three-versions-v1,2026-09-04-r2-v1
n30-round2-three-versions-v1-slot-14,,14,3,29,105,P7_DOC_A,13,D3_derived,D3_derived.html,4,left,right,3,text-enrichment-reader-round2-n30-v1:participant:14:documents:set:3:rotation:26,,,n30-round2-three-versions-v1,2026-09-04-r2-v1
n30-round2-three-versions-v1-slot-14,,14,3,30,106,P12_DOC_B,24,D2_derived,D2_derived.html,2,right,left,3,text-enrichment-reader-round2-n30-v1:participant:14:documents:set:3:rotation:26,,,n30-round2-three-versions-v1,2026-09-04-r2-v1
n30-round2-three-versions-v1-slot-14,,14,3,31,107,P6_DOC_A,11,W_writer_optimal,W_writer_optimal.html,3,left,right,3,text-enrichment-reader-round2-n30-v1:participant:14:documents:set:3:rotation:26,,,n30-round2-three-versions-v1,2026-09-04-r2-v1
n30-round2-three-versions-v1-slot-14,,14,3,32,108,P13_DOC_B,26,W_writer_optimal,W_writer_optimal.html,3,right,left,3,text-enrichment-reader-round2-n30-v1:participant:14:documents:set:3:rotation:26,,,n30-round2-three-versions-v1,2026-09-04-r2-v1
n30-round2-three-versions-v1-slot-14,,14,3,33,109,P9_DOC_A,17,D5_maximal,D5_maximal.html,6,left,right,3,text-enrichment-reader-round2-n30-v1:participant:14:documents:set:3:rotation:26,,,n30-round2-three-versions-v1,2026-09-04-r2-v1
n30-round2-three-versions-v1-slot-14,,14,3,34,110,P6_DOC_B,12,D2_derived,D2_derived.html,2,left,right,3,text-enrichment-reader-round2-n30-v1:participant:14:documents:set:3:rotation:26,,,n30-round2-three-versions-v1,2026-09-04-r2-v1
n30-round2-three-versions-v1-slot-14,,14,3,35,111,P2_DOC_A,3,D4_derived,D4_derived.html,5,left,right,3,text-enrichment-reader-round2-n30-v1:participant:14:documents:set:3:rotation:26,,,n30-round2-three-versions-v1,2026-09-04-r2-v1
n30-round2-three-versions-v1-slot-14,,14,3,36,112,P1_DOC_A,1,D3_derived,D3_derived.html,4,left,right,3,text-enrichment-reader-round2-n30-v1:participant:14:documents:set:3:rotation:26,,,n30-round2-three-versions-v1,2026-09-04-r2-v1
n30-round2-three-versions-v1-slot-14,,14,3,37,113,P3_DOC_A,5,D5_maximal,D5_maximal.html,6,left,right,3,text-enrichment-reader-round2-n30-v1:participant:14:documents:set:3:rotation:26,,,n30-round2-three-versions-v1,2026-09-04-r2-v1
n30-round2-three-versions-v1-slot-14,,14,3,38,114,P10_DOC_A,19,D1_derived,D1_derived.html,1,left,right,3,text-enrichment-reader-round2-n30-v1:participant:14:documents:set:3:rotation:26,,,n30-round2-three-versions-v1,2026-09-04-r2-v1
n30-round2-three-versions-v1-slot-15,,15,1,1,1,P9_DOC_B,18,D5_maximal,D5_maximal.html,6,left,right,1,text-enrichment-reader-round2-n30-v1:participant:15:documents:set:1:rotation:0,,,n30-round2-three-versions-v1,2026-09-04-r2-v1
n30-round2-three-versions-v1-slot-15,,15,1,2,2,P19_DOC_B,38,D3_derived,D3_derived.html,4,right,left,1,text-enrichment-reader-round2-n30-v1:participant:15:documents:set:1:rotation:0,,,n30-round2-three-versions-v1,2026-09-04-r2-v1
n30-round2-three-versions-v1-slot-15,,15,1,3,3,P7_DOC_A,13,D5_maximal,D5_maximal.html,6,left,right,1,text-enrichment-reader-round2-n30-v1:participant:15:documents:set:1:rotation:0,,,n30-round2-three-versions-v1,2026-09-04-r2-v1
n30-round2-three-versions-v1-slot-15,,15,1,4,4,P2_DOC_B,4,D4_derived,D4_derived.html,5,left,right,1,text-enrichment-reader-round2-n30-v1:participant:15:documents:set:1:rotation:0,,,n30-round2-three-versions-v1,2026-09-04-r2-v1
n30-round2-three-versions-v1-slot-15,,15,1,5,5,P12_DOC_B,24,W_writer_optimal,W_writer_optimal.html,3,right,left,1,text-enrichment-reader-round2-n30-v1:participant:15:documents:set:1:rotation:0,,,n30-round2-three-versions-v1,2026-09-04-r2-v1
n30-round2-three-versions-v1-slot-15,,15,1,6,6,P10_DOC_B,20,D1_derived,D1_derived.html,1,right,left,1,text-enrichment-reader-round2-n30-v1:participant:15:documents:set:1:rotation:0,,,n30-round2-three-versions-v1,2026-09-04-r2-v1
n30-round2-three-versions-v1-slot-15,,15,1,7,7,P14_DOC_A,27,D1_derived,D1_derived.html,1,right,left,1,text-enrichment-reader-round2-n30-v1:participant:15:documents:set:1:rotation:0,,,n30-round2-three-versions-v1,2026-09-04-r2-v1
n30-round2-three-versions-v1-slot-15,,15,1,8,8,P1_DOC_B,2,D3_derived,D3_derived.html,4,left,right,1,text-enrichment-reader-round2-n30-v1:participant:15:documents:set:1:rotation:0,,,n30-round2-three-versions-v1,2026-09-04-r2-v1
n30-round2-three-versions-v1-slot-15,,15,1,9,9,P18_DOC_B,36,W_writer_optimal,W_writer_optimal.html,3,right,left,1,text-enrichment-reader-round2-n30-v1:participant:15:documents:set:1:rotation:0,,,n30-round2-three-versions-v1,2026-09-04-r2-v1
n30-round2-three-versions-v1-slot-15,,15,1,10,10,P8_DOC_A,15,D1_derived,D1_derived.html,1,left,right,1,text-enrichment-reader-round2-n30-v1:participant:15:documents:set:1:rotation:0,,,n30-round2-three-versions-v1,2026-09-04-r2-v1
n30-round2-three-versions-v1-slot-15,,15,1,11,11,P4_DOC_A,7,W_writer_optimal,W_writer_optimal.html,3,left,right,1,text-enrichment-reader-round2-n30-v1:participant:15:documents:set:1:rotation:0,,,n30-round2-three-versions-v1,2026-09-04-r2-v1
n30-round2-three-versions-v1-slot-15,,15,1,12,12,P18_DOC_A,35,D4_derived,D4_derived.html,5,right,left,1,text-enrichment-reader-round2-n30-v1:participant:15:documents:set:1:rotation:0,,,n30-round2-three-versions-v1,2026-09-04-r2-v1
n30-round2-three-versions-v1-slot-15,,15,1,13,13,P17_DOC_B,34,D2_derived,D2_derived.html,2,right,left,1,text-enrichment-reader-round2-n30-v1:participant:15:documents:set:1:rotation:0,,,n30-round2-three-versions-v1,2026-09-04-r2-v1
n30-round2-three-versions-v1-slot-15,,15,1,14,14,P5_DOC_A,9,D3_derived,D3_derived.html,4,left,right,1,text-enrichment-reader-round2-n30-v1:participant:15:documents:set:1:rotation:0,,,n30-round2-three-versions-v1,2026-09-04-r2-v1
n30-round2-three-versions-v1-slot-15,,15,1,15,15,P6_DOC_A,11,D4_derived,D4_derived.html,5,left,right,1,text-enrichment-reader-round2-n30-v1:participant:15:documents:set:1:rotation:0,,,n30-round2-three-versions-v1,2026-09-04-r2-v1
n30-round2-three-versions-v1-slot-15,,15,1,16,16,P11_DOC_A,21,D3_derived,D3_derived.html,4,right,left,1,text-enrichment-reader-round2-n30-v1:participant:15:documents:set:1:rotation:0,,,n30-round2-three-versions-v1,2026-09-04-r2-v1
n30-round2-three-versions-v1-slot-15,,15,1,17,17,P3_DOC_A,5,D2_derived,D2_derived.html,2,left,right,1,text-enrichment-reader-round2-n30-v1:participant:15:documents:set:1:rotation:0,,,n30-round2-three-versions-v1,2026-09-04-r2-v1
n30-round2-three-versions-v1-slot-15,,15,1,18,18,P5_DOC_B,10,D2_derived,D2_derived.html,2,left,right,1,text-enrichment-reader-round2-n30-v1:participant:15:documents:set:1:rotation:0,,,n30-round2-three-versions-v1,2026-09-04-r2-v1
n30-round2-three-versions-v1-slot-15,,15,1,19,19,P15_DOC_A,29,D2_derived,D2_derived.html,2,right,left,1,text-enrichment-reader-round2-n30-v1:participant:15:documents:set:1:rotation:0,,,n30-round2-three-versions-v1,2026-09-04-r2-v1
n30-round2-three-versions-v1-slot-15,,15,1,20,20,P1_DOC_A,1,D5_maximal,D5_maximal.html,6,left,right,1,text-enrichment-reader-round2-n30-v1:participant:15:documents:set:1:rotation:0,,,n30-round2-three-versions-v1,2026-09-04-r2-v1
n30-round2-three-versions-v1-slot-15,,15,1,21,21,P11_DOC_B,22,D2_derived,D2_derived.html,2,right,left,1,text-enrichment-reader-round2-n30-v1:participant:15:documents:set:1:rotation:0,,,n30-round2-three-versions-v1,2026-09-04-r2-v1
n30-round2-three-versions-v1-slot-15,,15,1,22,22,P4_DOC_B,8,D1_derived,D1_derived.html,1,left,right,1,text-enrichment-reader-round2-n30-v1:participant:15:documents:set:1:rotation:0,,,n30-round2-three-versions-v1,2026-09-04-r2-v1
n30-round2-three-versions-v1-slot-15,,15,1,23,23,P10_DOC_A,19,W_writer_optimal,W_writer_optimal.html,3,left,right,1,text-enrichment-reader-round2-n30-v1:participant:15:documents:set:1:rotation:0,,,n30-round2-three-versions-v1,2026-09-04-r2-v1
n30-round2-three-versions-v1-slot-15,,15,1,24,24,P13_DOC_B,26,D3_derived,D3_derived.html,4,right,left,1,text-enrichment-reader-round2-n30-v1:participant:15:documents:set:1:rotation:0,,,n30-round2-three-versions-v1,2026-09-04-r2-v1
n30-round2-three-versions-v1-slot-15,,15,1,25,25,P14_DOC_B,28,D4_derived,D4_derived.html,5,right,left,1,text-enrichment-reader-round2-n30-v1:participant:15:documents:set:1:rotation:0,,,n30-round2-three-versions-v1,2026-09-04-r2-v1
n30-round2-three-versions-v1-slot-15,,15,1,26,26,P16_DOC_B,32,D1_derived,D1_derived.html,1,right,left,1,text-enrichment-reader-round2-n30-v1:participant:15:documents:set:1:rotation:0,,,n30-round2-three-versions-v1,2026-09-04-r2-v1
n30-round2-three-versions-v1-slot-15,,15,1,27,27,P12_DOC_A,23,D4_derived,D4_derived.html,5,right,left,1,text-enrichment-reader-round2-n30-v1:participant:15:documents:set:1:rotation:0,,,n30-round2-three-versions-v1,2026-09-04-r2-v1
n30-round2-three-versions-v1-slot-15,,15,1,28,28,P19_DOC_A,37,D5_maximal,D5_maximal.html,6,right,left,1,text-enrichment-reader-round2-n30-v1:participant:15:documents:set:1:rotation:0,,,n30-round2-three-versions-v1,2026-09-04-r2-v1
n30-round2-three-versions-v1-slot-15,,15,1,29,29,P7_DOC_B,14,D3_derived,D3_derived.html,4,left,right,1,text-enrichment-reader-round2-n30-v1:participant:15:documents:set:1:rotation:0,,,n30-round2-three-versions-v1,2026-09-04-r2-v1
n30-round2-three-versions-v1-slot-15,,15,1,30,30,P6_DOC_B,12,W_writer_optimal,W_writer_optimal.html,3,left,right,1,text-enrichment-reader-round2-n30-v1:participant:15:documents:set:1:rotation:0,,,n30-round2-three-versions-v1,2026-09-04-r2-v1
n30-round2-three-versions-v1-slot-15,,15,1,31,31,P17_DOC_A,33,D3_derived,D3_derived.html,4,right,left,1,text-enrichment-reader-round2-n30-v1:participant:15:documents:set:1:rotation:0,,,n30-round2-three-versions-v1,2026-09-04-r2-v1
n30-round2-three-versions-v1-slot-15,,15,1,32,32,P13_DOC_A,25,D5_maximal,D5_maximal.html,6,right,left,1,text-enrichment-reader-round2-n30-v1:participant:15:documents:set:1:rotation:0,,,n30-round2-three-versions-v1,2026-09-04-r2-v1
n30-round2-three-versions-v1-slot-15,,15,1,33,33,P9_DOC_A,17,D2_derived,D2_derived.html,2,left,right,1,text-enrichment-reader-round2-n30-v1:participant:15:documents:set:1:rotation:0,,,n30-round2-three-versions-v1,2026-09-04-r2-v1
n30-round2-three-versions-v1-slot-15,,15,1,34,34,P3_DOC_B,6,D5_maximal,D5_maximal.html,6,left,right,1,text-enrichment-reader-round2-n30-v1:participant:15:documents:set:1:rotation:0,,,n30-round2-three-versions-v1,2026-09-04-r2-v1
n30-round2-three-versions-v1-slot-15,,15,1,35,35,P16_DOC_A,31,W_writer_optimal,W_writer_optimal.html,3,right,left,1,text-enrichment-reader-round2-n30-v1:participant:15:documents:set:1:rotation:0,,,n30-round2-three-versions-v1,2026-09-04-r2-v1
n30-round2-three-versions-v1-slot-15,,15,1,36,36,P2_DOC_A,3,D1_derived,D1_derived.html,1,left,right,1,text-enrichment-reader-round2-n30-v1:participant:15:documents:set:1:rotation:0,,,n30-round2-three-versions-v1,2026-09-04-r2-v1
n30-round2-three-versions-v1-slot-15,,15,1,37,37,P8_DOC_B,16,D4_derived,D4_derived.html,5,left,right,1,text-enrichment-reader-round2-n30-v1:participant:15:documents:set:1:rotation:0,,,n30-round2-three-versions-v1,2026-09-04-r2-v1
n30-round2-three-versions-v1-slot-15,,15,1,38,38,P15_DOC_B,30,D5_maximal,D5_maximal.html,6,right,left,1,text-enrichment-reader-round2-n30-v1:participant:15:documents:set:1:rotation:0,,,n30-round2-three-versions-v1,2026-09-04-r2-v1
n30-round2-three-versions-v1-slot-15,,15,2,1,39,P5_DOC_A,9,D4_derived,D4_derived.html,5,left,right,2,text-enrichment-reader-round2-n30-v1:participant:15:documents:set:2:rotation:13,,,n30-round2-three-versions-v1,2026-09-04-r2-v1
n30-round2-three-versions-v1-slot-15,,15,2,2,40,P6_DOC_A,11,D5_maximal,D5_maximal.html,6,left,right,2,text-enrichment-reader-round2-n30-v1:participant:15:documents:set:2:rotation:13,,,n30-round2-three-versions-v1,2026-09-04-r2-v1
n30-round2-three-versions-v1-slot-15,,15,2,3,41,P11_DOC_A,21,D4_derived,D4_derived.html,5,right,left,2,text-enrichment-reader-round2-n30-v1:participant:15:documents:set:2:rotation:13,,,n30-round2-three-versions-v1,2026-09-04-r2-v1
n30-round2-three-versions-v1-slot-15,,15,2,4,42,P3_DOC_A,5,W_writer_optimal,W_writer_optimal.html,3,left,right,2,text-enrichment-reader-round2-n30-v1:participant:15:documents:set:2:rotation:13,,,n30-round2-three-versions-v1,2026-09-04-r2-v1
n30-round2-three-versions-v1-slot-15,,15,2,5,43,P5_DOC_B,10,D5_maximal,D5_maximal.html,6,left,right,2,text-enrichment-reader-round2-n30-v1:participant:15:documents:set:2:rotation:13,,,n30-round2-three-versions-v1,2026-09-04-r2-v1
n30-round2-three-versions-v1-slot-15,,15,2,6,44,P15_DOC_A,29,W_writer_optimal,W_writer_optimal.html,3,right,left,2,text-enrichment-reader-round2-n30-v1:participant:15:documents:set:2:rotation:13,,,n30-round2-three-versions-v1,2026-09-04-r2-v1
n30-round2-three-versions-v1-slot-15,,15,2,7,45,P1_DOC_A,1,D1_derived,D1_derived.html,1,left,right,2,text-enrichment-reader-round2-n30-v1:participant:15:documents:set:2:rotation:13,,,n30-round2-three-versions-v1,2026-09-04-r2-v1
n30-round2-three-versions-v1-slot-15,,15,2,8,46,P11_DOC_B,22,D5_maximal,D5_maximal.html,6,right,left,2,text-enrichment-reader-round2-n30-v1:participant:15:documents:set:2:rotation:13,,,n30-round2-three-versions-v1,2026-09-04-r2-v1
n30-round2-three-versions-v1-slot-15,,15,2,9,47,P4_DOC_B,8,D4_derived,D4_derived.html,5,left,right,2,text-enrichment-reader-round2-n30-v1:participant:15:documents:set:2:rotation:13,,,n30-round2-three-versions-v1,2026-09-04-r2-v1
n30-round2-three-versions-v1-slot-15,,15,2,10,48,P10_DOC_A,19,D3_derived,D3_derived.html,4,left,right,2,text-enrichment-reader-round2-n30-v1:participant:15:documents:set:2:rotation:13,,,n30-round2-three-versions-v1,2026-09-04-r2-v1
n30-round2-three-versions-v1-slot-15,,15,2,11,49,P13_DOC_B,26,D2_derived,D2_derived.html,2,right,left,2,text-enrichment-reader-round2-n30-v1:participant:15:documents:set:2:rotation:13,,,n30-round2-three-versions-v1,2026-09-04-r2-v1
n30-round2-three-versions-v1-slot-15,,15,2,12,50,P14_DOC_B,28,W_writer_optimal,W_writer_optimal.html,3,right,left,2,text-enrichment-reader-round2-n30-v1:participant:15:documents:set:2:rotation:13,,,n30-round2-three-versions-v1,2026-09-04-r2-v1
n30-round2-three-versions-v1-slot-15,,15,2,13,51,P16_DOC_B,32,D4_derived,D4_derived.html,5,right,left,2,text-enrichment-reader-round2-n30-v1:participant:15:documents:set:2:rotation:13,,,n30-round2-three-versions-v1,2026-09-04-r2-v1
n30-round2-three-versions-v1-slot-15,,15,2,14,52,P12_DOC_A,23,D5_maximal,D5_maximal.html,6,right,left,2,text-enrichment-reader-round2-n30-v1:participant:15:documents:set:2:rotation:13,,,n30-round2-three-versions-v1,2026-09-04-r2-v1
n30-round2-three-versions-v1-slot-15,,15,2,15,53,P19_DOC_A,37,D1_derived,D1_derived.html,1,right,left,2,text-enrichment-reader-round2-n30-v1:participant:15:documents:set:2:rotation:13,,,n30-round2-three-versions-v1,2026-09-04-r2-v1
n30-round2-three-versions-v1-slot-15,,15,2,16,54,P7_DOC_B,14,D2_derived,D2_derived.html,2,left,right,2,text-enrichment-reader-round2-n30-v1:participant:15:documents:set:2:rotation:13,,,n30-round2-three-versions-v1,2026-09-04-r2-v1
n30-round2-three-versions-v1-slot-15,,15,2,17,55,P6_DOC_B,12,D1_derived,D1_derived.html,1,left,right,2,text-enrichment-reader-round2-n30-v1:participant:15:documents:set:2:rotation:13,,,n30-round2-three-versions-v1,2026-09-04-r2-v1
n30-round2-three-versions-v1-slot-15,,15,2,18,56,P17_DOC_A,33,D4_derived,D4_derived.html,5,right,left,2,text-enrichment-reader-round2-n30-v1:participant:15:documents:set:2:rotation:13,,,n30-round2-three-versions-v1,2026-09-04-r2-v1
n30-round2-three-versions-v1-slot-15,,15,2,19,57,P13_DOC_A,25,D1_derived,D1_derived.html,1,right,left,2,text-enrichment-reader-round2-n30-v1:participant:15:documents:set:2:rotation:13,,,n30-round2-three-versions-v1,2026-09-04-r2-v1
n30-round2-three-versions-v1-slot-15,,15,2,20,58,P9_DOC_A,17,W_writer_optimal,W_writer_optimal.html,3,left,right,2,text-enrichment-reader-round2-n30-v1:participant:15:documents:set:2:rotation:13,,,n30-round2-three-versions-v1,2026-09-04-r2-v1
n30-round2-three-versions-v1-slot-15,,15,2,21,59,P3_DOC_B,6,D3_derived,D3_derived.html,4,left,right,2,text-enrichment-reader-round2-n30-v1:participant:15:documents:set:2:rotation:13,,,n30-round2-three-versions-v1,2026-09-04-r2-v1
n30-round2-three-versions-v1-slot-15,,15,2,22,60,P16_DOC_A,31,D3_derived,D3_derived.html,4,right,left,2,text-enrichment-reader-round2-n30-v1:participant:15:documents:set:2:rotation:13,,,n30-round2-three-versions-v1,2026-09-04-r2-v1
n30-round2-three-versions-v1-slot-15,,15,2,23,61,P2_DOC_A,3,D2_derived,D2_derived.html,2,left,right,2,text-enrichment-reader-round2-n30-v1:participant:15:documents:set:2:rotation:13,,,n30-round2-three-versions-v1,2026-09-04-r2-v1
n30-round2-three-versions-v1-slot-15,,15,2,24,62,P8_DOC_B,16,W_writer_optimal,W_writer_optimal.html,3,left,right,2,text-enrichment-reader-round2-n30-v1:participant:15:documents:set:2:rotation:13,,,n30-round2-three-versions-v1,2026-09-04-r2-v1
n30-round2-three-versions-v1-slot-15,,15,2,25,63,P15_DOC_B,30,D3_derived,D3_derived.html,4,right,left,2,text-enrichment-reader-round2-n30-v1:participant:15:documents:set:2:rotation:13,,,n30-round2-three-versions-v1,2026-09-04-r2-v1
n30-round2-three-versions-v1-slot-15,,15,2,26,64,P9_DOC_B,18,D3_derived,D3_derived.html,4,left,right,2,text-enrichment-reader-round2-n30-v1:participant:15:documents:set:2:rotation:13,,,n30-round2-three-versions-v1,2026-09-04-r2-v1
n30-round2-three-versions-v1-slot-15,,15,2,27,65,P19_DOC_B,38,D2_derived,D2_derived.html,2,right,left,2,text-enrichment-reader-round2-n30-v1:participant:15:documents:set:2:rotation:13,,,n30-round2-three-versions-v1,2026-09-04-r2-v1
n30-round2-three-versions-v1-slot-15,,15,2,28,66,P7_DOC_A,13,D1_derived,D1_derived.html,1,left,right,2,text-enrichment-reader-round2-n30-v1:participant:15:documents:set:2:rotation:13,,,n30-round2-three-versions-v1,2026-09-04-r2-v1
n30-round2-three-versions-v1-slot-15,,15,2,29,67,P2_DOC_B,4,W_writer_optimal,W_writer_optimal.html,3,left,right,2,text-enrichment-reader-round2-n30-v1:participant:15:documents:set:2:rotation:13,,,n30-round2-three-versions-v1,2026-09-04-r2-v1
n30-round2-three-versions-v1-slot-15,,15,2,30,68,P12_DOC_B,24,D1_derived,D1_derived.html,1,right,left,2,text-enrichment-reader-round2-n30-v1:participant:15:documents:set:2:rotation:13,,,n30-round2-three-versions-v1,2026-09-04-r2-v1
n30-round2-three-versions-v1-slot-15,,15,2,31,69,P10_DOC_B,20,D4_derived,D4_derived.html,5,right,left,2,text-enrichment-reader-round2-n30-v1:participant:15:documents:set:2:rotation:13,,,n30-round2-three-versions-v1,2026-09-04-r2-v1
n30-round2-three-versions-v1-slot-15,,15,2,32,70,P14_DOC_A,27,D2_derived,D2_derived.html,2,right,left,2,text-enrichment-reader-round2-n30-v1:participant:15:documents:set:2:rotation:13,,,n30-round2-three-versions-v1,2026-09-04-r2-v1
n30-round2-three-versions-v1-slot-15,,15,2,33,71,P1_DOC_B,2,D2_derived,D2_derived.html,2,left,right,2,text-enrichment-reader-round2-n30-v1:participant:15:documents:set:2:rotation:13,,,n30-round2-three-versions-v1,2026-09-04-r2-v1
n30-round2-three-versions-v1-slot-15,,15,2,34,72,P18_DOC_B,36,D1_derived,D1_derived.html,1,right,left,2,text-enrichment-reader-round2-n30-v1:participant:15:documents:set:2:rotation:13,,,n30-round2-three-versions-v1,2026-09-04-r2-v1
n30-round2-three-versions-v1-slot-15,,15,2,35,73,P8_DOC_A,15,D2_derived,D2_derived.html,2,left,right,2,text-enrichment-reader-round2-n30-v1:participant:15:documents:set:2:rotation:13,,,n30-round2-three-versions-v1,2026-09-04-r2-v1
n30-round2-three-versions-v1-slot-15,,15,2,36,74,P4_DOC_A,7,D3_derived,D3_derived.html,4,left,right,2,text-enrichment-reader-round2-n30-v1:participant:15:documents:set:2:rotation:13,,,n30-round2-three-versions-v1,2026-09-04-r2-v1
n30-round2-three-versions-v1-slot-15,,15,2,37,75,P18_DOC_A,35,D5_maximal,D5_maximal.html,6,right,left,2,text-enrichment-reader-round2-n30-v1:participant:15:documents:set:2:rotation:13,,,n30-round2-three-versions-v1,2026-09-04-r2-v1
n30-round2-three-versions-v1-slot-15,,15,2,38,76,P17_DOC_B,34,D5_maximal,D5_maximal.html,6,right,left,2,text-enrichment-reader-round2-n30-v1:participant:15:documents:set:2:rotation:13,,,n30-round2-three-versions-v1,2026-09-04-r2-v1
n30-round2-three-versions-v1-slot-15,,15,3,1,77,P12_DOC_A,23,D3_derived,D3_derived.html,4,right,left,3,text-enrichment-reader-round2-n30-v1:participant:15:documents:set:3:rotation:26,,,n30-round2-three-versions-v1,2026-09-04-r2-v1
n30-round2-three-versions-v1-slot-15,,15,3,2,78,P19_DOC_A,37,D4_derived,D4_derived.html,5,left,right,3,text-enrichment-reader-round2-n30-v1:participant:15:documents:set:3:rotation:26,,,n30-round2-three-versions-v1,2026-09-04-r2-v1
n30-round2-three-versions-v1-slot-15,,15,3,3,79,P7_DOC_B,14,W_writer_optimal,W_writer_optimal.html,3,left,right,3,text-enrichment-reader-round2-n30-v1:participant:15:documents:set:3:rotation:26,,,n30-round2-three-versions-v1,2026-09-04-r2-v1
n30-round2-three-versions-v1-slot-15,,15,3,4,80,P6_DOC_B,12,D2_derived,D2_derived.html,2,left,right,3,text-enrichment-reader-round2-n30-v1:participant:15:documents:set:3:rotation:26,,,n30-round2-three-versions-v1,2026-09-04-r2-v1
n30-round2-three-versions-v1-slot-15,,15,3,5,81,P17_DOC_A,33,W_writer_optimal,W_writer_optimal.html,3,right,left,3,text-enrichment-reader-round2-n30-v1:participant:15:documents:set:3:rotation:26,,,n30-round2-three-versions-v1,2026-09-04-r2-v1
n30-round2-three-versions-v1-slot-15,,15,3,6,82,P13_DOC_A,25,D4_derived,D4_derived.html,5,right,left,3,text-enrichment-reader-round2-n30-v1:participant:15:documents:set:3:rotation:26,,,n30-round2-three-versions-v1,2026-09-04-r2-v1
n30-round2-three-versions-v1-slot-15,,15,3,7,83,P9_DOC_A,17,D1_derived,D1_derived.html,1,left,right,3,text-enrichment-reader-round2-n30-v1:participant:15:documents:set:3:rotation:26,,,n30-round2-three-versions-v1,2026-09-04-r2-v1
n30-round2-three-versions-v1-slot-15,,15,3,8,84,P3_DOC_B,6,D4_derived,D4_derived.html,5,left,right,3,text-enrichment-reader-round2-n30-v1:participant:15:documents:set:3:rotation:26,,,n30-round2-three-versions-v1,2026-09-04-r2-v1
n30-round2-three-versions-v1-slot-15,,15,3,9,85,P16_DOC_A,31,D2_derived,D2_derived.html,2,right,left,3,text-enrichment-reader-round2-n30-v1:participant:15:documents:set:3:rotation:26,,,n30-round2-three-versions-v1,2026-09-04-r2-v1
n30-round2-three-versions-v1-slot-15,,15,3,10,86,P2_DOC_A,3,D5_maximal,D5_maximal.html,6,left,right,3,text-enrichment-reader-round2-n30-v1:participant:15:documents:set:3:rotation:26,,,n30-round2-three-versions-v1,2026-09-04-r2-v1
n30-round2-three-versions-v1-slot-15,,15,3,11,87,P8_DOC_B,16,D3_derived,D3_derived.html,4,left,right,3,text-enrichment-reader-round2-n30-v1:participant:15:documents:set:3:rotation:26,,,n30-round2-three-versions-v1,2026-09-04-r2-v1
n30-round2-three-versions-v1-slot-15,,15,3,12,88,P15_DOC_B,30,D4_derived,D4_derived.html,5,right,left,3,text-enrichment-reader-round2-n30-v1:participant:15:documents:set:3:rotation:26,,,n30-round2-three-versions-v1,2026-09-04-r2-v1
n30-round2-three-versions-v1-slot-15,,15,3,13,89,P9_DOC_B,18,D4_derived,D4_derived.html,5,left,right,3,text-enrichment-reader-round2-n30-v1:participant:15:documents:set:3:rotation:26,,,n30-round2-three-versions-v1,2026-09-04-r2-v1
n30-round2-three-versions-v1-slot-15,,15,3,14,90,P19_DOC_B,38,W_writer_optimal,W_writer_optimal.html,3,right,left,3,text-enrichment-reader-round2-n30-v1:participant:15:documents:set:3:rotation:26,,,n30-round2-three-versions-v1,2026-09-04-r2-v1
n30-round2-three-versions-v1-slot-15,,15,3,15,91,P7_DOC_A,13,D4_derived,D4_derived.html,5,left,right,3,text-enrichment-reader-round2-n30-v1:participant:15:documents:set:3:rotation:26,,,n30-round2-three-versions-v1,2026-09-04-r2-v1
n30-round2-three-versions-v1-slot-15,,15,3,16,92,P2_DOC_B,4,D3_derived,D3_derived.html,4,right,left,3,text-enrichment-reader-round2-n30-v1:participant:15:documents:set:3:rotation:26,,,n30-round2-three-versions-v1,2026-09-04-r2-v1
n30-round2-three-versions-v1-slot-15,,15,3,17,93,P12_DOC_B,24,D2_derived,D2_derived.html,2,right,left,3,text-enrichment-reader-round2-n30-v1:participant:15:documents:set:3:rotation:26,,,n30-round2-three-versions-v1,2026-09-04-r2-v1
n30-round2-three-versions-v1-slot-15,,15,3,18,94,P10_DOC_B,20,D5_maximal,D5_maximal.html,6,right,left,3,text-enrichment-reader-round2-n30-v1:participant:15:documents:set:3:rotation:26,,,n30-round2-three-versions-v1,2026-09-04-r2-v1
n30-round2-three-versions-v1-slot-15,,15,3,19,95,P14_DOC_A,27,D5_maximal,D5_maximal.html,6,right,left,3,text-enrichment-reader-round2-n30-v1:participant:15:documents:set:3:rotation:26,,,n30-round2-three-versions-v1,2026-09-04-r2-v1
n30-round2-three-versions-v1-slot-15,,15,3,20,96,P1_DOC_B,2,W_writer_optimal,W_writer_optimal.html,3,left,right,3,text-enrichment-reader-round2-n30-v1:participant:15:documents:set:3:rotation:26,,,n30-round2-three-versions-v1,2026-09-04-r2-v1
n30-round2-three-versions-v1-slot-15,,15,3,21,97,P18_DOC_B,36,D2_derived,D2_derived.html,2,right,left,3,text-enrichment-reader-round2-n30-v1:participant:15:documents:set:3:rotation:26,,,n30-round2-three-versions-v1,2026-09-04-r2-v1
n30-round2-three-versions-v1-slot-15,,15,3,22,98,P8_DOC_A,15,D5_maximal,D5_maximal.html,6,left,right,3,text-enrichment-reader-round2-n30-v1:participant:15:documents:set:3:rotation:26,,,n30-round2-three-versions-v1,2026-09-04-r2-v1
n30-round2-three-versions-v1-slot-15,,15,3,23,99,P4_DOC_A,7,D2_derived,D2_derived.html,2,left,right,3,text-enrichment-reader-round2-n30-v1:participant:15:documents:set:3:rotation:26,,,n30-round2-three-versions-v1,2026-09-04-r2-v1
n30-round2-three-versions-v1-slot-15,,15,3,24,100,P18_DOC_A,35,D3_derived,D3_derived.html,4,right,left,3,text-enrichment-reader-round2-n30-v1:participant:15:documents:set:3:rotation:26,,,n30-round2-three-versions-v1,2026-09-04-r2-v1
n30-round2-three-versions-v1-slot-15,,15,3,25,101,P17_DOC_B,34,D1_derived,D1_derived.html,1,right,left,3,text-enrichment-reader-round2-n30-v1:participant:15:documents:set:3:rotation:26,,,n30-round2-three-versions-v1,2026-09-04-r2-v1
n30-round2-three-versions-v1-slot-15,,15,3,26,102,P5_DOC_A,9,W_writer_optimal,W_writer_optimal.html,3,left,right,3,text-enrichment-reader-round2-n30-v1:participant:15:documents:set:3:rotation:26,,,n30-round2-three-versions-v1,2026-09-04-r2-v1
n30-round2-three-versions-v1-slot-15,,15,3,27,103,P6_DOC_A,11,D3_derived,D3_derived.html,4,left,right,3,text-enrichment-reader-round2-n30-v1:participant:15:documents:set:3:rotation:26,,,n30-round2-three-versions-v1,2026-09-04-r2-v1
n30-round2-three-versions-v1-slot-15,,15,3,28,104,P11_DOC_A,21,W_writer_optimal,W_writer_optimal.html,3,right,left,3,text-enrichment-reader-round2-n30-v1:participant:15:documents:set:3:rotation:26,,,n30-round2-three-versions-v1,2026-09-04-r2-v1
n30-round2-three-versions-v1-slot-15,,15,3,29,105,P3_DOC_A,5,D1_derived,D1_derived.html,1,left,right,3,text-enrichment-reader-round2-n30-v1:participant:15:documents:set:3:rotation:26,,,n30-round2-three-versions-v1,2026-09-04-r2-v1
n30-round2-three-versions-v1-slot-15,,15,3,30,106,P5_DOC_B,10,D1_derived,D1_derived.html,1,left,right,3,text-enrichment-reader-round2-n30-v1:participant:15:documents:set:3:rotation:26,,,n30-round2-three-versions-v1,2026-09-04-r2-v1
n30-round2-three-versions-v1-slot-15,,15,3,31,107,P15_DOC_A,29,D1_derived,D1_derived.html,1,right,left,3,text-enrichment-reader-round2-n30-v1:participant:15:documents:set:3:rotation:26,,,n30-round2-three-versions-v1,2026-09-04-r2-v1
n30-round2-three-versions-v1-slot-15,,15,3,32,108,P1_DOC_A,1,D4_derived,D4_derived.html,5,right,left,3,text-enrichment-reader-round2-n30-v1:participant:15:documents:set:3:rotation:26,,,n30-round2-three-versions-v1,2026-09-04-r2-v1
n30-round2-three-versions-v1-slot-15,,15,3,33,109,P11_DOC_B,22,D1_derived,D1_derived.html,1,right,left,3,text-enrichment-reader-round2-n30-v1:participant:15:documents:set:3:rotation:26,,,n30-round2-three-versions-v1,2026-09-04-r2-v1
n30-round2-three-versions-v1-slot-15,,15,3,34,110,P4_DOC_B,8,D5_maximal,D5_maximal.html,6,left,right,3,text-enrichment-reader-round2-n30-v1:participant:15:documents:set:3:rotation:26,,,n30-round2-three-versions-v1,2026-09-04-r2-v1
n30-round2-three-versions-v1-slot-15,,15,3,35,111,P10_DOC_A,19,D2_derived,D2_derived.html,2,left,right,3,text-enrichment-reader-round2-n30-v1:participant:15:documents:set:3:rotation:26,,,n30-round2-three-versions-v1,2026-09-04-r2-v1
n30-round2-three-versions-v1-slot-15,,15,3,36,112,P13_DOC_B,26,W_writer_optimal,W_writer_optimal.html,3,right,left,3,text-enrichment-reader-round2-n30-v1:participant:15:documents:set:3:rotation:26,,,n30-round2-three-versions-v1,2026-09-04-r2-v1
n30-round2-three-versions-v1-slot-15,,15,3,37,113,P14_DOC_B,28,D3_derived,D3_derived.html,4,right,left,3,text-enrichment-reader-round2-n30-v1:participant:15:documents:set:3:rotation:26,,,n30-round2-three-versions-v1,2026-09-04-r2-v1
n30-round2-three-versions-v1-slot-15,,15,3,38,114,P16_DOC_B,32,D5_maximal,D5_maximal.html,6,left,right,3,text-enrichment-reader-round2-n30-v1:participant:15:documents:set:3:rotation:26,,,n30-round2-three-versions-v1,2026-09-04-r2-v1
n30-round2-three-versions-v1-slot-16,,16,1,1,1,P17_DOC_A,33,D3_derived,D3_derived.html,4,right,left,1,text-enrichment-reader-round2-n30-v1:participant:16:documents:set:1:rotation:0,,,n30-round2-three-versions-v1,2026-09-04-r2-v1
n30-round2-three-versions-v1-slot-16,,16,1,2,2,P4_DOC_A,7,W_writer_optimal,W_writer_optimal.html,3,left,right,1,text-enrichment-reader-round2-n30-v1:participant:16:documents:set:1:rotation:0,,,n30-round2-three-versions-v1,2026-09-04-r2-v1
n30-round2-three-versions-v1-slot-16,,16,1,3,3,P11_DOC_B,22,W_writer_optimal,W_writer_optimal.html,3,right,left,1,text-enrichment-reader-round2-n30-v1:participant:16:documents:set:1:rotation:0,,,n30-round2-three-versions-v1,2026-09-04-r2-v1
n30-round2-three-versions-v1-slot-16,,16,1,4,4,P13_DOC_B,26,D4_derived,D4_derived.html,5,right,left,1,text-enrichment-reader-round2-n30-v1:participant:16:documents:set:1:rotation:0,,,n30-round2-three-versions-v1,2026-09-04-r2-v1
n30-round2-three-versions-v1-slot-16,,16,1,5,5,P15_DOC_A,29,D2_derived,D2_derived.html,2,right,left,1,text-enrichment-reader-round2-n30-v1:participant:16:documents:set:1:rotation:0,,,n30-round2-three-versions-v1,2026-09-04-r2-v1
n30-round2-three-versions-v1-slot-16,,16,1,6,6,P9_DOC_B,18,D1_derived,D1_derived.html,1,left,right,1,text-enrichment-reader-round2-n30-v1:participant:16:documents:set:1:rotation:0,,,n30-round2-three-versions-v1,2026-09-04-r2-v1
n30-round2-three-versions-v1-slot-16,,16,1,7,7,P10_DOC_B,20,D2_derived,D2_derived.html,2,right,left,1,text-enrichment-reader-round2-n30-v1:participant:16:documents:set:1:rotation:0,,,n30-round2-three-versions-v1,2026-09-04-r2-v1
n30-round2-three-versions-v1-slot-16,,16,1,8,8,P1_DOC_A,1,D5_maximal,D5_maximal.html,6,left,right,1,text-enrichment-reader-round2-n30-v1:participant:16:documents:set:1:rotation:0,,,n30-round2-three-versions-v1,2026-09-04-r2-v1
n30-round2-three-versions-v1-slot-16,,16,1,9,9,P8_DOC_B,16,D5_maximal,D5_maximal.html,6,left,right,1,text-enrichment-reader-round2-n30-v1:participant:16:documents:set:1:rotation:0,,,n30-round2-three-versions-v1,2026-09-04-r2-v1
n30-round2-three-versions-v1-slot-16,,16,1,10,10,P11_DOC_A,21,D3_derived,D3_derived.html,4,right,left,1,text-enrichment-reader-round2-n30-v1:participant:16:documents:set:1:rotation:0,,,n30-round2-three-versions-v1,2026-09-04-r2-v1
n30-round2-three-versions-v1-slot-16,,16,1,11,11,P6_DOC_A,11,D4_derived,D4_derived.html,5,left,right,1,text-enrichment-reader-round2-n30-v1:participant:16:documents:set:1:rotation:0,,,n30-round2-three-versions-v1,2026-09-04-r2-v1
n30-round2-three-versions-v1-slot-16,,16,1,12,12,P18_DOC_B,36,D3_derived,D3_derived.html,4,left,right,1,text-enrichment-reader-round2-n30-v1:participant:16:documents:set:1:rotation:0,,,n30-round2-three-versions-v1,2026-09-04-r2-v1
n30-round2-three-versions-v1-slot-16,,16,1,13,13,P8_DOC_A,15,D1_derived,D1_derived.html,1,left,right,1,text-enrichment-reader-round2-n30-v1:participant:16:documents:set:1:rotation:0,,,n30-round2-three-versions-v1,2026-09-04-r2-v1
n30-round2-three-versions-v1-slot-16,,16,1,14,14,P15_DOC_B,30,D1_derived,D1_derived.html,1,right,left,1,text-enrichment-reader-round2-n30-v1:participant:16:documents:set:1:rotation:0,,,n30-round2-three-versions-v1,2026-09-04-r2-v1
n30-round2-three-versions-v1-slot-16,,16,1,15,15,P3_DOC_A,5,D2_derived,D2_derived.html,2,left,right,1,text-enrichment-reader-round2-n30-v1:participant:16:documents:set:1:rotation:0,,,n30-round2-three-versions-v1,2026-09-04-r2-v1
n30-round2-three-versions-v1-slot-16,,16,1,16,16,P3_DOC_B,6,D1_derived,D1_derived.html,1,left,right,1,text-enrichment-reader-round2-n30-v1:participant:16:documents:set:1:rotation:0,,,n30-round2-three-versions-v1,2026-09-04-r2-v1
n30-round2-three-versions-v1-slot-16,,16,1,17,17,P2_DOC_B,4,D5_maximal,D5_maximal.html,6,left,right,1,text-enrichment-reader-round2-n30-v1:participant:16:documents:set:1:rotation:0,,,n30-round2-three-versions-v1,2026-09-04-r2-v1
n30-round2-three-versions-v1-slot-16,,16,1,18,18,P7_DOC_A,13,D5_maximal,D5_maximal.html,6,right,left,1,text-enrichment-reader-round2-n30-v1:participant:16:documents:set:1:rotation:0,,,n30-round2-three-versions-v1,2026-09-04-r2-v1
n30-round2-three-versions-v1-slot-16,,16,1,19,19,P7_DOC_B,14,D4_derived,D4_derived.html,5,left,right,1,text-enrichment-reader-round2-n30-v1:participant:16:documents:set:1:rotation:0,,,n30-round2-three-versions-v1,2026-09-04-r2-v1
n30-round2-three-versions-v1-slot-16,,16,1,20,20,P12_DOC_A,23,D4_derived,D4_derived.html,5,right,left,1,text-enrichment-reader-round2-n30-v1:participant:16:documents:set:1:rotation:0,,,n30-round2-three-versions-v1,2026-09-04-r2-v1
n30-round2-three-versions-v1-slot-16,,16,1,21,21,P10_DOC_A,19,W_writer_optimal,W_writer_optimal.html,3,left,right,1,text-enrichment-reader-round2-n30-v1:participant:16:documents:set:1:rotation:0,,,n30-round2-three-versions-v1,2026-09-04-r2-v1
n30-round2-three-versions-v1-slot-16,,16,1,22,22,P18_DOC_A,35,D4_derived,D4_derived.html,5,right,left,1,text-enrichment-reader-round2-n30-v1:participant:16:documents:set:1:rotation:0,,,n30-round2-three-versions-v1,2026-09-04-r2-v1
n30-round2-three-versions-v1-slot-16,,16,1,23,23,P6_DOC_B,12,D3_derived,D3_derived.html,4,left,right,1,text-enrichment-reader-round2-n30-v1:participant:16:documents:set:1:rotation:0,,,n30-round2-three-versions-v1,2026-09-04-r2-v1
n30-round2-three-versions-v1-slot-16,,16,1,24,24,P1_DOC_B,2,D4_derived,D4_derived.html,5,left,right,1,text-enrichment-reader-round2-n30-v1:participant:16:documents:set:1:rotation:0,,,n30-round2-three-versions-v1,2026-09-04-r2-v1
n30-round2-three-versions-v1-slot-16,,16,1,25,25,P5_DOC_A,9,D3_derived,D3_derived.html,4,left,right,1,text-enrichment-reader-round2-n30-v1:participant:16:documents:set:1:rotation:0,,,n30-round2-three-versions-v1,2026-09-04-r2-v1
n30-round2-three-versions-v1-slot-16,,16,1,26,26,P13_DOC_A,25,D5_maximal,D5_maximal.html,6,right,left,1,text-enrichment-reader-round2-n30-v1:participant:16:documents:set:1:rotation:0,,,n30-round2-three-versions-v1,2026-09-04-r2-v1
n30-round2-three-versions-v1-slot-16,,16,1,27,27,P19_DOC_A,37,D5_maximal,D5_maximal.html,6,right,left,1,text-enrichment-reader-round2-n30-v1:participant:16:documents:set:1:rotation:0,,,n30-round2-three-versions-v1,2026-09-04-r2-v1
n30-round2-three-versions-v1-slot-16,,16,1,28,28,P4_DOC_B,8,D2_derived,D2_derived.html,2,left,right,1,text-enrichment-reader-round2-n30-v1:participant:16:documents:set:1:rotation:0,,,n30-round2-three-versions-v1,2026-09-04-r2-v1
n30-round2-three-versions-v1-slot-16,,16,1,29,29,P12_DOC_B,24,D3_derived,D3_derived.html,4,right,left,1,text-enrichment-reader-round2-n30-v1:participant:16:documents:set:1:rotation:0,,,n30-round2-three-versions-v1,2026-09-04-r2-v1
n30-round2-three-versions-v1-slot-16,,16,1,30,30,P16_DOC_B,32,D2_derived,D2_derived.html,2,right,left,1,text-enrichment-reader-round2-n30-v1:participant:16:documents:set:1:rotation:0,,,n30-round2-three-versions-v1,2026-09-04-r2-v1
n30-round2-three-versions-v1-slot-16,,16,1,31,31,P14_DOC_A,27,D1_derived,D1_derived.html,1,right,left,1,text-enrichment-reader-round2-n30-v1:participant:16:documents:set:1:rotation:0,,,n30-round2-three-versions-v1,2026-09-04-r2-v1
n30-round2-three-versions-v1-slot-16,,16,1,32,32,P16_DOC_A,31,W_writer_optimal,W_writer_optimal.html,3,right,left,1,text-enrichment-reader-round2-n30-v1:participant:16:documents:set:1:rotation:0,,,n30-round2-three-versions-v1,2026-09-04-r2-v1
n30-round2-three-versions-v1-slot-16,,16,1,33,33,P14_DOC_B,28,D5_maximal,D5_maximal.html,6,right,left,1,text-enrichment-reader-round2-n30-v1:participant:16:documents:set:1:rotation:0,,,n30-round2-three-versions-v1,2026-09-04-r2-v1
n30-round2-three-versions-v1-slot-16,,16,1,34,34,P19_DOC_B,38,D4_derived,D4_derived.html,5,right,left,1,text-enrichment-reader-round2-n30-v1:participant:16:documents:set:1:rotation:0,,,n30-round2-three-versions-v1,2026-09-04-r2-v1
n30-round2-three-versions-v1-slot-16,,16,1,35,35,P17_DOC_B,34,W_writer_optimal,W_writer_optimal.html,3,right,left,1,text-enrichment-reader-round2-n30-v1:participant:16:documents:set:1:rotation:0,,,n30-round2-three-versions-v1,2026-09-04-r2-v1
n30-round2-three-versions-v1-slot-16,,16,1,36,36,P5_DOC_B,10,W_writer_optimal,W_writer_optimal.html,3,left,right,1,text-enrichment-reader-round2-n30-v1:participant:16:documents:set:1:rotation:0,,,n30-round2-three-versions-v1,2026-09-04-r2-v1
n30-round2-three-versions-v1-slot-16,,16,1,37,37,P2_DOC_A,3,D1_derived,D1_derived.html,1,left,right,1,text-enrichment-reader-round2-n30-v1:participant:16:documents:set:1:rotation:0,,,n30-round2-three-versions-v1,2026-09-04-r2-v1
n30-round2-three-versions-v1-slot-16,,16,1,38,38,P9_DOC_A,17,D2_derived,D2_derived.html,2,left,right,1,text-enrichment-reader-round2-n30-v1:participant:16:documents:set:1:rotation:0,,,n30-round2-three-versions-v1,2026-09-04-r2-v1
n30-round2-three-versions-v1-slot-16,,16,2,1,39,P15_DOC_B,30,W_writer_optimal,W_writer_optimal.html,3,right,left,2,text-enrichment-reader-round2-n30-v1:participant:16:documents:set:2:rotation:13,,,n30-round2-three-versions-v1,2026-09-04-r2-v1
n30-round2-three-versions-v1-slot-16,,16,2,2,40,P3_DOC_A,5,D3_derived,D3_derived.html,4,left,right,2,text-enrichment-reader-round2-n30-v1:participant:16:documents:set:2:rotation:13,,,n30-round2-three-versions-v1,2026-09-04-r2-v1
n30-round2-three-versions-v1-slot-16,,16,2,3,41,P3_DOC_B,6,W_writer_optimal,W_writer_optimal.html,3,right,left,2,text-enrichment-reader-round2-n30-v1:participant:16:documents:set:2:rotation:13,,,n30-round2-three-versions-v1,2026-09-04-r2-v1
n30-round2-three-versions-v1-slot-16,,16,2,4,42,P2_DOC_B,4,D2_derived,D2_derived.html,2,right,left,2,text-enrichment-reader-round2-n30-v1:participant:16:documents:set:2:rotation:13,,,n30-round2-three-versions-v1,2026-09-04-r2-v1
n30-round2-three-versions-v1-slot-16,,16,2,5,43,P7_DOC_A,13,D2_derived,D2_derived.html,2,left,right,2,text-enrichment-reader-round2-n30-v1:participant:16:documents:set:2:rotation:13,,,n30-round2-three-versions-v1,2026-09-04-r2-v1
n30-round2-three-versions-v1-slot-16,,16,2,6,44,P7_DOC_B,14,D1_derived,D1_derived.html,1,left,right,2,text-enrichment-reader-round2-n30-v1:participant:16:documents:set:2:rotation:13,,,n30-round2-three-versions-v1,2026-09-04-r2-v1
n30-round2-three-versions-v1-slot-16,,16,2,7,45,P12_DOC_A,23,D1_derived,D1_derived.html,1,right,left,2,text-enrichment-reader-round2-n30-v1:participant:16:documents:set:2:rotation:13,,,n30-round2-three-versions-v1,2026-09-04-r2-v1
n30-round2-three-versions-v1-slot-16,,16,2,8,46,P10_DOC_A,19,D4_derived,D4_derived.html,5,left,right,2,text-enrichment-reader-round2-n30-v1:participant:16:documents:set:2:rotation:13,,,n30-round2-three-versions-v1,2026-09-04-r2-v1
n30-round2-three-versions-v1-slot-16,,16,2,9,47,P18_DOC_A,35,D1_derived,D1_derived.html,1,left,right,2,text-enrichment-reader-round2-n30-v1:participant:16:documents:set:2:rotation:13,,,n30-round2-three-versions-v1,2026-09-04-r2-v1
n30-round2-three-versions-v1-slot-16,,16,2,10,48,P6_DOC_B,12,D5_maximal,D5_maximal.html,6,left,right,2,text-enrichment-reader-round2-n30-v1:participant:16:documents:set:2:rotation:13,,,n30-round2-three-versions-v1,2026-09-04-r2-v1
n30-round2-three-versions-v1-slot-16,,16,2,11,49,P1_DOC_B,2,D1_derived,D1_derived.html,1,right,left,2,text-enrichment-reader-round2-n30-v1:participant:16:documents:set:2:rotation:13,,,n30-round2-three-versions-v1,2026-09-04-r2-v1
n30-round2-three-versions-v1-slot-16,,16,2,12,50,P5_DOC_A,9,D5_maximal,D5_maximal.html,6,left,right,2,text-enrichment-reader-round2-n30-v1:participant:16:documents:set:2:rotation:13,,,n30-round2-three-versions-v1,2026-09-04-r2-v1
n30-round2-three-versions-v1-slot-16,,16,2,13,51,P13_DOC_A,25,D2_derived,D2_derived.html,2,right,left,2,text-enrichment-reader-round2-n30-v1:participant:16:documents:set:2:rotation:13,,,n30-round2-three-versions-v1,2026-09-04-r2-v1
n30-round2-three-versions-v1-slot-16,,16,2,14,52,P19_DOC_A,37,D2_derived,D2_derived.html,2,left,right,2,text-enrichment-reader-round2-n30-v1:participant:16:documents:set:2:rotation:13,,,n30-round2-three-versions-v1,2026-09-04-r2-v1
n30-round2-three-versions-v1-slot-16,,16,2,15,53,P4_DOC_B,8,D3_derived,D3_derived.html,4,left,right,2,text-enrichment-reader-round2-n30-v1:participant:16:documents:set:2:rotation:13,,,n30-round2-three-versions-v1,2026-09-04-r2-v1
n30-round2-three-versions-v1-slot-16,,16,2,16,54,P12_DOC_B,24,D5_maximal,D5_maximal.html,6,right,left,2,text-enrichment-reader-round2-n30-v1:participant:16:documents:set:2:rotation:13,,,n30-round2-three-versions-v1,2026-09-04-r2-v1
n30-round2-three-versions-v1-slot-16,,16,2,17,55,P16_DOC_B,32,D3_derived,D3_derived.html,4,right,left,2,text-enrichment-reader-round2-n30-v1:participant:16:documents:set:2:rotation:13,,,n30-round2-three-versions-v1,2026-09-04-r2-v1
n30-round2-three-versions-v1-slot-16,,16,2,18,56,P14_DOC_A,27,W_writer_optimal,W_writer_optimal.html,3,right,left,2,text-enrichment-reader-round2-n30-v1:participant:16:documents:set:2:rotation:13,,,n30-round2-three-versions-v1,2026-09-04-r2-v1
n30-round2-three-versions-v1-slot-16,,16,2,19,57,P16_DOC_A,31,D4_derived,D4_derived.html,5,right,left,2,text-enrichment-reader-round2-n30-v1:participant:16:documents:set:2:rotation:13,,,n30-round2-three-versions-v1,2026-09-04-r2-v1
n30-round2-three-versions-v1-slot-16,,16,2,20,58,P14_DOC_B,28,D2_derived,D2_derived.html,2,right,left,2,text-enrichment-reader-round2-n30-v1:participant:16:documents:set:2:rotation:13,,,n30-round2-three-versions-v1,2026-09-04-r2-v1
n30-round2-three-versions-v1-slot-16,,16,2,21,59,P19_DOC_B,38,D1_derived,D1_derived.html,1,right,left,2,text-enrichment-reader-round2-n30-v1:participant:16:documents:set:2:rotation:13,,,n30-round2-three-versions-v1,2026-09-04-r2-v1
n30-round2-three-versions-v1-slot-16,,16,2,22,60,P17_DOC_B,34,D4_derived,D4_derived.html,5,right,left,2,text-enrichment-reader-round2-n30-v1:participant:16:documents:set:2:rotation:13,,,n30-round2-three-versions-v1,2026-09-04-r2-v1
n30-round2-three-versions-v1-slot-16,,16,2,23,61,P5_DOC_B,10,D4_derived,D4_derived.html,5,left,right,2,text-enrichment-reader-round2-n30-v1:participant:16:documents:set:2:rotation:13,,,n30-round2-three-versions-v1,2026-09-04-r2-v1
n30-round2-three-versions-v1-slot-16,,16,2,24,62,P2_DOC_A,3,W_writer_optimal,W_writer_optimal.html,3,left,right,2,text-enrichment-reader-round2-n30-v1:participant:16:documents:set:2:rotation:13,,,n30-round2-three-versions-v1,2026-09-04-r2-v1
n30-round2-three-versions-v1-slot-16,,16,2,25,63,P9_DOC_A,17,D3_derived,D3_derived.html,4,left,right,2,text-enrichment-reader-round2-n30-v1:participant:16:documents:set:2:rotation:13,,,n30-round2-three-versions-v1,2026-09-04-r2-v1
n30-round2-three-versions-v1-slot-16,,16,2,26,64,P17_DOC_A,33,D5_maximal,D5_maximal.html,6,right,left,2,text-enrichment-reader-round2-n30-v1:participant:16:documents:set:2:rotation:13,,,n30-round2-three-versions-v1,2026-09-04-r2-v1
n30-round2-three-versions-v1-slot-16,,16,2,27,65,P4_DOC_A,7,D4_derived,D4_derived.html,5,left,right,2,text-enrichment-reader-round2-n30-v1:participant:16:documents:set:2:rotation:13,,,n30-round2-three-versions-v1,2026-09-04-r2-v1
n30-round2-three-versions-v1-slot-16,,16,2,28,66,P11_DOC_B,22,D4_derived,D4_derived.html,5,right,left,2,text-enrichment-reader-round2-n30-v1:participant:16:documents:set:2:rotation:13,,,n30-round2-three-versions-v1,2026-09-04-r2-v1
n30-round2-three-versions-v1-slot-16,,16,2,29,67,P13_DOC_B,26,D1_derived,D1_derived.html,1,right,left,2,text-enrichment-reader-round2-n30-v1:participant:16:documents:set:2:rotation:13,,,n30-round2-three-versions-v1,2026-09-04-r2-v1
n30-round2-three-versions-v1-slot-16,,16,2,30,68,P15_DOC_A,29,D3_derived,D3_derived.html,4,right,left,2,text-enrichment-reader-round2-n30-v1:participant:16:documents:set:2:rotation:13,,,n30-round2-three-versions-v1,2026-09-04-r2-v1
n30-round2-three-versions-v1-slot-16,,16,2,31,69,P9_DOC_B,18,W_writer_optimal,W_writer_optimal.html,3,left,right,2,text-enrichment-reader-round2-n30-v1:participant:16:documents:set:2:rotation:13,,,n30-round2-three-versions-v1,2026-09-04-r2-v1
n30-round2-three-versions-v1-slot-16,,16,2,32,70,P10_DOC_B,20,D3_derived,D3_derived.html,4,right,left,2,text-enrichment-reader-round2-n30-v1:participant:16:documents:set:2:rotation:13,,,n30-round2-three-versions-v1,2026-09-04-r2-v1
n30-round2-three-versions-v1-slot-16,,16,2,33,71,P1_DOC_A,1,D2_derived,D2_derived.html,2,left,right,2,text-enrichment-reader-round2-n30-v1:participant:16:documents:set:2:rotation:13,,,n30-round2-three-versions-v1,2026-09-04-r2-v1
n30-round2-three-versions-v1-slot-16,,16,2,34,72,P8_DOC_B,16,D2_derived,D2_derived.html,2,left,right,2,text-enrichment-reader-round2-n30-v1:participant:16:documents:set:2:rotation:13,,,n30-round2-three-versions-v1,2026-09-04-r2-v1
n30-round2-three-versions-v1-slot-16,,16,2,35,73,P11_DOC_A,21,D5_maximal,D5_maximal.html,6,right,left,2,text-enrichment-reader-round2-n30-v1:participant:16:documents:set:2:rotation:13,,,n30-round2-three-versions-v1,2026-09-04-r2-v1
n30-round2-three-versions-v1-slot-16,,16,2,36,74,P6_DOC_A,11,D1_derived,D1_derived.html,1,left,right,2,text-enrichment-reader-round2-n30-v1:participant:16:documents:set:2:rotation:13,,,n30-round2-three-versions-v1,2026-09-04-r2-v1
n30-round2-three-versions-v1-slot-16,,16,2,37,75,P18_DOC_B,36,D5_maximal,D5_maximal.html,6,left,right,2,text-enrichment-reader-round2-n30-v1:participant:16:documents:set:2:rotation:13,,,n30-round2-three-versions-v1,2026-09-04-r2-v1
n30-round2-three-versions-v1-slot-16,,16,2,38,76,P8_DOC_A,15,W_writer_optimal,W_writer_optimal.html,3,left,right,2,text-enrichment-reader-round2-n30-v1:participant:16:documents:set:2:rotation:13,,,n30-round2-three-versions-v1,2026-09-04-r2-v1
n30-round2-three-versions-v1-slot-16,,16,3,1,77,P19_DOC_A,37,W_writer_optimal,W_writer_optimal.html,3,right,left,3,text-enrichment-reader-round2-n30-v1:participant:16:documents:set:3:rotation:26,,,n30-round2-three-versions-v1,2026-09-04-r2-v1
n30-round2-three-versions-v1-slot-16,,16,3,2,78,P4_DOC_B,8,D1_derived,D1_derived.html,1,left,right,3,text-enrichment-reader-round2-n30-v1:participant:16:documents:set:3:rotation:26,,,n30-round2-three-versions-v1,2026-09-04-r2-v1
n30-round2-three-versions-v1-slot-16,,16,3,3,79,P12_DOC_B,24,W_writer_optimal,W_writer_optimal.html,3,right,left,3,text-enrichment-reader-round2-n30-v1:participant:16:documents:set:3:rotation:26,,,n30-round2-three-versions-v1,2026-09-04-r2-v1
n30-round2-three-versions-v1-slot-16,,16,3,4,80,P16_DOC_B,32,D1_derived,D1_derived.html,1,right,left,3,text-enrichment-reader-round2-n30-v1:participant:16:documents:set:3:rotation:26,,,n30-round2-three-versions-v1,2026-09-04-r2-v1
n30-round2-three-versions-v1-slot-16,,16,3,5,81,P14_DOC_A,27,D3_derived,D3_derived.html,4,right,left,3,text-enrichment-reader-round2-n30-v1:participant:16:documents:set:3:rotation:26,,,n30-round2-three-versions-v1,2026-09-04-r2-v1
n30-round2-three-versions-v1-slot-16,,16,3,6,82,P16_DOC_A,31,D5_maximal,D5_maximal.html,6,right,left,3,text-enrichment-reader-round2-n30-v1:participant:16:documents:set:3:rotation:26,,,n30-round2-three-versions-v1,2026-09-04-r2-v1
n30-round2-three-versions-v1-slot-16,,16,3,7,83,P14_DOC_B,28,D4_derived,D4_derived.html,5,right,left,3,text-enrichment-reader-round2-n30-v1:participant:16:documents:set:3:rotation:26,,,n30-round2-three-versions-v1,2026-09-04-r2-v1
n30-round2-three-versions-v1-slot-16,,16,3,8,84,P19_DOC_B,38,D3_derived,D3_derived.html,4,left,right,3,text-enrichment-reader-round2-n30-v1:participant:16:documents:set:3:rotation:26,,,n30-round2-three-versions-v1,2026-09-04-r2-v1
n30-round2-three-versions-v1-slot-16,,16,3,9,85,P17_DOC_B,34,D2_derived,D2_derived.html,2,right,left,3,text-enrichment-reader-round2-n30-v1:participant:16:documents:set:3:rotation:26,,,n30-round2-three-versions-v1,2026-09-04-r2-v1
n30-round2-three-versions-v1-slot-16,,16,3,10,86,P5_DOC_B,10,D2_derived,D2_derived.html,2,left,right,3,text-enrichment-reader-round2-n30-v1:participant:16:documents:set:3:rotation:26,,,n30-round2-three-versions-v1,2026-09-04-r2-v1
n30-round2-three-versions-v1-slot-16,,16,3,11,87,P2_DOC_A,3,D3_derived,D3_derived.html,4,right,left,3,text-enrichment-reader-round2-n30-v1:participant:16:documents:set:3:rotation:26,,,n30-round2-three-versions-v1,2026-09-04-r2-v1
n30-round2-three-versions-v1-slot-16,,16,3,12,88,P9_DOC_A,17,D4_derived,D4_derived.html,5,left,right,3,text-enrichment-reader-round2-n30-v1:participant:16:documents:set:3:rotation:26,,,n30-round2-three-versions-v1,2026-09-04-r2-v1
n30-round2-three-versions-v1-slot-16,,16,3,13,89,P17_DOC_A,33,D1_derived,D1_derived.html,1,right,left,3,text-enrichment-reader-round2-n30-v1:participant:16:documents:set:3:rotation:26,,,n30-round2-three-versions-v1,2026-09-04-r2-v1
n30-round2-three-versions-v1-slot-16,,16,3,14,90,P4_DOC_A,7,D5_maximal,D5_maximal.html,6,left,right,3,text-enrichment-reader-round2-n30-v1:participant:16:documents:set:3:rotation:26,,,n30-round2-three-versions-v1,2026-09-04-r2-v1
n30-round2-three-versions-v1-slot-16,,16,3,15,91,P11_DOC_B,22,D2_derived,D2_derived.html,2,right,left,3,text-enrichment-reader-round2-n30-v1:participant:16:documents:set:3:rotation:26,,,n30-round2-three-versions-v1,2026-09-04-r2-v1
n30-round2-three-versions-v1-slot-16,,16,3,16,92,P13_DOC_B,26,D3_derived,D3_derived.html,4,right,left,3,text-enrichment-reader-round2-n30-v1:participant:16:documents:set:3:rotation:26,,,n30-round2-three-versions-v1,2026-09-04-r2-v1
n30-round2-three-versions-v1-slot-16,,16,3,17,93,P15_DOC_A,29,D4_derived,D4_derived.html,5,right,left,3,text-enrichment-reader-round2-n30-v1:participant:16:documents:set:3:rotation:26,,,n30-round2-three-versions-v1,2026-09-04-r2-v1
n30-round2-three-versions-v1-slot-16,,16,3,18,94,P9_DOC_B,18,D5_maximal,D5_maximal.html,6,left,right,3,text-enrichment-reader-round2-n30-v1:participant:16:documents:set:3:rotation:26,,,n30-round2-three-versions-v1,2026-09-04-r2-v1
n30-round2-three-versions-v1-slot-16,,16,3,19,95,P10_DOC_B,20,D1_derived,D1_derived.html,1,right,left,3,text-enrichment-reader-round2-n30-v1:participant:16:documents:set:3:rotation:26,,,n30-round2-three-versions-v1,2026-09-04-r2-v1
n30-round2-three-versions-v1-slot-16,,16,3,20,96,P1_DOC_A,1,W_writer_optimal,W_writer_optimal.html,3,left,right,3,text-enrichment-reader-round2-n30-v1:participant:16:documents:set:3:rotation:26,,,n30-round2-three-versions-v1,2026-09-04-r2-v1
n30-round2-three-versions-v1-slot-16,,16,3,21,97,P8_DOC_B,16,D4_derived,D4_derived.html,5,left,right,3,text-enrichment-reader-round2-n30-v1:participant:16:documents:set:3:rotation:26,,,n30-round2-three-versions-v1,2026-09-04-r2-v1
n30-round2-three-versions-v1-slot-16,,16,3,22,98,P11_DOC_A,21,D1_derived,D1_derived.html,1,right,left,3,text-enrichment-reader-round2-n30-v1:participant:16:documents:set:3:rotation:26,,,n30-round2-three-versions-v1,2026-09-04-r2-v1
n30-round2-three-versions-v1-slot-16,,16,3,23,99,P6_DOC_A,11,D2_derived,D2_derived.html,2,left,right,3,text-enrichment-reader-round2-n30-v1:participant:16:documents:set:3:rotation:26,,,n30-round2-three-versions-v1,2026-09-04-r2-v1
n30-round2-three-versions-v1-slot-16,,16,3,24,100,P18_DOC_B,36,W_writer_optimal,W_writer_optimal.html,3,right,left,3,text-enrichment-reader-round2-n30-v1:participant:16:documents:set:3:rotation:26,,,n30-round2-three-versions-v1,2026-09-04-r2-v1
n30-round2-three-versions-v1-slot-16,,16,3,25,101,P8_DOC_A,15,D3_derived,D3_derived.html,4,left,right,3,text-enrichment-reader-round2-n30-v1:participant:16:documents:set:3:rotation:26,,,n30-round2-three-versions-v1,2026-09-04-r2-v1
n30-round2-three-versions-v1-slot-16,,16,3,26,102,P15_DOC_B,30,D5_maximal,D5_maximal.html,6,right,left,3,text-enrichment-reader-round2-n30-v1:participant:16:documents:set:3:rotation:26,,,n30-round2-three-versions-v1,2026-09-04-r2-v1
n30-round2-three-versions-v1-slot-16,,16,3,27,103,P3_DOC_A,5,D4_derived,D4_derived.html,5,left,right,3,text-enrichment-reader-round2-n30-v1:participant:16:documents:set:3:rotation:26,,,n30-round2-three-versions-v1,2026-09-04-r2-v1
n30-round2-three-versions-v1-slot-16,,16,3,28,104,P3_DOC_B,6,D5_maximal,D5_maximal.html,6,left,right,3,text-enrichment-reader-round2-n30-v1:participant:16:documents:set:3:rotation:26,,,n30-round2-three-versions-v1,2026-09-04-r2-v1
n30-round2-three-versions-v1-slot-16,,16,3,29,105,P2_DOC_B,4,D4_derived,D4_derived.html,5,left,right,3,text-enrichment-reader-round2-n30-v1:participant:16:documents:set:3:rotation:26,,,n30-round2-three-versions-v1,2026-09-04-r2-v1
n30-round2-three-versions-v1-slot-16,,16,3,30,106,P7_DOC_A,13,W_writer_optimal,W_writer_optimal.html,3,left,right,3,text-enrichment-reader-round2-n30-v1:participant:16:documents:set:3:rotation:26,,,n30-round2-three-versions-v1,2026-09-04-r2-v1
n30-round2-three-versions-v1-slot-16,,16,3,31,107,P7_DOC_B,14,D3_derived,D3_derived.html,4,left,right,3,text-enrichment-reader-round2-n30-v1:participant:16:documents:set:3:rotation:26,,,n30-round2-three-versions-v1,2026-09-04-r2-v1
n30-round2-three-versions-v1-slot-16,,16,3,32,108,P12_DOC_A,23,D2_derived,D2_derived.html,2,right,left,3,text-enrichment-reader-round2-n30-v1:participant:16:documents:set:3:rotation:26,,,n30-round2-three-versions-v1,2026-09-04-r2-v1
n30-round2-three-versions-v1-slot-16,,16,3,33,109,P10_DOC_A,19,D5_maximal,D5_maximal.html,6,left,right,3,text-enrichment-reader-round2-n30-v1:participant:16:documents:set:3:rotation:26,,,n30-round2-three-versions-v1,2026-09-04-r2-v1
n30-round2-three-versions-v1-slot-16,,16,3,34,110,P18_DOC_A,35,D2_derived,D2_derived.html,2,right,left,3,text-enrichment-reader-round2-n30-v1:participant:16:documents:set:3:rotation:26,,,n30-round2-three-versions-v1,2026-09-04-r2-v1
n30-round2-three-versions-v1-slot-16,,16,3,35,111,P6_DOC_B,12,W_writer_optimal,W_writer_optimal.html,3,left,right,3,text-enrichment-reader-round2-n30-v1:participant:16:documents:set:3:rotation:26,,,n30-round2-three-versions-v1,2026-09-04-r2-v1
n30-round2-three-versions-v1-slot-16,,16,3,36,112,P1_DOC_B,2,D3_derived,D3_derived.html,4,left,right,3,text-enrichment-reader-round2-n30-v1:participant:16:documents:set:3:rotation:26,,,n30-round2-three-versions-v1,2026-09-04-r2-v1
n30-round2-three-versions-v1-slot-16,,16,3,37,113,P5_DOC_A,9,D1_derived,D1_derived.html,1,left,right,3,text-enrichment-reader-round2-n30-v1:participant:16:documents:set:3:rotation:26,,,n30-round2-three-versions-v1,2026-09-04-r2-v1
n30-round2-three-versions-v1-slot-16,,16,3,38,114,P13_DOC_A,25,W_writer_optimal,W_writer_optimal.html,3,right,left,3,text-enrichment-reader-round2-n30-v1:participant:16:documents:set:3:rotation:26,,,n30-round2-three-versions-v1,2026-09-04-r2-v1
n30-round2-three-versions-v1-slot-17,,17,1,1,1,P1_DOC_B,2,D5_maximal,D5_maximal.html,6,left,right,1,text-enrichment-reader-round2-n30-v1:participant:17:documents:set:1:rotation:0,,,n30-round2-three-versions-v1,2026-09-04-r2-v1
n30-round2-three-versions-v1-slot-17,,17,1,2,2,P17_DOC_A,33,W_writer_optimal,W_writer_optimal.html,3,right,left,1,text-enrichment-reader-round2-n30-v1:participant:17:documents:set:1:rotation:0,,,n30-round2-three-versions-v1,2026-09-04-r2-v1
n30-round2-three-versions-v1-slot-17,,17,1,3,3,P7_DOC_A,13,D4_derived,D4_derived.html,5,left,right,1,text-enrichment-reader-round2-n30-v1:participant:17:documents:set:1:rotation:0,,,n30-round2-three-versions-v1,2026-09-04-r2-v1
n30-round2-three-versions-v1-slot-17,,17,1,4,4,P9_DOC_B,18,D2_derived,D2_derived.html,2,left,right,1,text-enrichment-reader-round2-n30-v1:participant:17:documents:set:1:rotation:0,,,n30-round2-three-versions-v1,2026-09-04-r2-v1
n30-round2-three-versions-v1-slot-17,,17,1,5,5,P4_DOC_A,7,D2_derived,D2_derived.html,2,left,right,1,text-enrichment-reader-round2-n30-v1:participant:17:documents:set:1:rotation:0,,,n30-round2-three-versions-v1,2026-09-04-r2-v1
n30-round2-three-versions-v1-slot-17,,17,1,6,6,P18_DOC_A,35,D3_derived,D3_derived.html,4,right,left,1,text-enrichment-reader-round2-n30-v1:participant:17:documents:set:1:rotation:0,,,n30-round2-three-versions-v1,2026-09-04-r2-v1
n30-round2-three-versions-v1-slot-17,,17,1,7,7,P12_DOC_A,23,D3_derived,D3_derived.html,4,right,left,1,text-enrichment-reader-round2-n30-v1:participant:17:documents:set:1:rotation:0,,,n30-round2-three-versions-v1,2026-09-04-r2-v1
n30-round2-three-versions-v1-slot-17,,17,1,8,8,P5_DOC_B,10,D3_derived,D3_derived.html,4,left,right,1,text-enrichment-reader-round2-n30-v1:participant:17:documents:set:1:rotation:0,,,n30-round2-three-versions-v1,2026-09-04-r2-v1
n30-round2-three-versions-v1-slot-17,,17,1,9,9,P16_DOC_B,32,W_writer_optimal,W_writer_optimal.html,3,right,left,1,text-enrichment-reader-round2-n30-v1:participant:17:documents:set:1:rotation:0,,,n30-round2-three-versions-v1,2026-09-04-r2-v1
n30-round2-three-versions-v1-slot-17,,17,1,10,10,P8_DOC_B,16,D1_derived,D1_derived.html,1,left,right,1,text-enrichment-reader-round2-n30-v1:participant:17:documents:set:1:rotation:0,,,n30-round2-three-versions-v1,2026-09-04-r2-v1
n30-round2-three-versions-v1-slot-17,,17,1,11,11,P11_DOC_B,22,D3_derived,D3_derived.html,4,right,left,1,text-enrichment-reader-round2-n30-v1:participant:17:documents:set:1:rotation:0,,,n30-round2-three-versions-v1,2026-09-04-r2-v1
n30-round2-three-versions-v1-slot-17,,17,1,12,12,P11_DOC_A,21,W_writer_optimal,W_writer_optimal.html,3,right,left,1,text-enrichment-reader-round2-n30-v1:participant:17:documents:set:1:rotation:0,,,n30-round2-three-versions-v1,2026-09-04-r2-v1
n30-round2-three-versions-v1-slot-17,,17,1,13,13,P1_DOC_A,1,D4_derived,D4_derived.html,5,right,left,1,text-enrichment-reader-round2-n30-v1:participant:17:documents:set:1:rotation:0,,,n30-round2-three-versions-v1,2026-09-04-r2-v1
n30-round2-three-versions-v1-slot-17,,17,1,14,14,P15_DOC_B,30,D2_derived,D2_derived.html,2,left,right,1,text-enrichment-reader-round2-n30-v1:participant:17:documents:set:1:rotation:0,,,n30-round2-three-versions-v1,2026-09-04-r2-v1
n30-round2-three-versions-v1-slot-17,,17,1,15,15,P13_DOC_A,25,D4_derived,D4_derived.html,5,right,left,1,text-enrichment-reader-round2-n30-v1:participant:17:documents:set:1:rotation:0,,,n30-round2-three-versions-v1,2026-09-04-r2-v1
n30-round2-three-versions-v1-slot-17,,17,1,16,16,P18_DOC_B,36,D4_derived,D4_derived.html,5,right,left,1,text-enrichment-reader-round2-n30-v1:participant:17:documents:set:1:rotation:0,,,n30-round2-three-versions-v1,2026-09-04-r2-v1
n30-round2-three-versions-v1-slot-17,,17,1,17,17,P6_DOC_B,12,D4_derived,D4_derived.html,5,left,right,1,text-enrichment-reader-round2-n30-v1:participant:17:documents:set:1:rotation:0,,,n30-round2-three-versions-v1,2026-09-04-r2-v1
n30-round2-three-versions-v1-slot-17,,17,1,18,18,P2_DOC_A,3,D5_maximal,D5_maximal.html,6,left,right,1,text-enrichment-reader-round2-n30-v1:participant:17:documents:set:1:rotation:0,,,n30-round2-three-versions-v1,2026-09-04-r2-v1
n30-round2-three-versions-v1-slot-17,,17,1,19,19,P16_DOC_A,31,D2_derived,D2_derived.html,2,right,left,1,text-enrichment-reader-round2-n30-v1:participant:17:documents:set:1:rotation:0,,,n30-round2-three-versions-v1,2026-09-04-r2-v1
n30-round2-three-versions-v1-slot-17,,17,1,20,20,P14_DOC_B,28,D1_derived,D1_derived.html,1,right,left,1,text-enrichment-reader-round2-n30-v1:participant:17:documents:set:1:rotation:0,,,n30-round2-three-versions-v1,2026-09-04-r2-v1
n30-round2-three-versions-v1-slot-17,,17,1,21,21,P15_DOC_A,29,D1_derived,D1_derived.html,1,right,left,1,text-enrichment-reader-round2-n30-v1:participant:17:documents:set:1:rotation:0,,,n30-round2-three-versions-v1,2026-09-04-r2-v1
n30-round2-three-versions-v1-slot-17,,17,1,22,22,P13_DOC_B,26,D5_maximal,D5_maximal.html,6,right,left,1,text-enrichment-reader-round2-n30-v1:participant:17:documents:set:1:rotation:0,,,n30-round2-three-versions-v1,2026-09-04-r2-v1
n30-round2-three-versions-v1-slot-17,,17,1,23,23,P14_DOC_A,27,D5_maximal,D5_maximal.html,6,right,left,1,text-enrichment-reader-round2-n30-v1:participant:17:documents:set:1:rotation:0,,,n30-round2-three-versions-v1,2026-09-04-r2-v1
n30-round2-three-versions-v1-slot-17,,17,1,24,24,P3_DOC_A,5,D1_derived,D1_derived.html,1,left,right,1,text-enrichment-reader-round2-n30-v1:participant:17:documents:set:1:rotation:0,,,n30-round2-three-versions-v1,2026-09-04-r2-v1
n30-round2-three-versions-v1-slot-17,,17,1,25,25,P8_DOC_A,15,D5_maximal,D5_maximal.html,6,left,right,1,text-enrichment-reader-round2-n30-v1:participant:17:documents:set:1:rotation:0,,,n30-round2-three-versions-v1,2026-09-04-r2-v1
n30-round2-three-versions-v1-slot-17,,17,1,26,26,P4_DOC_B,8,W_writer_optimal,W_writer_optimal.html,3,left,right,1,text-enrichment-reader-round2-n30-v1:participant:17:documents:set:1:rotation:0,,,n30-round2-three-versions-v1,2026-09-04-r2-v1
n30-round2-three-versions-v1-slot-17,,17,1,27,27,P7_DOC_B,14,D5_maximal,D5_maximal.html,6,left,right,1,text-enrichment-reader-round2-n30-v1:participant:17:documents:set:1:rotation:0,,,n30-round2-three-versions-v1,2026-09-04-r2-v1
n30-round2-three-versions-v1-slot-17,,17,1,28,28,P12_DOC_B,24,D4_derived,D4_derived.html,5,right,left,1,text-enrichment-reader-round2-n30-v1:participant:17:documents:set:1:rotation:0,,,n30-round2-three-versions-v1,2026-09-04-r2-v1
n30-round2-three-versions-v1-slot-17,,17,1,29,29,P3_DOC_B,6,D2_derived,D2_derived.html,2,left,right,1,text-enrichment-reader-round2-n30-v1:participant:17:documents:set:1:rotation:0,,,n30-round2-three-versions-v1,2026-09-04-r2-v1
n30-round2-three-versions-v1-slot-17,,17,1,30,30,P10_DOC_B,20,W_writer_optimal,W_writer_optimal.html,3,right,left,1,text-enrichment-reader-round2-n30-v1:participant:17:documents:set:1:rotation:0,,,n30-round2-three-versions-v1,2026-09-04-r2-v1
n30-round2-three-versions-v1-slot-17,,17,1,31,31,P5_DOC_A,9,W_writer_optimal,W_writer_optimal.html,3,left,right,1,text-enrichment-reader-round2-n30-v1:participant:17:documents:set:1:rotation:0,,,n30-round2-three-versions-v1,2026-09-04-r2-v1
n30-round2-three-versions-v1-slot-17,,17,1,32,32,P6_DOC_A,11,D3_derived,D3_derived.html,4,left,right,1,text-enrichment-reader-round2-n30-v1:participant:17:documents:set:1:rotation:0,,,n30-round2-three-versions-v1,2026-09-04-r2-v1
n30-round2-three-versions-v1-slot-17,,17,1,33,33,P9_DOC_A,17,D1_derived,D1_derived.html,1,left,right,1,text-enrichment-reader-round2-n30-v1:participant:17:documents:set:1:rotation:0,,,n30-round2-three-versions-v1,2026-09-04-r2-v1
n30-round2-three-versions-v1-slot-17,,17,1,34,34,P17_DOC_B,34,D3_derived,D3_derived.html,4,right,left,1,text-enrichment-reader-round2-n30-v1:participant:17:documents:set:1:rotation:0,,,n30-round2-three-versions-v1,2026-09-04-r2-v1
n30-round2-three-versions-v1-slot-17,,17,1,35,35,P10_DOC_A,19,D2_derived,D2_derived.html,2,left,right,1,text-enrichment-reader-round2-n30-v1:participant:17:documents:set:1:rotation:0,,,n30-round2-three-versions-v1,2026-09-04-r2-v1
n30-round2-three-versions-v1-slot-17,,17,1,36,36,P2_DOC_B,4,D1_derived,D1_derived.html,1,left,right,1,text-enrichment-reader-round2-n30-v1:participant:17:documents:set:1:rotation:0,,,n30-round2-three-versions-v1,2026-09-04-r2-v1
n30-round2-three-versions-v1-slot-17,,17,1,37,37,P19_DOC_A,37,D4_derived,D4_derived.html,5,right,left,1,text-enrichment-reader-round2-n30-v1:participant:17:documents:set:1:rotation:0,,,n30-round2-three-versions-v1,2026-09-04-r2-v1
n30-round2-three-versions-v1-slot-17,,17,1,38,38,P19_DOC_B,38,D5_maximal,D5_maximal.html,6,right,left,1,text-enrichment-reader-round2-n30-v1:participant:17:documents:set:1:rotation:0,,,n30-round2-three-versions-v1,2026-09-04-r2-v1
n30-round2-three-versions-v1-slot-17,,17,2,1,39,P15_DOC_B,30,W_writer_optimal,W_writer_optimal.html,3,right,left,2,text-enrichment-reader-round2-n30-v1:participant:17:documents:set:2:rotation:13,,,n30-round2-three-versions-v1,2026-09-04-r2-v1
n30-round2-three-versions-v1-slot-17,,17,2,2,40,P13_DOC_A,25,D2_derived,D2_derived.html,2,right,left,2,text-enrichment-reader-round2-n30-v1:participant:17:documents:set:2:rotation:13,,,n30-round2-three-versions-v1,2026-09-04-r2-v1
n30-round2-three-versions-v1-slot-17,,17,2,3,41,P18_DOC_B,36,D5_maximal,D5_maximal.html,6,right,left,2,text-enrichment-reader-round2-n30-v1:participant:17:documents:set:2:rotation:13,,,n30-round2-three-versions-v1,2026-09-04-r2-v1
n30-round2-three-versions-v1-slot-17,,17,2,4,42,P6_DOC_B,12,D5_maximal,D5_maximal.html,6,right,left,2,text-enrichment-reader-round2-n30-v1:participant:17:documents:set:2:rotation:13,,,n30-round2-three-versions-v1,2026-09-04-r2-v1
n30-round2-three-versions-v1-slot-17,,17,2,5,43,P2_DOC_A,3,W_writer_optimal,W_writer_optimal.html,3,left,right,2,text-enrichment-reader-round2-n30-v1:participant:17:documents:set:2:rotation:13,,,n30-round2-three-versions-v1,2026-09-04-r2-v1
n30-round2-three-versions-v1-slot-17,,17,2,6,44,P16_DOC_A,31,D4_derived,D4_derived.html,5,right,left,2,text-enrichment-reader-round2-n30-v1:participant:17:documents:set:2:rotation:13,,,n30-round2-three-versions-v1,2026-09-04-r2-v1
n30-round2-three-versions-v1-slot-17,,17,2,7,45,P14_DOC_B,28,D2_derived,D2_derived.html,2,right,left,2,text-enrichment-reader-round2-n30-v1:participant:17:documents:set:2:rotation:13,,,n30-round2-three-versions-v1,2026-09-04-r2-v1
n30-round2-three-versions-v1-slot-17,,17,2,8,46,P15_DOC_A,29,D3_derived,D3_derived.html,4,right,left,2,text-enrichment-reader-round2-n30-v1:participant:17:documents:set:2:rotation:13,,,n30-round2-three-versions-v1,2026-09-04-r2-v1
n30-round2-three-versions-v1-slot-17,,17,2,9,47,P13_DOC_B,26,D1_derived,D1_derived.html,1,right,left,2,text-enrichment-reader-round2-n30-v1:participant:17:documents:set:2:rotation:13,,,n30-round2-three-versions-v1,2026-09-04-r2-v1
n30-round2-three-versions-v1-slot-17,,17,2,10,48,P14_DOC_A,27,W_writer_optimal,W_writer_optimal.html,3,right,left,2,text-enrichment-reader-round2-n30-v1:participant:17:documents:set:2:rotation:13,,,n30-round2-three-versions-v1,2026-09-04-r2-v1
n30-round2-three-versions-v1-slot-17,,17,2,11,49,P3_DOC_A,5,D3_derived,D3_derived.html,4,left,right,2,text-enrichment-reader-round2-n30-v1:participant:17:documents:set:2:rotation:13,,,n30-round2-three-versions-v1,2026-09-04-r2-v1
n30-round2-three-versions-v1-slot-17,,17,2,12,50,P8_DOC_A,15,W_writer_optimal,W_writer_optimal.html,3,left,right,2,text-enrichment-reader-round2-n30-v1:participant:17:documents:set:2:rotation:13,,,n30-round2-three-versions-v1,2026-09-04-r2-v1
n30-round2-three-versions-v1-slot-17,,17,2,13,51,P4_DOC_B,8,D3_derived,D3_derived.html,4,left,right,2,text-enrichment-reader-round2-n30-v1:participant:17:documents:set:2:rotation:13,,,n30-round2-three-versions-v1,2026-09-04-r2-v1
n30-round2-three-versions-v1-slot-17,,17,2,14,52,P7_DOC_B,14,D1_derived,D1_derived.html,1,left,right,2,text-enrichment-reader-round2-n30-v1:participant:17:documents:set:2:rotation:13,,,n30-round2-three-versions-v1,2026-09-04-r2-v1
n30-round2-three-versions-v1-slot-17,,17,2,15,53,P12_DOC_B,24,D5_maximal,D5_maximal.html,6,right,left,2,text-enrichment-reader-round2-n30-v1:participant:17:documents:set:2:rotation:13,,,n30-round2-three-versions-v1,2026-09-04-r2-v1
n30-round2-three-versions-v1-slot-17,,17,2,16,54,P3_DOC_B,6,W_writer_optimal,W_writer_optimal.html,3,left,right,2,text-enrichment-reader-round2-n30-v1:participant:17:documents:set:2:rotation:13,,,n30-round2-three-versions-v1,2026-09-04-r2-v1
n30-round2-three-versions-v1-slot-17,,17,2,17,55,P10_DOC_B,20,D3_derived,D3_derived.html,4,right,left,2,text-enrichment-reader-round2-n30-v1:participant:17:documents:set:2:rotation:13,,,n30-round2-three-versions-v1,2026-09-04-r2-v1
n30-round2-three-versions-v1-slot-17,,17,2,18,56,P5_DOC_A,9,D5_maximal,D5_maximal.html,6,left,right,2,text-enrichment-reader-round2-n30-v1:participant:17:documents:set:2:rotation:13,,,n30-round2-three-versions-v1,2026-09-04-r2-v1
n30-round2-three-versions-v1-slot-17,,17,2,19,57,P6_DOC_A,11,D1_derived,D1_derived.html,1,left,right,2,text-enrichment-reader-round2-n30-v1:participant:17:documents:set:2:rotation:13,,,n30-round2-three-versions-v1,2026-09-04-r2-v1
n30-round2-three-versions-v1-slot-17,,17,2,20,58,P9_DOC_A,17,D3_derived,D3_derived.html,4,left,right,2,text-enrichment-reader-round2-n30-v1:participant:17:documents:set:2:rotation:13,,,n30-round2-three-versions-v1,2026-09-04-r2-v1
n30-round2-three-versions-v1-slot-17,,17,2,21,59,P17_DOC_B,34,D4_derived,D4_derived.html,5,right,left,2,text-enrichment-reader-round2-n30-v1:participant:17:documents:set:2:rotation:13,,,n30-round2-three-versions-v1,2026-09-04-r2-v1
n30-round2-three-versions-v1-slot-17,,17,2,22,60,P10_DOC_A,19,D4_derived,D4_derived.html,5,left,right,2,text-enrichment-reader-round2-n30-v1:participant:17:documents:set:2:rotation:13,,,n30-round2-three-versions-v1,2026-09-04-r2-v1
n30-round2-three-versions-v1-slot-17,,17,2,23,61,P2_DOC_B,4,D2_derived,D2_derived.html,2,left,right,2,text-enrichment-reader-round2-n30-v1:participant:17:documents:set:2:rotation:13,,,n30-round2-three-versions-v1,2026-09-04-r2-v1
n30-round2-three-versions-v1-slot-17,,17,2,24,62,P19_DOC_A,37,D2_derived,D2_derived.html,2,left,right,2,text-enrichment-reader-round2-n30-v1:participant:17:documents:set:2:rotation:13,,,n30-round2-three-versions-v1,2026-09-04-r2-v1
n30-round2-three-versions-v1-slot-17,,17,2,25,63,P19_DOC_B,38,D1_derived,D1_derived.html,1,right,left,2,text-enrichment-reader-round2-n30-v1:participant:17:documents:set:2:rotation:13,,,n30-round2-three-versions-v1,2026-09-04-r2-v1
n30-round2-three-versions-v1-slot-17,,17,2,26,64,P1_DOC_B,2,D1_derived,D1_derived.html,1,left,right,2,text-enrichment-reader-round2-n30-v1:participant:17:documents:set:2:rotation:13,,,n30-round2-three-versions-v1,2026-09-04-r2-v1
n30-round2-three-versions-v1-slot-17,,17,2,27,65,P17_DOC_A,33,D5_maximal,D5_maximal.html,6,right,left,2,text-enrichment-reader-round2-n30-v1:participant:17:documents:set:2:rotation:13,,,n30-round2-three-versions-v1,2026-09-04-r2-v1
n30-round2-three-versions-v1-slot-17,,17,2,28,66,P7_DOC_A,13,D2_derived,D2_derived.html,2,left,right,2,text-enrichment-reader-round2-n30-v1:participant:17:documents:set:2:rotation:13,,,n30-round2-three-versions-v1,2026-09-04-r2-v1
n30-round2-three-versions-v1-slot-17,,17,2,29,67,P9_DOC_B,18,W_writer_optimal,W_writer_optimal.html,3,left,right,2,text-enrichment-reader-round2-n30-v1:participant:17:documents:set:2:rotation:13,,,n30-round2-three-versions-v1,2026-09-04-r2-v1
n30-round2-three-versions-v1-slot-17,,17,2,30,68,P4_DOC_A,7,D4_derived,D4_derived.html,5,left,right,2,text-enrichment-reader-round2-n30-v1:participant:17:documents:set:2:rotation:13,,,n30-round2-three-versions-v1,2026-09-04-r2-v1
n30-round2-three-versions-v1-slot-17,,17,2,31,69,P18_DOC_A,35,D1_derived,D1_derived.html,1,left,right,2,text-enrichment-reader-round2-n30-v1:participant:17:documents:set:2:rotation:13,,,n30-round2-three-versions-v1,2026-09-04-r2-v1
n30-round2-three-versions-v1-slot-17,,17,2,32,70,P12_DOC_A,23,D1_derived,D1_derived.html,1,right,left,2,text-enrichment-reader-round2-n30-v1:participant:17:documents:set:2:rotation:13,,,n30-round2-three-versions-v1,2026-09-04-r2-v1
n30-round2-three-versions-v1-slot-17,,17,2,33,71,P5_DOC_B,10,D4_derived,D4_derived.html,5,right,left,2,text-enrichment-reader-round2-n30-v1:participant:17:documents:set:2:rotation:13,,,n30-round2-three-versions-v1,2026-09-04-r2-v1
n30-round2-three-versions-v1-slot-17,,17,2,34,72,P16_DOC_B,32,D3_derived,D3_derived.html,4,right,left,2,text-enrichment-reader-round2-n30-v1:participant:17:documents:set:2:rotation:13,,,n30-round2-three-versions-v1,2026-09-04-r2-v1
n30-round2-three-versions-v1-slot-17,,17,2,35,73,P8_DOC_B,16,D2_derived,D2_derived.html,2,left,right,2,text-enrichment-reader-round2-n30-v1:participant:17:documents:set:2:rotation:13,,,n30-round2-three-versions-v1,2026-09-04-r2-v1
n30-round2-three-versions-v1-slot-17,,17,2,36,74,P11_DOC_B,22,D4_derived,D4_derived.html,5,right,left,2,text-enrichment-reader-round2-n30-v1:participant:17:documents:set:2:rotation:13,,,n30-round2-three-versions-v1,2026-09-04-r2-v1
n30-round2-three-versions-v1-slot-17,,17,2,37,75,P11_DOC_A,21,D5_maximal,D5_maximal.html,6,right,left,2,text-enrichment-reader-round2-n30-v1:participant:17:documents:set:2:rotation:13,,,n30-round2-three-versions-v1,2026-09-04-r2-v1
n30-round2-three-versions-v1-slot-17,,17,2,38,76,P1_DOC_A,1,D2_derived,D2_derived.html,2,left,right,2,text-enrichment-reader-round2-n30-v1:participant:17:documents:set:2:rotation:13,,,n30-round2-three-versions-v1,2026-09-04-r2-v1
n30-round2-three-versions-v1-slot-17,,17,3,1,77,P7_DOC_B,14,W_writer_optimal,W_writer_optimal.html,3,left,right,3,text-enrichment-reader-round2-n30-v1:participant:17:documents:set:3:rotation:26,,,n30-round2-three-versions-v1,2026-09-04-r2-v1
n30-round2-three-versions-v1-slot-17,,17,3,2,78,P12_DOC_B,24,D2_derived,D2_derived.html,2,right,left,3,text-enrichment-reader-round2-n30-v1:participant:17:documents:set:3:rotation:26,,,n30-round2-three-versions-v1,2026-09-04-r2-v1
n30-round2-three-versions-v1-slot-17,,17,3,3,79,P3_DOC_B,6,D4_derived,D4_derived.html,5,left,right,3,text-enrichment-reader-round2-n30-v1:participant:17:documents:set:3:rotation:26,,,n30-round2-three-versions-v1,2026-09-04-r2-v1
n30-round2-three-versions-v1-slot-17,,17,3,4,80,P10_DOC_B,20,D5_maximal,D5_maximal.html,6,right,left,3,text-enrichment-reader-round2-n30-v1:participant:17:documents:set:3:rotation:26,,,n30-round2-three-versions-v1,2026-09-04-r2-v1
n30-round2-three-versions-v1-slot-17,,17,3,5,81,P5_DOC_A,9,D2_derived,D2_derived.html,2,left,right,3,text-enrichment-reader-round2-n30-v1:participant:17:documents:set:3:rotation:26,,,n30-round2-three-versions-v1,2026-09-04-r2-v1
n30-round2-three-versions-v1-slot-17,,17,3,6,82,P6_DOC_A,11,W_writer_optimal,W_writer_optimal.html,3,left,right,3,text-enrichment-reader-round2-n30-v1:participant:17:documents:set:3:rotation:26,,,n30-round2-three-versions-v1,2026-09-04-r2-v1
n30-round2-three-versions-v1-slot-17,,17,3,7,83,P9_DOC_A,17,D5_maximal,D5_maximal.html,6,left,right,3,text-enrichment-reader-round2-n30-v1:participant:17:documents:set:3:rotation:26,,,n30-round2-three-versions-v1,2026-09-04-r2-v1
n30-round2-three-versions-v1-slot-17,,17,3,8,84,P17_DOC_B,34,D1_derived,D1_derived.html,1,right,left,3,text-enrichment-reader-round2-n30-v1:participant:17:documents:set:3:rotation:26,,,n30-round2-three-versions-v1,2026-09-04-r2-v1
n30-round2-three-versions-v1-slot-17,,17,3,9,85,P10_DOC_A,19,D1_derived,D1_derived.html,1,left,right,3,text-enrichment-reader-round2-n30-v1:participant:17:documents:set:3:rotation:26,,,n30-round2-three-versions-v1,2026-09-04-r2-v1
n30-round2-three-versions-v1-slot-17,,17,3,10,86,P2_DOC_B,4,D3_derived,D3_derived.html,4,left,right,3,text-enrichment-reader-round2-n30-v1:participant:17:documents:set:3:rotation:26,,,n30-round2-three-versions-v1,2026-09-04-r2-v1
n30-round2-three-versions-v1-slot-17,,17,3,11,87,P19_DOC_A,37,D3_derived,D3_derived.html,4,right,left,3,text-enrichment-reader-round2-n30-v1:participant:17:documents:set:3:rotation:26,,,n30-round2-three-versions-v1,2026-09-04-r2-v1
n30-round2-three-versions-v1-slot-17,,17,3,12,88,P19_DOC_B,38,W_writer_optimal,W_writer_optimal.html,3,right,left,3,text-enrichment-reader-round2-n30-v1:participant:17:documents:set:3:rotation:26,,,n30-round2-three-versions-v1,2026-09-04-r2-v1
n30-round2-three-versions-v1-slot-17,,17,3,13,89,P1_DOC_B,2,W_writer_optimal,W_writer_optimal.html,3,left,right,3,text-enrichment-reader-round2-n30-v1:participant:17:documents:set:3:rotation:26,,,n30-round2-three-versions-v1,2026-09-04-r2-v1
n30-round2-three-versions-v1-slot-17,,17,3,14,90,P17_DOC_A,33,D2_derived,D2_derived.html,2,right,left,3,text-enrichment-reader-round2-n30-v1:participant:17:documents:set:3:rotation:26,,,n30-round2-three-versions-v1,2026-09-04-r2-v1
n30-round2-three-versions-v1-slot-17,,17,3,15,91,P7_DOC_A,13,D3_derived,D3_derived.html,4,left,right,3,text-enrichment-reader-round2-n30-v1:participant:17:documents:set:3:rotation:26,,,n30-round2-three-versions-v1,2026-09-04-r2-v1
n30-round2-three-versions-v1-slot-17,,17,3,16,92,P9_DOC_B,18,D4_derived,D4_derived.html,5,left,right,3,text-enrichment-reader-round2-n30-v1:participant:17:documents:set:3:rotation:26,,,n30-round2-three-versions-v1,2026-09-04-r2-v1
n30-round2-three-versions-v1-slot-17,,17,3,17,93,P4_DOC_A,7,D1_derived,D1_derived.html,1,left,right,3,text-enrichment-reader-round2-n30-v1:participant:17:documents:set:3:rotation:26,,,n30-round2-three-versions-v1,2026-09-04-r2-v1
n30-round2-three-versions-v1-slot-17,,17,3,18,94,P18_DOC_A,35,W_writer_optimal,W_writer_optimal.html,3,right,left,3,text-enrichment-reader-round2-n30-v1:participant:17:documents:set:3:rotation:26,,,n30-round2-three-versions-v1,2026-09-04-r2-v1
n30-round2-three-versions-v1-slot-17,,17,3,19,95,P12_DOC_A,23,W_writer_optimal,W_writer_optimal.html,3,right,left,3,text-enrichment-reader-round2-n30-v1:participant:17:documents:set:3:rotation:26,,,n30-round2-three-versions-v1,2026-09-04-r2-v1
n30-round2-three-versions-v1-slot-17,,17,3,20,96,P5_DOC_B,10,D1_derived,D1_derived.html,1,left,right,3,text-enrichment-reader-round2-n30-v1:participant:17:documents:set:3:rotation:26,,,n30-round2-three-versions-v1,2026-09-04-r2-v1
n30-round2-three-versions-v1-slot-17,,17,3,21,97,P16_DOC_B,32,D5_maximal,D5_maximal.html,6,right,left,3,text-enrichment-reader-round2-n30-v1:participant:17:documents:set:3:rotation:26,,,n30-round2-three-versions-v1,2026-09-04-r2-v1
n30-round2-three-versions-v1-slot-17,,17,3,22,98,P8_DOC_B,16,D3_derived,D3_derived.html,4,left,right,3,text-enrichment-reader-round2-n30-v1:participant:17:documents:set:3:rotation:26,,,n30-round2-three-versions-v1,2026-09-04-r2-v1
n30-round2-three-versions-v1-slot-17,,17,3,23,99,P11_DOC_B,22,D1_derived,D1_derived.html,1,right,left,3,text-enrichment-reader-round2-n30-v1:participant:17:documents:set:3:rotation:26,,,n30-round2-three-versions-v1,2026-09-04-r2-v1
n30-round2-three-versions-v1-slot-17,,17,3,24,100,P11_DOC_A,21,D2_derived,D2_derived.html,2,right,left,3,text-enrichment-reader-round2-n30-v1:participant:17:documents:set:3:rotation:26,,,n30-round2-three-versions-v1,2026-09-04-r2-v1
n30-round2-three-versions-v1-slot-17,,17,3,25,101,P1_DOC_A,1,D3_derived,D3_derived.html,4,left,right,3,text-enrichment-reader-round2-n30-v1:participant:17:documents:set:3:rotation:26,,,n30-round2-three-versions-v1,2026-09-04-r2-v1
n30-round2-three-versions-v1-slot-17,,17,3,26,102,P15_DOC_B,30,D4_derived,D4_derived.html,5,right,left,3,text-enrichment-reader-round2-n30-v1:participant:17:documents:set:3:rotation:26,,,n30-round2-three-versions-v1,2026-09-04-r2-v1
n30-round2-three-versions-v1-slot-17,,17,3,27,103,P13_DOC_A,25,D3_derived,D3_derived.html,4,right,left,3,text-enrichment-reader-round2-n30-v1:participant:17:documents:set:3:rotation:26,,,n30-round2-three-versions-v1,2026-09-04-r2-v1
n30-round2-three-versions-v1-slot-17,,17,3,28,104,P18_DOC_B,36,D2_derived,D2_derived.html,2,right,left,3,text-enrichment-reader-round2-n30-v1:participant:17:documents:set:3:rotation:26,,,n30-round2-three-versions-v1,2026-09-04-r2-v1
n30-round2-three-versions-v1-slot-17,,17,3,29,105,P6_DOC_B,12,D2_derived,D2_derived.html,2,left,right,3,text-enrichment-reader-round2-n30-v1:participant:17:documents:set:3:rotation:26,,,n30-round2-three-versions-v1,2026-09-04-r2-v1
n30-round2-three-versions-v1-slot-17,,17,3,30,106,P2_DOC_A,3,D4_derived,D4_derived.html,5,left,right,3,text-enrichment-reader-round2-n30-v1:participant:17:documents:set:3:rotation:26,,,n30-round2-three-versions-v1,2026-09-04-r2-v1
n30-round2-three-versions-v1-slot-17,,17,3,31,107,P16_DOC_A,31,D1_derived,D1_derived.html,1,right,left,3,text-enrichment-reader-round2-n30-v1:participant:17:documents:set:3:rotation:26,,,n30-round2-three-versions-v1,2026-09-04-r2-v1
n30-round2-three-versions-v1-slot-17,,17,3,32,108,P14_DOC_B,28,D3_derived,D3_derived.html,4,right,left,3,text-enrichment-reader-round2-n30-v1:participant:17:documents:set:3:rotation:26,,,n30-round2-three-versions-v1,2026-09-04-r2-v1
n30-round2-three-versions-v1-slot-17,,17,3,33,109,P15_DOC_A,29,D5_maximal,D5_maximal.html,6,right,left,3,text-enrichment-reader-round2-n30-v1:participant:17:documents:set:3:rotation:26,,,n30-round2-three-versions-v1,2026-09-04-r2-v1
n30-round2-three-versions-v1-slot-17,,17,3,34,110,P13_DOC_B,26,W_writer_optimal,W_writer_optimal.html,3,right,left,3,text-enrichment-reader-round2-n30-v1:participant:17:documents:set:3:rotation:26,,,n30-round2-three-versions-v1,2026-09-04-r2-v1
n30-round2-three-versions-v1-slot-17,,17,3,35,111,P14_DOC_A,27,D4_derived,D4_derived.html,5,right,left,3,text-enrichment-reader-round2-n30-v1:participant:17:documents:set:3:rotation:26,,,n30-round2-three-versions-v1,2026-09-04-r2-v1
n30-round2-three-versions-v1-slot-17,,17,3,36,112,P3_DOC_A,5,D5_maximal,D5_maximal.html,6,left,right,3,text-enrichment-reader-round2-n30-v1:participant:17:documents:set:3:rotation:26,,,n30-round2-three-versions-v1,2026-09-04-r2-v1
n30-round2-three-versions-v1-slot-17,,17,3,37,113,P8_DOC_A,15,D4_derived,D4_derived.html,5,left,right,3,text-enrichment-reader-round2-n30-v1:participant:17:documents:set:3:rotation:26,,,n30-round2-three-versions-v1,2026-09-04-r2-v1
n30-round2-three-versions-v1-slot-17,,17,3,38,114,P4_DOC_B,8,D5_maximal,D5_maximal.html,6,left,right,3,text-enrichment-reader-round2-n30-v1:participant:17:documents:set:3:rotation:26,,,n30-round2-three-versions-v1,2026-09-04-r2-v1
n30-round2-three-versions-v1-slot-18,,18,1,1,1,P13_DOC_A,25,D5_maximal,D5_maximal.html,6,right,left,1,text-enrichment-reader-round2-n30-v1:participant:18:documents:set:1:rotation:0,,,n30-round2-three-versions-v1,2026-09-04-r2-v1
n30-round2-three-versions-v1-slot-18,,18,1,2,2,P17_DOC_B,34,D2_derived,D2_derived.html,2,right,left,1,text-enrichment-reader-round2-n30-v1:participant:18:documents:set:1:rotation:0,,,n30-round2-three-versions-v1,2026-09-04-r2-v1
n30-round2-three-versions-v1-slot-18,,18,1,3,3,P19_DOC_B,38,D3_derived,D3_derived.html,4,right,left,1,text-enrichment-reader-round2-n30-v1:participant:18:documents:set:1:rotation:0,,,n30-round2-three-versions-v1,2026-09-04-r2-v1
n30-round2-three-versions-v1-slot-18,,18,1,4,4,P8_DOC_A,15,D1_derived,D1_derived.html,1,left,right,1,text-enrichment-reader-round2-n30-v1:participant:18:documents:set:1:rotation:0,,,n30-round2-three-versions-v1,2026-09-04-r2-v1
n30-round2-three-versions-v1-slot-18,,18,1,5,5,P8_DOC_B,16,D4_derived,D4_derived.html,5,left,right,1,text-enrichment-reader-round2-n30-v1:participant:18:documents:set:1:rotation:0,,,n30-round2-three-versions-v1,2026-09-04-r2-v1
n30-round2-three-versions-v1-slot-18,,18,1,6,6,P6_DOC_A,11,D4_derived,D4_derived.html,5,left,right,1,text-enrichment-reader-round2-n30-v1:participant:18:documents:set:1:rotation:0,,,n30-round2-three-versions-v1,2026-09-04-r2-v1
n30-round2-three-versions-v1-slot-18,,18,1,7,7,P18_DOC_A,35,D4_derived,D4_derived.html,5,right,left,1,text-enrichment-reader-round2-n30-v1:participant:18:documents:set:1:rotation:0,,,n30-round2-three-versions-v1,2026-09-04-r2-v1
n30-round2-three-versions-v1-slot-18,,18,1,8,8,P14_DOC_A,27,D1_derived,D1_derived.html,1,right,left,1,text-enrichment-reader-round2-n30-v1:participant:18:documents:set:1:rotation:0,,,n30-round2-three-versions-v1,2026-09-04-r2-v1
n30-round2-three-versions-v1-slot-18,,18,1,9,9,P13_DOC_B,26,D3_derived,D3_derived.html,4,right,left,1,text-enrichment-reader-round2-n30-v1:participant:18:documents:set:1:rotation:0,,,n30-round2-three-versions-v1,2026-09-04-r2-v1
n30-round2-three-versions-v1-slot-18,,18,1,10,10,P10_DOC_A,19,W_writer_optimal,W_writer_optimal.html,3,left,right,1,text-enrichment-reader-round2-n30-v1:participant:18:documents:set:1:rotation:0,,,n30-round2-three-versions-v1,2026-09-04-r2-v1
n30-round2-three-versions-v1-slot-18,,18,1,11,11,P16_DOC_A,31,W_writer_optimal,W_writer_optimal.html,3,right,left,1,text-enrichment-reader-round2-n30-v1:participant:18:documents:set:1:rotation:0,,,n30-round2-three-versions-v1,2026-09-04-r2-v1
n30-round2-three-versions-v1-slot-18,,18,1,12,12,P9_DOC_A,17,D2_derived,D2_derived.html,2,left,right,1,text-enrichment-reader-round2-n30-v1:participant:18:documents:set:1:rotation:0,,,n30-round2-three-versions-v1,2026-09-04-r2-v1
n30-round2-three-versions-v1-slot-18,,18,1,13,13,P18_DOC_B,36,W_writer_optimal,W_writer_optimal.html,3,right,left,1,text-enrichment-reader-round2-n30-v1:participant:18:documents:set:1:rotation:0,,,n30-round2-three-versions-v1,2026-09-04-r2-v1
n30-round2-three-versions-v1-slot-18,,18,1,14,14,P1_DOC_A,1,D5_maximal,D5_maximal.html,6,left,right,1,text-enrichment-reader-round2-n30-v1:participant:18:documents:set:1:rotation:0,,,n30-round2-three-versions-v1,2026-09-04-r2-v1
n30-round2-three-versions-v1-slot-18,,18,1,15,15,P1_DOC_B,2,D3_derived,D3_derived.html,4,left,right,1,text-enrichment-reader-round2-n30-v1:participant:18:documents:set:1:rotation:0,,,n30-round2-three-versions-v1,2026-09-04-r2-v1
n30-round2-three-versions-v1-slot-18,,18,1,16,16,P11_DOC_A,21,D3_derived,D3_derived.html,4,right,left,1,text-enrichment-reader-round2-n30-v1:participant:18:documents:set:1:rotation:0,,,n30-round2-three-versions-v1,2026-09-04-r2-v1
n30-round2-three-versions-v1-slot-18,,18,1,17,17,P15_DOC_B,30,D5_maximal,D5_maximal.html,6,right,left,1,text-enrichment-reader-round2-n30-v1:participant:18:documents:set:1:rotation:0,,,n30-round2-three-versions-v1,2026-09-04-r2-v1
n30-round2-three-versions-v1-slot-18,,18,1,18,18,P4_DOC_B,8,D1_derived,D1_derived.html,1,left,right,1,text-enrichment-reader-round2-n30-v1:participant:18:documents:set:1:rotation:0,,,n30-round2-three-versions-v1,2026-09-04-r2-v1
n30-round2-three-versions-v1-slot-18,,18,1,19,19,P14_DOC_B,28,D4_derived,D4_derived.html,5,right,left,1,text-enrichment-reader-round2-n30-v1:participant:18:documents:set:1:rotation:0,,,n30-round2-three-versions-v1,2026-09-04-r2-v1
n30-round2-three-versions-v1-slot-18,,18,1,20,20,P5_DOC_B,10,D2_derived,D2_derived.html,2,left,right,1,text-enrichment-reader-round2-n30-v1:participant:18:documents:set:1:rotation:0,,,n30-round2-three-versions-v1,2026-09-04-r2-v1
n30-round2-three-versions-v1-slot-18,,18,1,21,21,P7_DOC_B,14,D3_derived,D3_derived.html,4,left,right,1,text-enrichment-reader-round2-n30-v1:participant:18:documents:set:1:rotation:0,,,n30-round2-three-versions-v1,2026-09-04-r2-v1
n30-round2-three-versions-v1-slot-18,,18,1,22,22,P4_DOC_A,7,W_writer_optimal,W_writer_optimal.html,3,left,right,1,text-enrichment-reader-round2-n30-v1:participant:18:documents:set:1:rotation:0,,,n30-round2-three-versions-v1,2026-09-04-r2-v1
n30-round2-three-versions-v1-slot-18,,18,1,23,23,P11_DOC_B,22,D2_derived,D2_derived.html,2,right,left,1,text-enrichment-reader-round2-n30-v1:participant:18:documents:set:1:rotation:0,,,n30-round2-three-versions-v1,2026-09-04-r2-v1
n30-round2-three-versions-v1-slot-18,,18,1,24,24,P19_DOC_A,37,D5_maximal,D5_maximal.html,6,right,left,1,text-enrichment-reader-round2-n30-v1:participant:18:documents:set:1:rotation:0,,,n30-round2-three-versions-v1,2026-09-04-r2-v1
n30-round2-three-versions-v1-slot-18,,18,1,25,25,P12_DOC_B,24,W_writer_optimal,W_writer_optimal.html,3,right,left,1,text-enrichment-reader-round2-n30-v1:participant:18:documents:set:1:rotation:0,,,n30-round2-three-versions-v1,2026-09-04-r2-v1
n30-round2-three-versions-v1-slot-18,,18,1,26,26,P3_DOC_B,6,D5_maximal,D5_maximal.html,6,left,right,1,text-enrichment-reader-round2-n30-v1:participant:18:documents:set:1:rotation:0,,,n30-round2-three-versions-v1,2026-09-04-r2-v1
n30-round2-three-versions-v1-slot-18,,18,1,27,27,P9_DOC_B,18,D5_maximal,D5_maximal.html,6,left,right,1,text-enrichment-reader-round2-n30-v1:participant:18:documents:set:1:rotation:0,,,n30-round2-three-versions-v1,2026-09-04-r2-v1
n30-round2-three-versions-v1-slot-18,,18,1,28,28,P5_DOC_A,9,D3_derived,D3_derived.html,4,left,right,1,text-enrichment-reader-round2-n30-v1:participant:18:documents:set:1:rotation:0,,,n30-round2-three-versions-v1,2026-09-04-r2-v1
n30-round2-three-versions-v1-slot-18,,18,1,29,29,P10_DOC_B,20,D1_derived,D1_derived.html,1,right,left,1,text-enrichment-reader-round2-n30-v1:participant:18:documents:set:1:rotation:0,,,n30-round2-three-versions-v1,2026-09-04-r2-v1
n30-round2-three-versions-v1-slot-18,,18,1,30,30,P2_DOC_A,3,D1_derived,D1_derived.html,1,left,right,1,text-enrichment-reader-round2-n30-v1:participant:18:documents:set:1:rotation:0,,,n30-round2-three-versions-v1,2026-09-04-r2-v1
n30-round2-three-versions-v1-slot-18,,18,1,31,31,P2_DOC_B,4,D4_derived,D4_derived.html,5,left,right,1,text-enrichment-reader-round2-n30-v1:participant:18:documents:set:1:rotation:0,,,n30-round2-three-versions-v1,2026-09-04-r2-v1
n30-round2-three-versions-v1-slot-18,,18,1,32,32,P15_DOC_A,29,D2_derived,D2_derived.html,2,right,left,1,text-enrichment-reader-round2-n30-v1:participant:18:documents:set:1:rotation:0,,,n30-round2-three-versions-v1,2026-09-04-r2-v1
n30-round2-three-versions-v1-slot-18,,18,1,33,33,P12_DOC_A,23,D4_derived,D4_derived.html,5,right,left,1,text-enrichment-reader-round2-n30-v1:participant:18:documents:set:1:rotation:0,,,n30-round2-three-versions-v1,2026-09-04-r2-v1
n30-round2-three-versions-v1-slot-18,,18,1,34,34,P6_DOC_B,12,W_writer_optimal,W_writer_optimal.html,3,left,right,1,text-enrichment-reader-round2-n30-v1:participant:18:documents:set:1:rotation:0,,,n30-round2-three-versions-v1,2026-09-04-r2-v1
n30-round2-three-versions-v1-slot-18,,18,1,35,35,P7_DOC_A,13,D5_maximal,D5_maximal.html,6,left,right,1,text-enrichment-reader-round2-n30-v1:participant:18:documents:set:1:rotation:0,,,n30-round2-three-versions-v1,2026-09-04-r2-v1
n30-round2-three-versions-v1-slot-18,,18,1,36,36,P17_DOC_A,33,D3_derived,D3_derived.html,4,right,left,1,text-enrichment-reader-round2-n30-v1:participant:18:documents:set:1:rotation:0,,,n30-round2-three-versions-v1,2026-09-04-r2-v1
n30-round2-three-versions-v1-slot-18,,18,1,37,37,P3_DOC_A,5,D2_derived,D2_derived.html,2,left,right,1,text-enrichment-reader-round2-n30-v1:participant:18:documents:set:1:rotation:0,,,n30-round2-three-versions-v1,2026-09-04-r2-v1
n30-round2-three-versions-v1-slot-18,,18,1,38,38,P16_DOC_B,32,D1_derived,D1_derived.html,1,right,left,1,text-enrichment-reader-round2-n30-v1:participant:18:documents:set:1:rotation:0,,,n30-round2-three-versions-v1,2026-09-04-r2-v1
n30-round2-three-versions-v1-slot-18,,18,2,1,39,P1_DOC_A,1,D2_derived,D2_derived.html,2,left,right,2,text-enrichment-reader-round2-n30-v1:participant:18:documents:set:2:rotation:13,,,n30-round2-three-versions-v1,2026-09-04-r2-v1
n30-round2-three-versions-v1-slot-18,,18,2,2,40,P1_DOC_B,2,D1_derived,D1_derived.html,1,left,right,2,text-enrichment-reader-round2-n30-v1:participant:18:documents:set:2:rotation:13,,,n30-round2-three-versions-v1,2026-09-04-r2-v1
n30-round2-three-versions-v1-slot-18,,18,2,3,41,P11_DOC_A,21,D5_maximal,D5_maximal.html,6,right,left,2,text-enrichment-reader-round2-n30-v1:participant:18:documents:set:2:rotation:13,,,n30-round2-three-versions-v1,2026-09-04-r2-v1
n30-round2-three-versions-v1-slot-18,,18,2,4,42,P15_DOC_B,30,W_writer_optimal,W_writer_optimal.html,3,right,left,2,text-enrichment-reader-round2-n30-v1:participant:18:documents:set:2:rotation:13,,,n30-round2-three-versions-v1,2026-09-04-r2-v1
n30-round2-three-versions-v1-slot-18,,18,2,5,43,P4_DOC_B,8,D3_derived,D3_derived.html,4,left,right,2,text-enrichment-reader-round2-n30-v1:participant:18:documents:set:2:rotation:13,,,n30-round2-three-versions-v1,2026-09-04-r2-v1
n30-round2-three-versions-v1-slot-18,,18,2,6,44,P14_DOC_B,28,D2_derived,D2_derived.html,2,right,left,2,text-enrichment-reader-round2-n30-v1:participant:18:documents:set:2:rotation:13,,,n30-round2-three-versions-v1,2026-09-04-r2-v1
n30-round2-three-versions-v1-slot-18,,18,2,7,45,P5_DOC_B,10,D4_derived,D4_derived.html,5,left,right,2,text-enrichment-reader-round2-n30-v1:participant:18:documents:set:2:rotation:13,,,n30-round2-three-versions-v1,2026-09-04-r2-v1
n30-round2-three-versions-v1-slot-18,,18,2,8,46,P7_DOC_B,14,D1_derived,D1_derived.html,1,left,right,2,text-enrichment-reader-round2-n30-v1:participant:18:documents:set:2:rotation:13,,,n30-round2-three-versions-v1,2026-09-04-r2-v1
n30-round2-three-versions-v1-slot-18,,18,2,9,47,P4_DOC_A,7,D4_derived,D4_derived.html,5,left,right,2,text-enrichment-reader-round2-n30-v1:participant:18:documents:set:2:rotation:13,,,n30-round2-three-versions-v1,2026-09-04-r2-v1
n30-round2-three-versions-v1-slot-18,,18,2,10,48,P11_DOC_B,22,D4_derived,D4_derived.html,5,right,left,2,text-enrichment-reader-round2-n30-v1:participant:18:documents:set:2:rotation:13,,,n30-round2-three-versions-v1,2026-09-04-r2-v1
n30-round2-three-versions-v1-slot-18,,18,2,11,49,P19_DOC_A,37,D2_derived,D2_derived.html,2,right,left,2,text-enrichment-reader-round2-n30-v1:participant:18:documents:set:2:rotation:13,,,n30-round2-three-versions-v1,2026-09-04-r2-v1
n30-round2-three-versions-v1-slot-18,,18,2,12,50,P12_DOC_B,24,D5_maximal,D5_maximal.html,6,right,left,2,text-enrichment-reader-round2-n30-v1:participant:18:documents:set:2:rotation:13,,,n30-round2-three-versions-v1,2026-09-04-r2-v1
n30-round2-three-versions-v1-slot-18,,18,2,13,51,P3_DOC_B,6,W_writer_optimal,W_writer_optimal.html,3,left,right,2,text-enrichment-reader-round2-n30-v1:participant:18:documents:set:2:rotation:13,,,n30-round2-three-versions-v1,2026-09-04-r2-v1
n30-round2-three-versions-v1-slot-18,,18,2,14,52,P9_DOC_B,18,W_writer_optimal,W_writer_optimal.html,3,left,right,2,text-enrichment-reader-round2-n30-v1:participant:18:documents:set:2:rotation:13,,,n30-round2-three-versions-v1,2026-09-04-r2-v1
n30-round2-three-versions-v1-slot-18,,18,2,15,53,P5_DOC_A,9,D5_maximal,D5_maximal.html,6,left,right,2,text-enrichment-reader-round2-n30-v1:participant:18:documents:set:2:rotation:13,,,n30-round2-three-versions-v1,2026-09-04-r2-v1
n30-round2-three-versions-v1-slot-18,,18,2,16,54,P10_DOC_B,20,D3_derived,D3_derived.html,4,right,left,2,text-enrichment-reader-round2-n30-v1:participant:18:documents:set:2:rotation:13,,,n30-round2-three-versions-v1,2026-09-04-r2-v1
n30-round2-three-versions-v1-slot-18,,18,2,17,55,P2_DOC_A,3,W_writer_optimal,W_writer_optimal.html,3,left,right,2,text-enrichment-reader-round2-n30-v1:participant:18:documents:set:2:rotation:13,,,n30-round2-three-versions-v1,2026-09-04-r2-v1
n30-round2-three-versions-v1-slot-18,,18,2,18,56,P2_DOC_B,4,D2_derived,D2_derived.html,2,left,right,2,text-enrichment-reader-round2-n30-v1:participant:18:documents:set:2:rotation:13,,,n30-round2-three-versions-v1,2026-09-04-r2-v1
n30-round2-three-versions-v1-slot-18,,18,2,19,57,P15_DOC_A,29,D3_derived,D3_derived.html,4,right,left,2,text-enrichment-reader-round2-n30-v1:participant:18:documents:set:2:rotation:13,,,n30-round2-three-versions-v1,2026-09-04-r2-v1
n30-round2-three-versions-v1-slot-18,,18,2,20,58,P12_DOC_A,23,D1_derived,D1_derived.html,1,right,left,2,text-enrichment-reader-round2-n30-v1:participant:18:documents:set:2:rotation:13,,,n30-round2-three-versions-v1,2026-09-04-r2-v1
n30-round2-three-versions-v1-slot-18,,18,2,21,59,P6_DOC_B,12,D5_maximal,D5_maximal.html,6,left,right,2,text-enrichment-reader-round2-n30-v1:participant:18:documents:set:2:rotation:13,,,n30-round2-three-versions-v1,2026-09-04-r2-v1
n30-round2-three-versions-v1-slot-18,,18,2,22,60,P7_DOC_A,13,D2_derived,D2_derived.html,2,left,right,2,text-enrichment-reader-round2-n30-v1:participant:18:documents:set:2:rotation:13,,,n30-round2-three-versions-v1,2026-09-04-r2-v1
n30-round2-three-versions-v1-slot-18,,18,2,23,61,P17_DOC_A,33,D5_maximal,D5_maximal.html,6,right,left,2,text-enrichment-reader-round2-n30-v1:participant:18:documents:set:2:rotation:13,,,n30-round2-three-versions-v1,2026-09-04-r2-v1
n30-round2-three-versions-v1-slot-18,,18,2,24,62,P3_DOC_A,5,D3_derived,D3_derived.html,4,left,right,2,text-enrichment-reader-round2-n30-v1:participant:18:documents:set:2:rotation:13,,,n30-round2-three-versions-v1,2026-09-04-r2-v1
n30-round2-three-versions-v1-slot-18,,18,2,25,63,P16_DOC_B,32,D3_derived,D3_derived.html,4,right,left,2,text-enrichment-reader-round2-n30-v1:participant:18:documents:set:2:rotation:13,,,n30-round2-three-versions-v1,2026-09-04-r2-v1
n30-round2-three-versions-v1-slot-18,,18,2,26,64,P13_DOC_A,25,D2_derived,D2_derived.html,2,right,left,2,text-enrichment-reader-round2-n30-v1:participant:18:documents:set:2:rotation:13,,,n30-round2-three-versions-v1,2026-09-04-r2-v1
n30-round2-three-versions-v1-slot-18,,18,2,27,65,P17_DOC_B,34,D4_derived,D4_derived.html,5,right,left,2,text-enrichment-reader-round2-n30-v1:participant:18:documents:set:2:rotation:13,,,n30-round2-three-versions-v1,2026-09-04-r2-v1
n30-round2-three-versions-v1-slot-18,,18,2,28,66,P19_DOC_B,38,D1_derived,D1_derived.html,1,right,left,2,text-enrichment-reader-round2-n30-v1:participant:18:documents:set:2:rotation:13,,,n30-round2-three-versions-v1,2026-09-04-r2-v1
n30-round2-three-versions-v1-slot-18,,18,2,29,67,P8_DOC_A,15,W_writer_optimal,W_writer_optimal.html,3,left,right,2,text-enrichment-reader-round2-n30-v1:participant:18:documents:set:2:rotation:13,,,n30-round2-three-versions-v1,2026-09-04-r2-v1
n30-round2-three-versions-v1-slot-18,,18,2,30,68,P8_DOC_B,16,D2_derived,D2_derived.html,2,left,right,2,text-enrichment-reader-round2-n30-v1:participant:18:documents:set:2:rotation:13,,,n30-round2-three-versions-v1,2026-09-04-r2-v1
n30-round2-three-versions-v1-slot-18,,18,2,31,69,P6_DOC_A,11,D1_derived,D1_derived.html,1,left,right,2,text-enrichment-reader-round2-n30-v1:participant:18:documents:set:2:rotation:13,,,n30-round2-three-versions-v1,2026-09-04-r2-v1
n30-round2-three-versions-v1-slot-18,,18,2,32,70,P18_DOC_A,35,D1_derived,D1_derived.html,1,right,left,2,text-enrichment-reader-round2-n30-v1:participant:18:documents:set:2:rotation:13,,,n30-round2-three-versions-v1,2026-09-04-r2-v1
n30-round2-three-versions-v1-slot-18,,18,2,33,71,P14_DOC_A,27,W_writer_optimal,W_writer_optimal.html,3,right,left,2,text-enrichment-reader-round2-n30-v1:participant:18:documents:set:2:rotation:13,,,n30-round2-three-versions-v1,2026-09-04-r2-v1
n30-round2-three-versions-v1-slot-18,,18,2,34,72,P13_DOC_B,26,D1_derived,D1_derived.html,1,right,left,2,text-enrichment-reader-round2-n30-v1:participant:18:documents:set:2:rotation:13,,,n30-round2-three-versions-v1,2026-09-04-r2-v1
n30-round2-three-versions-v1-slot-18,,18,2,35,73,P10_DOC_A,19,D4_derived,D4_derived.html,5,left,right,2,text-enrichment-reader-round2-n30-v1:participant:18:documents:set:2:rotation:13,,,n30-round2-three-versions-v1,2026-09-04-r2-v1
n30-round2-three-versions-v1-slot-18,,18,2,36,74,P16_DOC_A,31,D4_derived,D4_derived.html,5,right,left,2,text-enrichment-reader-round2-n30-v1:participant:18:documents:set:2:rotation:13,,,n30-round2-three-versions-v1,2026-09-04-r2-v1
n30-round2-three-versions-v1-slot-18,,18,2,37,75,P9_DOC_A,17,D3_derived,D3_derived.html,4,left,right,2,text-enrichment-reader-round2-n30-v1:participant:18:documents:set:2:rotation:13,,,n30-round2-three-versions-v1,2026-09-04-r2-v1
n30-round2-three-versions-v1-slot-18,,18,2,38,76,P18_DOC_B,36,D5_maximal,D5_maximal.html,6,right,left,2,text-enrichment-reader-round2-n30-v1:participant:18:documents:set:2:rotation:13,,,n30-round2-three-versions-v1,2026-09-04-r2-v1
n30-round2-three-versions-v1-slot-18,,18,3,1,77,P9_DOC_B,18,D4_derived,D4_derived.html,5,left,right,3,text-enrichment-reader-round2-n30-v1:participant:18:documents:set:3:rotation:26,,,n30-round2-three-versions-v1,2026-09-04-r2-v1
n30-round2-three-versions-v1-slot-18,,18,3,2,78,P5_DOC_A,9,W_writer_optimal,W_writer_optimal.html,3,left,right,3,text-enrichment-reader-round2-n30-v1:participant:18:documents:set:3:rotation:26,,,n30-round2-three-versions-v1,2026-09-04-r2-v1
n30-round2-three-versions-v1-slot-18,,18,3,3,79,P10_DOC_B,20,D5_maximal,D5_maximal.html,6,right,left,3,text-enrichment-reader-round2-n30-v1:participant:18:documents:set:3:rotation:26,,,n30-round2-three-versions-v1,2026-09-04-r2-v1
n30-round2-three-versions-v1-slot-18,,18,3,4,80,P2_DOC_A,3,D5_maximal,D5_maximal.html,6,left,right,3,text-enrichment-reader-round2-n30-v1:participant:18:documents:set:3:rotation:26,,,n30-round2-three-versions-v1,2026-09-04-r2-v1
n30-round2-three-versions-v1-slot-18,,18,3,5,81,P2_DOC_B,4,D3_derived,D3_derived.html,4,left,right,3,text-enrichment-reader-round2-n30-v1:participant:18:documents:set:3:rotation:26,,,n30-round2-three-versions-v1,2026-09-04-r2-v1
n30-round2-three-versions-v1-slot-18,,18,3,6,82,P15_DOC_A,29,D1_derived,D1_derived.html,1,right,left,3,text-enrichment-reader-round2-n30-v1:participant:18:documents:set:3:rotation:26,,,n30-round2-three-versions-v1,2026-09-04-r2-v1
n30-round2-three-versions-v1-slot-18,,18,3,7,83,P12_DOC_A,23,D3_derived,D3_derived.html,4,right,left,3,text-enrichment-reader-round2-n30-v1:participant:18:documents:set:3:rotation:26,,,n30-round2-three-versions-v1,2026-09-04-r2-v1
n30-round2-three-versions-v1-slot-18,,18,3,8,84,P6_DOC_B,12,D2_derived,D2_derived.html,2,left,right,3,text-enrichment-reader-round2-n30-v1:participant:18:documents:set:3:rotation:26,,,n30-round2-three-versions-v1,2026-09-04-r2-v1
n30-round2-three-versions-v1-slot-18,,18,3,9,85,P7_DOC_A,13,D4_derived,D4_derived.html,5,left,right,3,text-enrichment-reader-round2-n30-v1:participant:18:documents:set:3:rotation:26,,,n30-round2-three-versions-v1,2026-09-04-r2-v1
n30-round2-three-versions-v1-slot-18,,18,3,10,86,P17_DOC_A,33,W_writer_optimal,W_writer_optimal.html,3,right,left,3,text-enrichment-reader-round2-n30-v1:participant:18:documents:set:3:rotation:26,,,n30-round2-three-versions-v1,2026-09-04-r2-v1
n30-round2-three-versions-v1-slot-18,,18,3,11,87,P3_DOC_A,5,D1_derived,D1_derived.html,1,left,right,3,text-enrichment-reader-round2-n30-v1:participant:18:documents:set:3:rotation:26,,,n30-round2-three-versions-v1,2026-09-04-r2-v1
n30-round2-three-versions-v1-slot-18,,18,3,12,88,P16_DOC_B,32,D5_maximal,D5_maximal.html,6,right,left,3,text-enrichment-reader-round2-n30-v1:participant:18:documents:set:3:rotation:26,,,n30-round2-three-versions-v1,2026-09-04-r2-v1
n30-round2-three-versions-v1-slot-18,,18,3,13,89,P13_DOC_A,25,D4_derived,D4_derived.html,5,right,left,3,text-enrichment-reader-round2-n30-v1:participant:18:documents:set:3:rotation:26,,,n30-round2-three-versions-v1,2026-09-04-r2-v1
n30-round2-three-versions-v1-slot-18,,18,3,14,90,P17_DOC_B,34,D1_derived,D1_derived.html,1,right,left,3,text-enrichment-reader-round2-n30-v1:participant:18:documents:set:3:rotation:26,,,n30-round2-three-versions-v1,2026-09-04-r2-v1
n30-round2-three-versions-v1-slot-18,,18,3,15,91,P19_DOC_B,38,W_writer_optimal,W_writer_optimal.html,3,right,left,3,text-enrichment-reader-round2-n30-v1:participant:18:documents:set:3:rotation:26,,,n30-round2-three-versions-v1,2026-09-04-r2-v1
n30-round2-three-versions-v1-slot-18,,18,3,16,92,P8_DOC_A,15,D5_maximal,D5_maximal.html,6,left,right,3,text-enrichment-reader-round2-n30-v1:participant:18:documents:set:3:rotation:26,,,n30-round2-three-versions-v1,2026-09-04-r2-v1
n30-round2-three-versions-v1-slot-18,,18,3,17,93,P8_DOC_B,16,D3_derived,D3_derived.html,4,left,right,3,text-enrichment-reader-round2-n30-v1:participant:18:documents:set:3:rotation:26,,,n30-round2-three-versions-v1,2026-09-04-r2-v1
n30-round2-three-versions-v1-slot-18,,18,3,18,94,P6_DOC_A,11,D3_derived,D3_derived.html,4,left,right,3,text-enrichment-reader-round2-n30-v1:participant:18:documents:set:3:rotation:26,,,n30-round2-three-versions-v1,2026-09-04-r2-v1
n30-round2-three-versions-v1-slot-18,,18,3,19,95,P18_DOC_A,35,D3_derived,D3_derived.html,4,right,left,3,text-enrichment-reader-round2-n30-v1:participant:18:documents:set:3:rotation:26,,,n30-round2-three-versions-v1,2026-09-04-r2-v1
n30-round2-three-versions-v1-slot-18,,18,3,20,96,P14_DOC_A,27,D5_maximal,D5_maximal.html,6,right,left,3,text-enrichment-reader-round2-n30-v1:participant:18:documents:set:3:rotation:26,,,n30-round2-three-versions-v1,2026-09-04-r2-v1
n30-round2-three-versions-v1-slot-18,,18,3,21,97,P13_DOC_B,26,W_writer_optimal,W_writer_optimal.html,3,right,left,3,text-enrichment-reader-round2-n30-v1:participant:18:documents:set:3:rotation:26,,,n30-round2-three-versions-v1,2026-09-04-r2-v1
n30-round2-three-versions-v1-slot-18,,18,3,22,98,P10_DOC_A,19,D2_derived,D2_derived.html,2,left,right,3,text-enrichment-reader-round2-n30-v1:participant:18:documents:set:3:rotation:26,,,n30-round2-three-versions-v1,2026-09-04-r2-v1
n30-round2-three-versions-v1-slot-18,,18,3,23,99,P16_DOC_A,31,D2_derived,D2_derived.html,2,right,left,3,text-enrichment-reader-round2-n30-v1:participant:18:documents:set:3:rotation:26,,,n30-round2-three-versions-v1,2026-09-04-r2-v1
n30-round2-three-versions-v1-slot-18,,18,3,24,100,P9_DOC_A,17,D1_derived,D1_derived.html,1,left,right,3,text-enrichment-reader-round2-n30-v1:participant:18:documents:set:3:rotation:26,,,n30-round2-three-versions-v1,2026-09-04-r2-v1
n30-round2-three-versions-v1-slot-18,,18,3,25,101,P18_DOC_B,36,D2_derived,D2_derived.html,2,right,left,3,text-enrichment-reader-round2-n30-v1:participant:18:documents:set:3:rotation:26,,,n30-round2-three-versions-v1,2026-09-04-r2-v1
n30-round2-three-versions-v1-slot-18,,18,3,26,102,P1_DOC_A,1,D4_derived,D4_derived.html,5,left,right,3,text-enrichment-reader-round2-n30-v1:participant:18:documents:set:3:rotation:26,,,n30-round2-three-versions-v1,2026-09-04-r2-v1
n30-round2-three-versions-v1-slot-18,,18,3,27,103,P1_DOC_B,2,W_writer_optimal,W_writer_optimal.html,3,left,right,3,text-enrichment-reader-round2-n30-v1:participant:18:documents:set:3:rotation:26,,,n30-round2-three-versions-v1,2026-09-04-r2-v1
n30-round2-three-versions-v1-slot-18,,18,3,28,104,P11_DOC_A,21,W_writer_optimal,W_writer_optimal.html,3,right,left,3,text-enrichment-reader-round2-n30-v1:participant:18:documents:set:3:rotation:26,,,n30-round2-three-versions-v1,2026-09-04-r2-v1
n30-round2-three-versions-v1-slot-18,,18,3,29,105,P15_DOC_B,30,D4_derived,D4_derived.html,5,right,left,3,text-enrichment-reader-round2-n30-v1:participant:18:documents:set:3:rotation:26,,,n30-round2-three-versions-v1,2026-09-04-r2-v1
n30-round2-three-versions-v1-slot-18,,18,3,30,106,P4_DOC_B,8,D5_maximal,D5_maximal.html,6,left,right,3,text-enrichment-reader-round2-n30-v1:participant:18:documents:set:3:rotation:26,,,n30-round2-three-versions-v1,2026-09-04-r2-v1
n30-round2-three-versions-v1-slot-18,,18,3,31,107,P14_DOC_B,28,D3_derived,D3_derived.html,4,right,left,3,text-enrichment-reader-round2-n30-v1:participant:18:documents:set:3:rotation:26,,,n30-round2-three-versions-v1,2026-09-04-r2-v1
n30-round2-three-versions-v1-slot-18,,18,3,32,108,P5_DOC_B,10,D1_derived,D1_derived.html,1,left,right,3,text-enrichment-reader-round2-n30-v1:participant:18:documents:set:3:rotation:26,,,n30-round2-three-versions-v1,2026-09-04-r2-v1
n30-round2-three-versions-v1-slot-18,,18,3,33,109,P7_DOC_B,14,W_writer_optimal,W_writer_optimal.html,3,left,right,3,text-enrichment-reader-round2-n30-v1:participant:18:documents:set:3:rotation:26,,,n30-round2-three-versions-v1,2026-09-04-r2-v1
n30-round2-three-versions-v1-slot-18,,18,3,34,110,P4_DOC_A,7,D2_derived,D2_derived.html,2,left,right,3,text-enrichment-reader-round2-n30-v1:participant:18:documents:set:3:rotation:26,,,n30-round2-three-versions-v1,2026-09-04-r2-v1
n30-round2-three-versions-v1-slot-18,,18,3,35,111,P11_DOC_B,22,D1_derived,D1_derived.html,1,right,left,3,text-enrichment-reader-round2-n30-v1:participant:18:documents:set:3:rotation:26,,,n30-round2-three-versions-v1,2026-09-04-r2-v1
n30-round2-three-versions-v1-slot-18,,18,3,36,112,P19_DOC_A,37,D4_derived,D4_derived.html,5,right,left,3,text-enrichment-reader-round2-n30-v1:participant:18:documents:set:3:rotation:26,,,n30-round2-three-versions-v1,2026-09-04-r2-v1
n30-round2-three-versions-v1-slot-18,,18,3,37,113,P12_DOC_B,24,D2_derived,D2_derived.html,2,right,left,3,text-enrichment-reader-round2-n30-v1:participant:18:documents:set:3:rotation:26,,,n30-round2-three-versions-v1,2026-09-04-r2-v1
n30-round2-three-versions-v1-slot-18,,18,3,38,114,P3_DOC_B,6,D4_derived,D4_derived.html,5,left,right,3,text-enrichment-reader-round2-n30-v1:participant:18:documents:set:3:rotation:26,,,n30-round2-three-versions-v1,2026-09-04-r2-v1
n30-round2-three-versions-v1-slot-19,,19,1,1,1,P13_DOC_A,25,D4_derived,D4_derived.html,5,right,left,1,text-enrichment-reader-round2-n30-v1:participant:19:documents:set:1:rotation:0,,,n30-round2-three-versions-v1,2026-09-04-r2-v1
n30-round2-three-versions-v1-slot-19,,19,1,2,2,P12_DOC_B,24,D4_derived,D4_derived.html,5,right,left,1,text-enrichment-reader-round2-n30-v1:participant:19:documents:set:1:rotation:0,,,n30-round2-three-versions-v1,2026-09-04-r2-v1
n30-round2-three-versions-v1-slot-19,,19,1,3,3,P3_DOC_B,6,D2_derived,D2_derived.html,2,left,right,1,text-enrichment-reader-round2-n30-v1:participant:19:documents:set:1:rotation:0,,,n30-round2-three-versions-v1,2026-09-04-r2-v1
n30-round2-three-versions-v1-slot-19,,19,1,4,4,P18_DOC_B,36,D4_derived,D4_derived.html,5,right,left,1,text-enrichment-reader-round2-n30-v1:participant:19:documents:set:1:rotation:0,,,n30-round2-three-versions-v1,2026-09-04-r2-v1
n30-round2-three-versions-v1-slot-19,,19,1,5,5,P10_DOC_B,20,W_writer_optimal,W_writer_optimal.html,3,right,left,1,text-enrichment-reader-round2-n30-v1:participant:19:documents:set:1:rotation:0,,,n30-round2-three-versions-v1,2026-09-04-r2-v1
n30-round2-three-versions-v1-slot-19,,19,1,6,6,P1_DOC_B,2,D5_maximal,D5_maximal.html,6,left,right,1,text-enrichment-reader-round2-n30-v1:participant:19:documents:set:1:rotation:0,,,n30-round2-three-versions-v1,2026-09-04-r2-v1
n30-round2-three-versions-v1-slot-19,,19,1,7,7,P19_DOC_B,38,D5_maximal,D5_maximal.html,6,left,right,1,text-enrichment-reader-round2-n30-v1:participant:19:documents:set:1:rotation:0,,,n30-round2-three-versions-v1,2026-09-04-r2-v1
n30-round2-three-versions-v1-slot-19,,19,1,8,8,P4_DOC_A,7,D2_derived,D2_derived.html,2,left,right,1,text-enrichment-reader-round2-n30-v1:participant:19:documents:set:1:rotation:0,,,n30-round2-three-versions-v1,2026-09-04-r2-v1
n30-round2-three-versions-v1-slot-19,,19,1,9,9,P17_DOC_B,34,D3_derived,D3_derived.html,4,right,left,1,text-enrichment-reader-round2-n30-v1:participant:19:documents:set:1:rotation:0,,,n30-round2-three-versions-v1,2026-09-04-r2-v1
n30-round2-three-versions-v1-slot-19,,19,1,10,10,P11_DOC_A,21,W_writer_optimal,W_writer_optimal.html,3,right,left,1,text-enrichment-reader-round2-n30-v1:participant:19:documents:set:1:rotation:0,,,n30-round2-three-versions-v1,2026-09-04-r2-v1
n30-round2-three-versions-v1-slot-19,,19,1,11,11,P16_DOC_B,32,W_writer_optimal,W_writer_optimal.html,3,right,left,1,text-enrichment-reader-round2-n30-v1:participant:19:documents:set:1:rotation:0,,,n30-round2-three-versions-v1,2026-09-04-r2-v1
n30-round2-three-versions-v1-slot-19,,19,1,12,12,P3_DOC_A,5,D1_derived,D1_derived.html,1,left,right,1,text-enrichment-reader-round2-n30-v1:participant:19:documents:set:1:rotation:0,,,n30-round2-three-versions-v1,2026-09-04-r2-v1
n30-round2-three-versions-v1-slot-19,,19,1,13,13,P7_DOC_B,14,D5_maximal,D5_maximal.html,6,left,right,1,text-enrichment-reader-round2-n30-v1:participant:19:documents:set:1:rotation:0,,,n30-round2-three-versions-v1,2026-09-04-r2-v1
n30-round2-three-versions-v1-slot-19,,19,1,14,14,P17_DOC_A,33,W_writer_optimal,W_writer_optimal.html,3,right,left,1,text-enrichment-reader-round2-n30-v1:participant:19:documents:set:1:rotation:0,,,n30-round2-three-versions-v1,2026-09-04-r2-v1
n30-round2-three-versions-v1-slot-19,,19,1,15,15,P9_DOC_A,17,D1_derived,D1_derived.html,1,left,right,1,text-enrichment-reader-round2-n30-v1:participant:19:documents:set:1:rotation:0,,,n30-round2-three-versions-v1,2026-09-04-r2-v1
n30-round2-three-versions-v1-slot-19,,19,1,16,16,P8_DOC_A,15,D5_maximal,D5_maximal.html,6,left,right,1,text-enrichment-reader-round2-n30-v1:participant:19:documents:set:1:rotation:0,,,n30-round2-three-versions-v1,2026-09-04-r2-v1
n30-round2-three-versions-v1-slot-19,,19,1,17,17,P15_DOC_B,30,D2_derived,D2_derived.html,2,right,left,1,text-enrichment-reader-round2-n30-v1:participant:19:documents:set:1:rotation:0,,,n30-round2-three-versions-v1,2026-09-04-r2-v1
n30-round2-three-versions-v1-slot-19,,19,1,18,18,P5_DOC_B,10,D3_derived,D3_derived.html,4,left,right,1,text-enrichment-reader-round2-n30-v1:participant:19:documents:set:1:rotation:0,,,n30-round2-three-versions-v1,2026-09-04-r2-v1
n30-round2-three-versions-v1-slot-19,,19,1,19,19,P15_DOC_A,29,D1_derived,D1_derived.html,1,right,left,1,text-enrichment-reader-round2-n30-v1:participant:19:documents:set:1:rotation:0,,,n30-round2-three-versions-v1,2026-09-04-r2-v1
n30-round2-three-versions-v1-slot-19,,19,1,20,20,P5_DOC_A,9,W_writer_optimal,W_writer_optimal.html,3,left,right,1,text-enrichment-reader-round2-n30-v1:participant:19:documents:set:1:rotation:0,,,n30-round2-three-versions-v1,2026-09-04-r2-v1
n30-round2-three-versions-v1-slot-19,,19,1,21,21,P16_DOC_A,31,D2_derived,D2_derived.html,2,right,left,1,text-enrichment-reader-round2-n30-v1:participant:19:documents:set:1:rotation:0,,,n30-round2-three-versions-v1,2026-09-04-r2-v1
n30-round2-three-versions-v1-slot-19,,19,1,22,22,P14_DOC_B,28,D1_derived,D1_derived.html,1,right,left,1,text-enrichment-reader-round2-n30-v1:participant:19:documents:set:1:rotation:0,,,n30-round2-three-versions-v1,2026-09-04-r2-v1
n30-round2-three-versions-v1-slot-19,,19,1,23,23,P2_DOC_A,3,D5_maximal,D5_maximal.html,6,left,right,1,text-enrichment-reader-round2-n30-v1:participant:19:documents:set:1:rotation:0,,,n30-round2-three-versions-v1,2026-09-04-r2-v1
n30-round2-three-versions-v1-slot-19,,19,1,24,24,P6_DOC_A,11,D3_derived,D3_derived.html,4,left,right,1,text-enrichment-reader-round2-n30-v1:participant:19:documents:set:1:rotation:0,,,n30-round2-three-versions-v1,2026-09-04-r2-v1
n30-round2-three-versions-v1-slot-19,,19,1,25,25,P8_DOC_B,16,D1_derived,D1_derived.html,1,left,right,1,text-enrichment-reader-round2-n30-v1:participant:19:documents:set:1:rotation:0,,,n30-round2-three-versions-v1,2026-09-04-r2-v1
n30-round2-three-versions-v1-slot-19,,19,1,26,26,P1_DOC_A,1,D4_derived,D4_derived.html,5,right,left,1,text-enrichment-reader-round2-n30-v1:participant:19:documents:set:1:rotation:0,,,n30-round2-three-versions-v1,2026-09-04-r2-v1
n30-round2-three-versions-v1-slot-19,,19,1,27,27,P7_DOC_A,13,D4_derived,D4_derived.html,5,left,right,1,text-enrichment-reader-round2-n30-v1:participant:19:documents:set:1:rotation:0,,,n30-round2-three-versions-v1,2026-09-04-r2-v1
n30-round2-three-versions-v1-slot-19,,19,1,28,28,P12_DOC_A,23,D3_derived,D3_derived.html,4,right,left,1,text-enrichment-reader-round2-n30-v1:participant:19:documents:set:1:rotation:0,,,n30-round2-three-versions-v1,2026-09-04-r2-v1
n30-round2-three-versions-v1-slot-19,,19,1,29,29,P14_DOC_A,27,D5_maximal,D5_maximal.html,6,right,left,1,text-enrichment-reader-round2-n30-v1:participant:19:documents:set:1:rotation:0,,,n30-round2-three-versions-v1,2026-09-04-r2-v1
n30-round2-three-versions-v1-slot-19,,19,1,30,30,P18_DOC_A,35,D3_derived,D3_derived.html,4,right,left,1,text-enrichment-reader-round2-n30-v1:participant:19:documents:set:1:rotation:0,,,n30-round2-three-versions-v1,2026-09-04-r2-v1
n30-round2-three-versions-v1-slot-19,,19,1,31,31,P10_DOC_A,19,D2_derived,D2_derived.html,2,left,right,1,text-enrichment-reader-round2-n30-v1:participant:19:documents:set:1:rotation:0,,,n30-round2-three-versions-v1,2026-09-04-r2-v1
n30-round2-three-versions-v1-slot-19,,19,1,32,32,P11_DOC_B,22,D3_derived,D3_derived.html,4,right,left,1,text-enrichment-reader-round2-n30-v1:participant:19:documents:set:1:rotation:0,,,n30-round2-three-versions-v1,2026-09-04-r2-v1
n30-round2-three-versions-v1-slot-19,,19,1,33,33,P6_DOC_B,12,D4_derived,D4_derived.html,5,left,right,1,text-enrichment-reader-round2-n30-v1:participant:19:documents:set:1:rotation:0,,,n30-round2-three-versions-v1,2026-09-04-r2-v1
n30-round2-three-versions-v1-slot-19,,19,1,34,34,P4_DOC_B,8,W_writer_optimal,W_writer_optimal.html,3,left,right,1,text-enrichment-reader-round2-n30-v1:participant:19:documents:set:1:rotation:0,,,n30-round2-three-versions-v1,2026-09-04-r2-v1
n30-round2-three-versions-v1-slot-19,,19,1,35,35,P13_DOC_B,26,D5_maximal,D5_maximal.html,6,right,left,1,text-enrichment-reader-round2-n30-v1:participant:19:documents:set:1:rotation:0,,,n30-round2-three-versions-v1,2026-09-04-r2-v1
n30-round2-three-versions-v1-slot-19,,19,1,36,36,P2_DOC_B,4,D1_derived,D1_derived.html,1,left,right,1,text-enrichment-reader-round2-n30-v1:participant:19:documents:set:1:rotation:0,,,n30-round2-three-versions-v1,2026-09-04-r2-v1
n30-round2-three-versions-v1-slot-19,,19,1,37,37,P9_DOC_B,18,D2_derived,D2_derived.html,2,left,right,1,text-enrichment-reader-round2-n30-v1:participant:19:documents:set:1:rotation:0,,,n30-round2-three-versions-v1,2026-09-04-r2-v1
n30-round2-three-versions-v1-slot-19,,19,1,38,38,P19_DOC_A,37,D4_derived,D4_derived.html,5,right,left,1,text-enrichment-reader-round2-n30-v1:participant:19:documents:set:1:rotation:0,,,n30-round2-three-versions-v1,2026-09-04-r2-v1
n30-round2-three-versions-v1-slot-19,,19,2,1,39,P17_DOC_A,33,D1_derived,D1_derived.html,1,right,left,2,text-enrichment-reader-round2-n30-v1:participant:19:documents:set:2:rotation:13,,,n30-round2-three-versions-v1,2026-09-04-r2-v1
n30-round2-three-versions-v1-slot-19,,19,2,2,40,P9_DOC_A,17,D4_derived,D4_derived.html,5,left,right,2,text-enrichment-reader-round2-n30-v1:participant:19:documents:set:2:rotation:13,,,n30-round2-three-versions-v1,2026-09-04-r2-v1
n30-round2-three-versions-v1-slot-19,,19,2,3,41,P8_DOC_A,15,D3_derived,D3_derived.html,4,left,right,2,text-enrichment-reader-round2-n30-v1:participant:19:documents:set:2:rotation:13,,,n30-round2-three-versions-v1,2026-09-04-r2-v1
n30-round2-three-versions-v1-slot-19,,19,2,4,42,P15_DOC_B,30,W_writer_optimal,W_writer_optimal.html,3,right,left,2,text-enrichment-reader-round2-n30-v1:participant:19:documents:set:2:rotation:13,,,n30-round2-three-versions-v1,2026-09-04-r2-v1
n30-round2-three-versions-v1-slot-19,,19,2,5,43,P5_DOC_B,10,D4_derived,D4_derived.html,5,left,right,2,text-enrichment-reader-round2-n30-v1:participant:19:documents:set:2:rotation:13,,,n30-round2-three-versions-v1,2026-09-04-r2-v1
n30-round2-three-versions-v1-slot-19,,19,2,6,44,P15_DOC_A,29,D4_derived,D4_derived.html,5,right,left,2,text-enrichment-reader-round2-n30-v1:participant:19:documents:set:2:rotation:13,,,n30-round2-three-versions-v1,2026-09-04-r2-v1
n30-round2-three-versions-v1-slot-19,,19,2,7,45,P5_DOC_A,9,D1_derived,D1_derived.html,1,left,right,2,text-enrichment-reader-round2-n30-v1:participant:19:documents:set:2:rotation:13,,,n30-round2-three-versions-v1,2026-09-04-r2-v1
n30-round2-three-versions-v1-slot-19,,19,2,8,46,P16_DOC_A,31,D5_maximal,D5_maximal.html,6,right,left,2,text-enrichment-reader-round2-n30-v1:participant:19:documents:set:2:rotation:13,,,n30-round2-three-versions-v1,2026-09-04-r2-v1
n30-round2-three-versions-v1-slot-19,,19,2,9,47,P14_DOC_B,28,D2_derived,D2_derived.html,2,right,left,2,text-enrichment-reader-round2-n30-v1:participant:19:documents:set:2:rotation:13,,,n30-round2-three-versions-v1,2026-09-04-r2-v1
n30-round2-three-versions-v1-slot-19,,19,2,10,48,P2_DOC_A,3,D3_derived,D3_derived.html,4,left,right,2,text-enrichment-reader-round2-n30-v1:participant:19:documents:set:2:rotation:13,,,n30-round2-three-versions-v1,2026-09-04-r2-v1
n30-round2-three-versions-v1-slot-19,,19,2,11,49,P6_DOC_A,11,D2_derived,D2_derived.html,2,left,right,2,text-enrichment-reader-round2-n30-v1:participant:19:documents:set:2:rotation:13,,,n30-round2-three-versions-v1,2026-09-04-r2-v1
n30-round2-three-versions-v1-slot-19,,19,2,12,50,P8_DOC_B,16,D2_derived,D2_derived.html,2,left,right,2,text-enrichment-reader-round2-n30-v1:participant:19:documents:set:2:rotation:13,,,n30-round2-three-versions-v1,2026-09-04-r2-v1
n30-round2-three-versions-v1-slot-19,,19,2,13,51,P1_DOC_A,1,W_writer_optimal,W_writer_optimal.html,3,left,right,2,text-enrichment-reader-round2-n30-v1:participant:19:documents:set:2:rotation:13,,,n30-round2-three-versions-v1,2026-09-04-r2-v1
n30-round2-three-versions-v1-slot-19,,19,2,14,52,P7_DOC_A,13,W_writer_optimal,W_writer_optimal.html,3,left,right,2,text-enrichment-reader-round2-n30-v1:participant:19:documents:set:2:rotation:13,,,n30-round2-three-versions-v1,2026-09-04-r2-v1
n30-round2-three-versions-v1-slot-19,,19,2,15,53,P12_DOC_A,23,D2_derived,D2_derived.html,2,right,left,2,text-enrichment-reader-round2-n30-v1:participant:19:documents:set:2:rotation:13,,,n30-round2-three-versions-v1,2026-09-04-r2-v1
n30-round2-three-versions-v1-slot-19,,19,2,16,54,P14_DOC_A,27,D3_derived,D3_derived.html,4,right,left,2,text-enrichment-reader-round2-n30-v1:participant:19:documents:set:2:rotation:13,,,n30-round2-three-versions-v1,2026-09-04-r2-v1
n30-round2-three-versions-v1-slot-19,,19,2,17,55,P18_DOC_A,35,D2_derived,D2_derived.html,2,right,left,2,text-enrichment-reader-round2-n30-v1:participant:19:documents:set:2:rotation:13,,,n30-round2-three-versions-v1,2026-09-04-r2-v1
n30-round2-three-versions-v1-slot-19,,19,2,18,56,P10_DOC_A,19,D5_maximal,D5_maximal.html,6,left,right,2,text-enrichment-reader-round2-n30-v1:participant:19:documents:set:2:rotation:13,,,n30-round2-three-versions-v1,2026-09-04-r2-v1
n30-round2-three-versions-v1-slot-19,,19,2,19,57,P11_DOC_B,22,D4_derived,D4_derived.html,5,right,left,2,text-enrichment-reader-round2-n30-v1:participant:19:documents:set:2:rotation:13,,,n30-round2-three-versions-v1,2026-09-04-r2-v1
n30-round2-three-versions-v1-slot-19,,19,2,20,58,P6_DOC_B,12,D5_maximal,D5_maximal.html,6,left,right,2,text-enrichment-reader-round2-n30-v1:participant:19:documents:set:2:rotation:13,,,n30-round2-three-versions-v1,2026-09-04-r2-v1
n30-round2-three-versions-v1-slot-19,,19,2,21,59,P4_DOC_B,8,D3_derived,D3_derived.html,4,left,right,2,text-enrichment-reader-round2-n30-v1:participant:19:documents:set:2:rotation:13,,,n30-round2-three-versions-v1,2026-09-04-r2-v1
n30-round2-three-versions-v1-slot-19,,19,2,22,60,P13_DOC_B,26,D1_derived,D1_derived.html,1,right,left,2,text-enrichment-reader-round2-n30-v1:participant:19:documents:set:2:rotation:13,,,n30-round2-three-versions-v1,2026-09-04-r2-v1
n30-round2-three-versions-v1-slot-19,,19,2,23,61,P2_DOC_B,4,D2_derived,D2_derived.html,2,left,right,2,text-enrichment-reader-round2-n30-v1:participant:19:documents:set:2:rotation:13,,,n30-round2-three-versions-v1,2026-09-04-r2-v1
n30-round2-three-versions-v1-slot-19,,19,2,24,62,P9_DOC_B,18,W_writer_optimal,W_writer_optimal.html,3,left,right,2,text-enrichment-reader-round2-n30-v1:participant:19:documents:set:2:rotation:13,,,n30-round2-three-versions-v1,2026-09-04-r2-v1
n30-round2-three-versions-v1-slot-19,,19,2,25,63,P19_DOC_A,37,W_writer_optimal,W_writer_optimal.html,3,right,left,2,text-enrichment-reader-round2-n30-v1:participant:19:documents:set:2:rotation:13,,,n30-round2-three-versions-v1,2026-09-04-r2-v1
n30-round2-three-versions-v1-slot-19,,19,2,26,64,P13_DOC_A,25,W_writer_optimal,W_writer_optimal.html,3,right,left,2,text-enrichment-reader-round2-n30-v1:participant:19:documents:set:2:rotation:13,,,n30-round2-three-versions-v1,2026-09-04-r2-v1
n30-round2-three-versions-v1-slot-19,,19,2,27,65,P12_DOC_B,24,D5_maximal,D5_maximal.html,6,right,left,2,text-enrichment-reader-round2-n30-v1:participant:19:documents:set:2:rotation:13,,,n30-round2-three-versions-v1,2026-09-04-r2-v1
n30-round2-three-versions-v1-slot-19,,19,2,28,66,P3_DOC_B,6,W_writer_optimal,W_writer_optimal.html,3,left,right,2,text-enrichment-reader-round2-n30-v1:participant:19:documents:set:2:rotation:13,,,n30-round2-three-versions-v1,2026-09-04-r2-v1
n30-round2-three-versions-v1-slot-19,,19,2,29,67,P18_DOC_B,36,D5_maximal,D5_maximal.html,6,right,left,2,text-enrichment-reader-round2-n30-v1:participant:19:documents:set:2:rotation:13,,,n30-round2-three-versions-v1,2026-09-04-r2-v1
n30-round2-three-versions-v1-slot-19,,19,2,30,68,P10_DOC_B,20,D3_derived,D3_derived.html,4,right,left,2,text-enrichment-reader-round2-n30-v1:participant:19:documents:set:2:rotation:13,,,n30-round2-three-versions-v1,2026-09-04-r2-v1
n30-round2-three-versions-v1-slot-19,,19,2,31,69,P1_DOC_B,2,D1_derived,D1_derived.html,1,left,right,2,text-enrichment-reader-round2-n30-v1:participant:19:documents:set:2:rotation:13,,,n30-round2-three-versions-v1,2026-09-04-r2-v1
n30-round2-three-versions-v1-slot-19,,19,2,32,70,P19_DOC_B,38,D1_derived,D1_derived.html,1,right,left,2,text-enrichment-reader-round2-n30-v1:participant:19:documents:set:2:rotation:13,,,n30-round2-three-versions-v1,2026-09-04-r2-v1
n30-round2-three-versions-v1-slot-19,,19,2,33,71,P4_DOC_A,7,D5_maximal,D5_maximal.html,6,left,right,2,text-enrichment-reader-round2-n30-v1:participant:19:documents:set:2:rotation:13,,,n30-round2-three-versions-v1,2026-09-04-r2-v1
n30-round2-three-versions-v1-slot-19,,19,2,34,72,P17_DOC_B,34,D4_derived,D4_derived.html,5,right,left,2,text-enrichment-reader-round2-n30-v1:participant:19:documents:set:2:rotation:13,,,n30-round2-three-versions-v1,2026-09-04-r2-v1
n30-round2-three-versions-v1-slot-19,,19,2,35,73,P11_DOC_A,21,D1_derived,D1_derived.html,1,right,left,2,text-enrichment-reader-round2-n30-v1:participant:19:documents:set:2:rotation:13,,,n30-round2-three-versions-v1,2026-09-04-r2-v1
n30-round2-three-versions-v1-slot-19,,19,2,36,74,P16_DOC_B,32,D3_derived,D3_derived.html,4,right,left,2,text-enrichment-reader-round2-n30-v1:participant:19:documents:set:2:rotation:13,,,n30-round2-three-versions-v1,2026-09-04-r2-v1
n30-round2-three-versions-v1-slot-19,,19,2,37,75,P3_DOC_A,5,D4_derived,D4_derived.html,5,left,right,2,text-enrichment-reader-round2-n30-v1:participant:19:documents:set:2:rotation:13,,,n30-round2-three-versions-v1,2026-09-04-r2-v1
n30-round2-three-versions-v1-slot-19,,19,2,38,76,P7_DOC_B,14,D1_derived,D1_derived.html,1,left,right,2,text-enrichment-reader-round2-n30-v1:participant:19:documents:set:2:rotation:13,,,n30-round2-three-versions-v1,2026-09-04-r2-v1
n30-round2-three-versions-v1-slot-19,,19,3,1,77,P7_DOC_A,13,D3_derived,D3_derived.html,4,left,right,3,text-enrichment-reader-round2-n30-v1:participant:19:documents:set:3:rotation:26,,,n30-round2-three-versions-v1,2026-09-04-r2-v1
n30-round2-three-versions-v1-slot-19,,19,3,2,78,P12_DOC_A,23,W_writer_optimal,W_writer_optimal.html,3,right,left,3,text-enrichment-reader-round2-n30-v1:participant:19:documents:set:3:rotation:26,,,n30-round2-three-versions-v1,2026-09-04-r2-v1
n30-round2-three-versions-v1-slot-19,,19,3,3,79,P14_DOC_A,27,D4_derived,D4_derived.html,5,right,left,3,text-enrichment-reader-round2-n30-v1:participant:19:documents:set:3:rotation:26,,,n30-round2-three-versions-v1,2026-09-04-r2-v1
n30-round2-three-versions-v1-slot-19,,19,3,4,80,P18_DOC_A,35,W_writer_optimal,W_writer_optimal.html,3,right,left,3,text-enrichment-reader-round2-n30-v1:participant:19:documents:set:3:rotation:26,,,n30-round2-three-versions-v1,2026-09-04-r2-v1
n30-round2-three-versions-v1-slot-19,,19,3,5,81,P10_DOC_A,19,D1_derived,D1_derived.html,1,left,right,3,text-enrichment-reader-round2-n30-v1:participant:19:documents:set:3:rotation:26,,,n30-round2-three-versions-v1,2026-09-04-r2-v1
n30-round2-three-versions-v1-slot-19,,19,3,6,82,P11_DOC_B,22,D5_maximal,D5_maximal.html,6,right,left,3,text-enrichment-reader-round2-n30-v1:participant:19:documents:set:3:rotation:26,,,n30-round2-three-versions-v1,2026-09-04-r2-v1
n30-round2-three-versions-v1-slot-19,,19,3,7,83,P6_DOC_B,12,D1_derived,D1_derived.html,1,left,right,3,text-enrichment-reader-round2-n30-v1:participant:19:documents:set:3:rotation:26,,,n30-round2-three-versions-v1,2026-09-04-r2-v1
n30-round2-three-versions-v1-slot-19,,19,3,8,84,P4_DOC_B,8,D4_derived,D4_derived.html,5,left,right,3,text-enrichment-reader-round2-n30-v1:participant:19:documents:set:3:rotation:26,,,n30-round2-three-versions-v1,2026-09-04-r2-v1
n30-round2-three-versions-v1-slot-19,,19,3,9,85,P13_DOC_B,26,D2_derived,D2_derived.html,2,right,left,3,text-enrichment-reader-round2-n30-v1:participant:19:documents:set:3:rotation:26,,,n30-round2-three-versions-v1,2026-09-04-r2-v1
n30-round2-three-versions-v1-slot-19,,19,3,10,86,P2_DOC_B,4,W_writer_optimal,W_writer_optimal.html,3,left,right,3,text-enrichment-reader-round2-n30-v1:participant:19:documents:set:3:rotation:26,,,n30-round2-three-versions-v1,2026-09-04-r2-v1
n30-round2-three-versions-v1-slot-19,,19,3,11,87,P9_DOC_B,18,D3_derived,D3_derived.html,4,left,right,3,text-enrichment-reader-round2-n30-v1:participant:19:documents:set:3:rotation:26,,,n30-round2-three-versions-v1,2026-09-04-r2-v1
n30-round2-three-versions-v1-slot-19,,19,3,12,88,P19_DOC_A,37,D3_derived,D3_derived.html,4,right,left,3,text-enrichment-reader-round2-n30-v1:participant:19:documents:set:3:rotation:26,,,n30-round2-three-versions-v1,2026-09-04-r2-v1
n30-round2-three-versions-v1-slot-19,,19,3,13,89,P13_DOC_A,25,D3_derived,D3_derived.html,4,right,left,3,text-enrichment-reader-round2-n30-v1:participant:19:documents:set:3:rotation:26,,,n30-round2-three-versions-v1,2026-09-04-r2-v1
n30-round2-three-versions-v1-slot-19,,19,3,14,90,P12_DOC_B,24,D1_derived,D1_derived.html,1,right,left,3,text-enrichment-reader-round2-n30-v1:participant:19:documents:set:3:rotation:26,,,n30-round2-three-versions-v1,2026-09-04-r2-v1
n30-round2-three-versions-v1-slot-19,,19,3,15,91,P3_DOC_B,6,D3_derived,D3_derived.html,4,left,right,3,text-enrichment-reader-round2-n30-v1:participant:19:documents:set:3:rotation:26,,,n30-round2-three-versions-v1,2026-09-04-r2-v1
n30-round2-three-versions-v1-slot-19,,19,3,16,92,P18_DOC_B,36,D1_derived,D1_derived.html,1,right,left,3,text-enrichment-reader-round2-n30-v1:participant:19:documents:set:3:rotation:26,,,n30-round2-three-versions-v1,2026-09-04-r2-v1
n30-round2-three-versions-v1-slot-19,,19,3,17,93,P10_DOC_B,20,D4_derived,D4_derived.html,5,right,left,3,text-enrichment-reader-round2-n30-v1:participant:19:documents:set:3:rotation:26,,,n30-round2-three-versions-v1,2026-09-04-r2-v1
n30-round2-three-versions-v1-slot-19,,19,3,18,94,P1_DOC_B,2,D2_derived,D2_derived.html,2,left,right,3,text-enrichment-reader-round2-n30-v1:participant:19:documents:set:3:rotation:26,,,n30-round2-three-versions-v1,2026-09-04-r2-v1
n30-round2-three-versions-v1-slot-19,,19,3,19,95,P19_DOC_B,38,D2_derived,D2_derived.html,2,right,left,3,text-enrichment-reader-round2-n30-v1:participant:19:documents:set:3:rotation:26,,,n30-round2-three-versions-v1,2026-09-04-r2-v1
n30-round2-three-versions-v1-slot-19,,19,3,20,96,P4_DOC_A,7,D1_derived,D1_derived.html,1,left,right,3,text-enrichment-reader-round2-n30-v1:participant:19:documents:set:3:rotation:26,,,n30-round2-three-versions-v1,2026-09-04-r2-v1
n30-round2-three-versions-v1-slot-19,,19,3,21,97,P17_DOC_B,34,D5_maximal,D5_maximal.html,6,right,left,3,text-enrichment-reader-round2-n30-v1:participant:19:documents:set:3:rotation:26,,,n30-round2-three-versions-v1,2026-09-04-r2-v1
n30-round2-three-versions-v1-slot-19,,19,3,22,98,P11_DOC_A,21,D2_derived,D2_derived.html,2,right,left,3,text-enrichment-reader-round2-n30-v1:participant:19:documents:set:3:rotation:26,,,n30-round2-three-versions-v1,2026-09-04-r2-v1
n30-round2-three-versions-v1-slot-19,,19,3,23,99,P16_DOC_B,32,D4_derived,D4_derived.html,5,right,left,3,text-enrichment-reader-round2-n30-v1:participant:19:documents:set:3:rotation:26,,,n30-round2-three-versions-v1,2026-09-04-r2-v1
n30-round2-three-versions-v1-slot-19,,19,3,24,100,P3_DOC_A,5,D5_maximal,D5_maximal.html,6,left,right,3,text-enrichment-reader-round2-n30-v1:participant:19:documents:set:3:rotation:26,,,n30-round2-three-versions-v1,2026-09-04-r2-v1
n30-round2-three-versions-v1-slot-19,,19,3,25,101,P7_DOC_B,14,D2_derived,D2_derived.html,2,left,right,3,text-enrichment-reader-round2-n30-v1:participant:19:documents:set:3:rotation:26,,,n30-round2-three-versions-v1,2026-09-04-r2-v1
n30-round2-three-versions-v1-slot-19,,19,3,26,102,P17_DOC_A,33,D2_derived,D2_derived.html,2,right,left,3,text-enrichment-reader-round2-n30-v1:participant:19:documents:set:3:rotation:26,,,n30-round2-three-versions-v1,2026-09-04-r2-v1
n30-round2-three-versions-v1-slot-19,,19,3,27,103,P9_DOC_A,17,D5_maximal,D5_maximal.html,6,left,right,3,text-enrichment-reader-round2-n30-v1:participant:19:documents:set:3:rotation:26,,,n30-round2-three-versions-v1,2026-09-04-r2-v1
n30-round2-three-versions-v1-slot-19,,19,3,28,104,P8_DOC_A,15,D4_derived,D4_derived.html,5,left,right,3,text-enrichment-reader-round2-n30-v1:participant:19:documents:set:3:rotation:26,,,n30-round2-three-versions-v1,2026-09-04-r2-v1
n30-round2-three-versions-v1-slot-19,,19,3,29,105,P15_DOC_B,30,D3_derived,D3_derived.html,4,right,left,3,text-enrichment-reader-round2-n30-v1:participant:19:documents:set:3:rotation:26,,,n30-round2-three-versions-v1,2026-09-04-r2-v1
n30-round2-three-versions-v1-slot-19,,19,3,30,106,P5_DOC_B,10,D5_maximal,D5_maximal.html,6,left,right,3,text-enrichment-reader-round2-n30-v1:participant:19:documents:set:3:rotation:26,,,n30-round2-three-versions-v1,2026-09-04-r2-v1
n30-round2-three-versions-v1-slot-19,,19,3,31,107,P15_DOC_A,29,D5_maximal,D5_maximal.html,6,right,left,3,text-enrichment-reader-round2-n30-v1:participant:19:documents:set:3:rotation:26,,,n30-round2-three-versions-v1,2026-09-04-r2-v1
n30-round2-three-versions-v1-slot-19,,19,3,32,108,P5_DOC_A,9,D2_derived,D2_derived.html,2,left,right,3,text-enrichment-reader-round2-n30-v1:participant:19:documents:set:3:rotation:26,,,n30-round2-three-versions-v1,2026-09-04-r2-v1
n30-round2-three-versions-v1-slot-19,,19,3,33,109,P16_DOC_A,31,D1_derived,D1_derived.html,1,right,left,3,text-enrichment-reader-round2-n30-v1:participant:19:documents:set:3:rotation:26,,,n30-round2-three-versions-v1,2026-09-04-r2-v1
n30-round2-three-versions-v1-slot-19,,19,3,34,110,P14_DOC_B,28,W_writer_optimal,W_writer_optimal.html,3,right,left,3,text-enrichment-reader-round2-n30-v1:participant:19:documents:set:3:rotation:26,,,n30-round2-three-versions-v1,2026-09-04-r2-v1
n30-round2-three-versions-v1-slot-19,,19,3,35,111,P2_DOC_A,3,D4_derived,D4_derived.html,5,left,right,3,text-enrichment-reader-round2-n30-v1:participant:19:documents:set:3:rotation:26,,,n30-round2-three-versions-v1,2026-09-04-r2-v1
n30-round2-three-versions-v1-slot-19,,19,3,36,112,P6_DOC_A,11,W_writer_optimal,W_writer_optimal.html,3,left,right,3,text-enrichment-reader-round2-n30-v1:participant:19:documents:set:3:rotation:26,,,n30-round2-three-versions-v1,2026-09-04-r2-v1
n30-round2-three-versions-v1-slot-19,,19,3,37,113,P8_DOC_B,16,W_writer_optimal,W_writer_optimal.html,3,left,right,3,text-enrichment-reader-round2-n30-v1:participant:19:documents:set:3:rotation:26,,,n30-round2-three-versions-v1,2026-09-04-r2-v1
n30-round2-three-versions-v1-slot-19,,19,3,38,114,P1_DOC_A,1,D3_derived,D3_derived.html,4,left,right,3,text-enrichment-reader-round2-n30-v1:participant:19:documents:set:3:rotation:26,,,n30-round2-three-versions-v1,2026-09-04-r2-v1
n30-round2-three-versions-v1-slot-20,,20,1,1,1,P6_DOC_A,11,D4_derived,D4_derived.html,5,left,right,1,text-enrichment-reader-round2-n30-v1:participant:20:documents:set:1:rotation:0,,,n30-round2-three-versions-v1,2026-09-04-r2-v1
n30-round2-three-versions-v1-slot-20,,20,1,2,2,P2_DOC_B,4,D5_maximal,D5_maximal.html,6,left,right,1,text-enrichment-reader-round2-n30-v1:participant:20:documents:set:1:rotation:0,,,n30-round2-three-versions-v1,2026-09-04-r2-v1
n30-round2-three-versions-v1-slot-20,,20,1,3,3,P8_DOC_B,16,D5_maximal,D5_maximal.html,6,left,right,1,text-enrichment-reader-round2-n30-v1:participant:20:documents:set:1:rotation:0,,,n30-round2-three-versions-v1,2026-09-04-r2-v1
n30-round2-three-versions-v1-slot-20,,20,1,4,4,P19_DOC_A,37,D5_maximal,D5_maximal.html,6,right,left,1,text-enrichment-reader-round2-n30-v1:participant:20:documents:set:1:rotation:0,,,n30-round2-three-versions-v1,2026-09-04-r2-v1
n30-round2-three-versions-v1-slot-20,,20,1,5,5,P3_DOC_A,5,D2_derived,D2_derived.html,2,left,right,1,text-enrichment-reader-round2-n30-v1:participant:20:documents:set:1:rotation:0,,,n30-round2-three-versions-v1,2026-09-04-r2-v1
n30-round2-three-versions-v1-slot-20,,20,1,6,6,P14_DOC_A,27,D1_derived,D1_derived.html,1,right,left,1,text-enrichment-reader-round2-n30-v1:participant:20:documents:set:1:rotation:0,,,n30-round2-three-versions-v1,2026-09-04-r2-v1
n30-round2-three-versions-v1-slot-20,,20,1,7,7,P10_DOC_A,19,W_writer_optimal,W_writer_optimal.html,3,left,right,1,text-enrichment-reader-round2-n30-v1:participant:20:documents:set:1:rotation:0,,,n30-round2-three-versions-v1,2026-09-04-r2-v1
n30-round2-three-versions-v1-slot-20,,20,1,8,8,P6_DOC_B,12,D3_derived,D3_derived.html,4,left,right,1,text-enrichment-reader-round2-n30-v1:participant:20:documents:set:1:rotation:0,,,n30-round2-three-versions-v1,2026-09-04-r2-v1
n30-round2-three-versions-v1-slot-20,,20,1,9,9,P10_DOC_B,20,D2_derived,D2_derived.html,2,right,left,1,text-enrichment-reader-round2-n30-v1:participant:20:documents:set:1:rotation:0,,,n30-round2-three-versions-v1,2026-09-04-r2-v1
n30-round2-three-versions-v1-slot-20,,20,1,10,10,P12_DOC_A,23,D4_derived,D4_derived.html,5,right,left,1,text-enrichment-reader-round2-n30-v1:participant:20:documents:set:1:rotation:0,,,n30-round2-three-versions-v1,2026-09-04-r2-v1
n30-round2-three-versions-v1-slot-20,,20,1,11,11,P13_DOC_A,25,D5_maximal,D5_maximal.html,6,right,left,1,text-enrichment-reader-round2-n30-v1:participant:20:documents:set:1:rotation:0,,,n30-round2-three-versions-v1,2026-09-04-r2-v1
n30-round2-three-versions-v1-slot-20,,20,1,12,12,P11_DOC_B,22,W_writer_optimal,W_writer_optimal.html,3,right,left,1,text-enrichment-reader-round2-n30-v1:participant:20:documents:set:1:rotation:0,,,n30-round2-three-versions-v1,2026-09-04-r2-v1
n30-round2-three-versions-v1-slot-20,,20,1,13,13,P12_DOC_B,24,D3_derived,D3_derived.html,4,right,left,1,text-enrichment-reader-round2-n30-v1:participant:20:documents:set:1:rotation:0,,,n30-round2-three-versions-v1,2026-09-04-r2-v1
n30-round2-three-versions-v1-slot-20,,20,1,14,14,P16_DOC_A,31,W_writer_optimal,W_writer_optimal.html,3,right,left,1,text-enrichment-reader-round2-n30-v1:participant:20:documents:set:1:rotation:0,,,n30-round2-three-versions-v1,2026-09-04-r2-v1
n30-round2-three-versions-v1-slot-20,,20,1,15,15,P1_DOC_A,1,D5_maximal,D5_maximal.html,6,left,right,1,text-enrichment-reader-round2-n30-v1:participant:20:documents:set:1:rotation:0,,,n30-round2-three-versions-v1,2026-09-04-r2-v1
n30-round2-three-versions-v1-slot-20,,20,1,16,16,P7_DOC_B,14,D4_derived,D4_derived.html,5,left,right,1,text-enrichment-reader-round2-n30-v1:participant:20:documents:set:1:rotation:0,,,n30-round2-three-versions-v1,2026-09-04-r2-v1
n30-round2-three-versions-v1-slot-20,,20,1,17,17,P11_DOC_A,21,D3_derived,D3_derived.html,4,right,left,1,text-enrichment-reader-round2-n30-v1:participant:20:documents:set:1:rotation:0,,,n30-round2-three-versions-v1,2026-09-04-r2-v1
n30-round2-three-versions-v1-slot-20,,20,1,18,18,P1_DOC_B,2,D4_derived,D4_derived.html,5,left,right,1,text-enrichment-reader-round2-n30-v1:participant:20:documents:set:1:rotation:0,,,n30-round2-three-versions-v1,2026-09-04-r2-v1
n30-round2-three-versions-v1-slot-20,,20,1,19,19,P13_DOC_B,26,D4_derived,D4_derived.html,5,right,left,1,text-enrichment-reader-round2-n30-v1:participant:20:documents:set:1:rotation:0,,,n30-round2-three-versions-v1,2026-09-04-r2-v1
n30-round2-three-versions-v1-slot-20,,20,1,20,20,P5_DOC_A,9,D3_derived,D3_derived.html,4,left,right,1,text-enrichment-reader-round2-n30-v1:participant:20:documents:set:1:rotation:0,,,n30-round2-three-versions-v1,2026-09-04-r2-v1
n30-round2-three-versions-v1-slot-20,,20,1,21,21,P4_DOC_A,7,W_writer_optimal,W_writer_optimal.html,3,left,right,1,text-enrichment-reader-round2-n30-v1:participant:20:documents:set:1:rotation:0,,,n30-round2-three-versions-v1,2026-09-04-r2-v1
n30-round2-three-versions-v1-slot-20,,20,1,22,22,P9_DOC_B,18,D1_derived,D1_derived.html,1,left,right,1,text-enrichment-reader-round2-n30-v1:participant:20:documents:set:1:rotation:0,,,n30-round2-three-versions-v1,2026-09-04-r2-v1
n30-round2-three-versions-v1-slot-20,,20,1,23,23,P14_DOC_B,28,D5_maximal,D5_maximal.html,6,right,left,1,text-enrichment-reader-round2-n30-v1:participant:20:documents:set:1:rotation:0,,,n30-round2-three-versions-v1,2026-09-04-r2-v1
n30-round2-three-versions-v1-slot-20,,20,1,24,24,P17_DOC_B,34,W_writer_optimal,W_writer_optimal.html,3,right,left,1,text-enrichment-reader-round2-n30-v1:participant:20:documents:set:1:rotation:0,,,n30-round2-three-versions-v1,2026-09-04-r2-v1
n30-round2-three-versions-v1-slot-20,,20,1,25,25,P3_DOC_B,6,D1_derived,D1_derived.html,1,left,right,1,text-enrichment-reader-round2-n30-v1:participant:20:documents:set:1:rotation:0,,,n30-round2-three-versions-v1,2026-09-04-r2-v1
n30-round2-three-versions-v1-slot-20,,20,1,26,26,P8_DOC_A,15,D1_derived,D1_derived.html,1,left,right,1,text-enrichment-reader-round2-n30-v1:participant:20:documents:set:1:rotation:0,,,n30-round2-three-versions-v1,2026-09-04-r2-v1
n30-round2-three-versions-v1-slot-20,,20,1,27,27,P7_DOC_A,13,D5_maximal,D5_maximal.html,6,left,right,1,text-enrichment-reader-round2-n30-v1:participant:20:documents:set:1:rotation:0,,,n30-round2-three-versions-v1,2026-09-04-r2-v1
n30-round2-three-versions-v1-slot-20,,20,1,28,28,P5_DOC_B,10,W_writer_optimal,W_writer_optimal.html,3,left,right,1,text-enrichment-reader-round2-n30-v1:participant:20:documents:set:1:rotation:0,,,n30-round2-three-versions-v1,2026-09-04-r2-v1
n30-round2-three-versions-v1-slot-20,,20,1,29,29,P15_DOC_B,30,D1_derived,D1_derived.html,1,right,left,1,text-enrichment-reader-round2-n30-v1:participant:20:documents:set:1:rotation:0,,,n30-round2-three-versions-v1,2026-09-04-r2-v1
n30-round2-three-versions-v1-slot-20,,20,1,30,30,P9_DOC_A,17,D2_derived,D2_derived.html,2,left,right,1,text-enrichment-reader-round2-n30-v1:participant:20:documents:set:1:rotation:0,,,n30-round2-three-versions-v1,2026-09-04-r2-v1
n30-round2-three-versions-v1-slot-20,,20,1,31,31,P18_DOC_A,35,D4_derived,D4_derived.html,5,right,left,1,text-enrichment-reader-round2-n30-v1:participant:20:documents:set:1:rotation:0,,,n30-round2-three-versions-v1,2026-09-04-r2-v1
n30-round2-three-versions-v1-slot-20,,20,1,32,32,P15_DOC_A,29,D2_derived,D2_derived.html,2,right,left,1,text-enrichment-reader-round2-n30-v1:participant:20:documents:set:1:rotation:0,,,n30-round2-three-versions-v1,2026-09-04-r2-v1
n30-round2-three-versions-v1-slot-20,,20,1,33,33,P19_DOC_B,38,D4_derived,D4_derived.html,5,right,left,1,text-enrichment-reader-round2-n30-v1:participant:20:documents:set:1:rotation:0,,,n30-round2-three-versions-v1,2026-09-04-r2-v1
n30-round2-three-versions-v1-slot-20,,20,1,34,34,P4_DOC_B,8,D2_derived,D2_derived.html,2,left,right,1,text-enrichment-reader-round2-n30-v1:participant:20:documents:set:1:rotation:0,,,n30-round2-three-versions-v1,2026-09-04-r2-v1
n30-round2-three-versions-v1-slot-20,,20,1,35,35,P18_DOC_B,36,D3_derived,D3_derived.html,4,right,left,1,text-enrichment-reader-round2-n30-v1:participant:20:documents:set:1:rotation:0,,,n30-round2-three-versions-v1,2026-09-04-r2-v1
n30-round2-three-versions-v1-slot-20,,20,1,36,36,P16_DOC_B,32,D2_derived,D2_derived.html,2,right,left,1,text-enrichment-reader-round2-n30-v1:participant:20:documents:set:1:rotation:0,,,n30-round2-three-versions-v1,2026-09-04-r2-v1
n30-round2-three-versions-v1-slot-20,,20,1,37,37,P2_DOC_A,3,D1_derived,D1_derived.html,1,left,right,1,text-enrichment-reader-round2-n30-v1:participant:20:documents:set:1:rotation:0,,,n30-round2-three-versions-v1,2026-09-04-r2-v1
n30-round2-three-versions-v1-slot-20,,20,1,38,38,P17_DOC_A,33,D3_derived,D3_derived.html,4,right,left,1,text-enrichment-reader-round2-n30-v1:participant:20:documents:set:1:rotation:0,,,n30-round2-three-versions-v1,2026-09-04-r2-v1
n30-round2-three-versions-v1-slot-20,,20,2,1,39,P16_DOC_A,31,D5_maximal,D5_maximal.html,6,right,left,2,text-enrichment-reader-round2-n30-v1:participant:20:documents:set:2:rotation:13,,,n30-round2-three-versions-v1,2026-09-04-r2-v1
n30-round2-three-versions-v1-slot-20,,20,2,2,40,P1_DOC_A,1,W_writer_optimal,W_writer_optimal.html,3,left,right,2,text-enrichment-reader-round2-n30-v1:participant:20:documents:set:2:rotation:13,,,n30-round2-three-versions-v1,2026-09-04-r2-v1
n30-round2-three-versions-v1-slot-20,,20,2,3,41,P7_DOC_B,14,D1_derived,D1_derived.html,1,left,right,2,text-enrichment-reader-round2-n30-v1:participant:20:documents:set:2:rotation:13,,,n30-round2-three-versions-v1,2026-09-04-r2-v1
n30-round2-three-versions-v1-slot-20,,20,2,4,42,P11_DOC_A,21,D1_derived,D1_derived.html,1,right,left,2,text-enrichment-reader-round2-n30-v1:participant:20:documents:set:2:rotation:13,,,n30-round2-three-versions-v1,2026-09-04-r2-v1
n30-round2-three-versions-v1-slot-20,,20,2,5,43,P1_DOC_B,2,D1_derived,D1_derived.html,1,left,right,2,text-enrichment-reader-round2-n30-v1:participant:20:documents:set:2:rotation:13,,,n30-round2-three-versions-v1,2026-09-04-r2-v1
n30-round2-three-versions-v1-slot-20,,20,2,6,44,P13_DOC_B,26,D1_derived,D1_derived.html,1,right,left,2,text-enrichment-reader-round2-n30-v1:participant:20:documents:set:2:rotation:13,,,n30-round2-three-versions-v1,2026-09-04-r2-v1
n30-round2-three-versions-v1-slot-20,,20,2,7,45,P5_DOC_A,9,D1_derived,D1_derived.html,1,left,right,2,text-enrichment-reader-round2-n30-v1:participant:20:documents:set:2:rotation:13,,,n30-round2-three-versions-v1,2026-09-04-r2-v1
n30-round2-three-versions-v1-slot-20,,20,2,8,46,P4_DOC_A,7,D5_maximal,D5_maximal.html,6,left,right,2,text-enrichment-reader-round2-n30-v1:participant:20:documents:set:2:rotation:13,,,n30-round2-three-versions-v1,2026-09-04-r2-v1
n30-round2-three-versions-v1-slot-20,,20,2,9,47,P9_DOC_B,18,W_writer_optimal,W_writer_optimal.html,3,left,right,2,text-enrichment-reader-round2-n30-v1:participant:20:documents:set:2:rotation:13,,,n30-round2-three-versions-v1,2026-09-04-r2-v1
n30-round2-three-versions-v1-slot-20,,20,2,10,48,P14_DOC_B,28,D2_derived,D2_derived.html,2,right,left,2,text-enrichment-reader-round2-n30-v1:participant:20:documents:set:2:rotation:13,,,n30-round2-three-versions-v1,2026-09-04-r2-v1
n30-round2-three-versions-v1-slot-20,,20,2,11,49,P17_DOC_B,34,D4_derived,D4_derived.html,5,right,left,2,text-enrichment-reader-round2-n30-v1:participant:20:documents:set:2:rotation:13,,,n30-round2-three-versions-v1,2026-09-04-r2-v1
n30-round2-three-versions-v1-slot-20,,20,2,12,50,P3_DOC_B,6,W_writer_optimal,W_writer_optimal.html,3,left,right,2,text-enrichment-reader-round2-n30-v1:participant:20:documents:set:2:rotation:13,,,n30-round2-three-versions-v1,2026-09-04-r2-v1
n30-round2-three-versions-v1-slot-20,,20,2,13,51,P8_DOC_A,15,D3_derived,D3_derived.html,4,left,right,2,text-enrichment-reader-round2-n30-v1:participant:20:documents:set:2:rotation:13,,,n30-round2-three-versions-v1,2026-09-04-r2-v1
n30-round2-three-versions-v1-slot-20,,20,2,14,52,P7_DOC_A,13,W_writer_optimal,W_writer_optimal.html,3,left,right,2,text-enrichment-reader-round2-n30-v1:participant:20:documents:set:2:rotation:13,,,n30-round2-three-versions-v1,2026-09-04-r2-v1
n30-round2-three-versions-v1-slot-20,,20,2,15,53,P5_DOC_B,10,D4_derived,D4_derived.html,5,left,right,2,text-enrichment-reader-round2-n30-v1:participant:20:documents:set:2:rotation:13,,,n30-round2-three-versions-v1,2026-09-04-r2-v1
n30-round2-three-versions-v1-slot-20,,20,2,16,54,P15_DOC_B,30,W_writer_optimal,W_writer_optimal.html,3,right,left,2,text-enrichment-reader-round2-n30-v1:participant:20:documents:set:2:rotation:13,,,n30-round2-three-versions-v1,2026-09-04-r2-v1
n30-round2-three-versions-v1-slot-20,,20,2,17,55,P9_DOC_A,17,D4_derived,D4_derived.html,5,left,right,2,text-enrichment-reader-round2-n30-v1:participant:20:documents:set:2:rotation:13,,,n30-round2-three-versions-v1,2026-09-04-r2-v1
n30-round2-three-versions-v1-slot-20,,20,2,18,56,P18_DOC_A,35,D2_derived,D2_derived.html,2,right,left,2,text-enrichment-reader-round2-n30-v1:participant:20:documents:set:2:rotation:13,,,n30-round2-three-versions-v1,2026-09-04-r2-v1
n30-round2-three-versions-v1-slot-20,,20,2,19,57,P15_DOC_A,29,D4_derived,D4_derived.html,5,right,left,2,text-enrichment-reader-round2-n30-v1:participant:20:documents:set:2:rotation:13,,,n30-round2-three-versions-v1,2026-09-04-r2-v1
n30-round2-three-versions-v1-slot-20,,20,2,20,58,P19_DOC_B,38,D1_derived,D1_derived.html,1,right,left,2,text-enrichment-reader-round2-n30-v1:participant:20:documents:set:2:rotation:13,,,n30-round2-three-versions-v1,2026-09-04-r2-v1
n30-round2-three-versions-v1-slot-20,,20,2,21,59,P4_DOC_B,8,D3_derived,D3_derived.html,4,left,right,2,text-enrichment-reader-round2-n30-v1:participant:20:documents:set:2:rotation:13,,,n30-round2-three-versions-v1,2026-09-04-r2-v1
n30-round2-three-versions-v1-slot-20,,20,2,22,60,P18_DOC_B,36,D5_maximal,D5_maximal.html,6,right,left,2,text-enrichment-reader-round2-n30-v1:participant:20:documents:set:2:rotation:13,,,n30-round2-three-versions-v1,2026-09-04-r2-v1
n30-round2-three-versions-v1-slot-20,,20,2,23,61,P16_DOC_B,32,D3_derived,D3_derived.html,4,right,left,2,text-enrichment-reader-round2-n30-v1:participant:20:documents:set:2:rotation:13,,,n30-round2-three-versions-v1,2026-09-04-r2-v1
n30-round2-three-versions-v1-slot-20,,20,2,24,62,P2_DOC_A,3,D3_derived,D3_derived.html,4,left,right,2,text-enrichment-reader-round2-n30-v1:participant:20:documents:set:2:rotation:13,,,n30-round2-three-versions-v1,2026-09-04-r2-v1
n30-round2-three-versions-v1-slot-20,,20,2,25,63,P17_DOC_A,33,D1_derived,D1_derived.html,1,right,left,2,text-enrichment-reader-round2-n30-v1:participant:20:documents:set:2:rotation:13,,,n30-round2-three-versions-v1,2026-09-04-r2-v1
n30-round2-three-versions-v1-slot-20,,20,2,26,64,P6_DOC_A,11,D2_derived,D2_derived.html,2,left,right,2,text-enrichment-reader-round2-n30-v1:participant:20:documents:set:2:rotation:13,,,n30-round2-three-versions-v1,2026-09-04-r2-v1
n30-round2-three-versions-v1-slot-20,,20,2,27,65,P2_DOC_B,4,D2_derived,D2_derived.html,2,left,right,2,text-enrichment-reader-round2-n30-v1:participant:20:documents:set:2:rotation:13,,,n30-round2-three-versions-v1,2026-09-04-r2-v1
n30-round2-three-versions-v1-slot-20,,20,2,28,66,P8_DOC_B,16,D2_derived,D2_derived.html,2,left,right,2,text-enrichment-reader-round2-n30-v1:participant:20:documents:set:2:rotation:13,,,n30-round2-three-versions-v1,2026-09-04-r2-v1
n30-round2-three-versions-v1-slot-20,,20,2,29,67,P19_DOC_A,37,W_writer_optimal,W_writer_optimal.html,3,right,left,2,text-enrichment-reader-round2-n30-v1:participant:20:documents:set:2:rotation:13,,,n30-round2-three-versions-v1,2026-09-04-r2-v1
n30-round2-three-versions-v1-slot-20,,20,2,30,68,P3_DOC_A,5,D4_derived,D4_derived.html,5,left,right,2,text-enrichment-reader-round2-n30-v1:participant:20:documents:set:2:rotation:13,,,n30-round2-three-versions-v1,2026-09-04-r2-v1
n30-round2-three-versions-v1-slot-20,,20,2,31,69,P14_DOC_A,27,D3_derived,D3_derived.html,4,right,left,2,text-enrichment-reader-round2-n30-v1:participant:20:documents:set:2:rotation:13,,,n30-round2-three-versions-v1,2026-09-04-r2-v1
n30-round2-three-versions-v1-slot-20,,20,2,32,70,P10_DOC_A,19,D5_maximal,D5_maximal.html,6,left,right,2,text-enrichment-reader-round2-n30-v1:participant:20:documents:set:2:rotation:13,,,n30-round2-three-versions-v1,2026-09-04-r2-v1
n30-round2-three-versions-v1-slot-20,,20,2,33,71,P6_DOC_B,12,D5_maximal,D5_maximal.html,6,left,right,2,text-enrichment-reader-round2-n30-v1:participant:20:documents:set:2:rotation:13,,,n30-round2-three-versions-v1,2026-09-04-r2-v1
n30-round2-three-versions-v1-slot-20,,20,2,34,72,P10_DOC_B,20,D3_derived,D3_derived.html,4,right,left,2,text-enrichment-reader-round2-n30-v1:participant:20:documents:set:2:rotation:13,,,n30-round2-three-versions-v1,2026-09-04-r2-v1
n30-round2-three-versions-v1-slot-20,,20,2,35,73,P12_DOC_A,23,D2_derived,D2_derived.html,2,right,left,2,text-enrichment-reader-round2-n30-v1:participant:20:documents:set:2:rotation:13,,,n30-round2-three-versions-v1,2026-09-04-r2-v1
n30-round2-three-versions-v1-slot-20,,20,2,36,74,P13_DOC_A,25,W_writer_optimal,W_writer_optimal.html,3,right,left,2,text-enrichment-reader-round2-n30-v1:participant:20:documents:set:2:rotation:13,,,n30-round2-three-versions-v1,2026-09-04-r2-v1
n30-round2-three-versions-v1-slot-20,,20,2,37,75,P11_DOC_B,22,D4_derived,D4_derived.html,5,right,left,2,text-enrichment-reader-round2-n30-v1:participant:20:documents:set:2:rotation:13,,,n30-round2-three-versions-v1,2026-09-04-r2-v1
n30-round2-three-versions-v1-slot-20,,20,2,38,76,P12_DOC_B,24,D5_maximal,D5_maximal.html,6,right,left,2,text-enrichment-reader-round2-n30-v1:participant:20:documents:set:2:rotation:13,,,n30-round2-three-versions-v1,2026-09-04-r2-v1
n30-round2-three-versions-v1-slot-20,,20,3,1,77,P7_DOC_A,13,D3_derived,D3_derived.html,4,left,right,3,text-enrichment-reader-round2-n30-v1:participant:20:documents:set:3:rotation:26,,,n30-round2-three-versions-v1,2026-09-04-r2-v1
n30-round2-three-versions-v1-slot-20,,20,3,2,78,P5_DOC_B,10,D5_maximal,D5_maximal.html,6,left,right,3,text-enrichment-reader-round2-n30-v1:participant:20:documents:set:3:rotation:26,,,n30-round2-three-versions-v1,2026-09-04-r2-v1
n30-round2-three-versions-v1-slot-20,,20,3,3,79,P15_DOC_B,30,D3_derived,D3_derived.html,4,right,left,3,text-enrichment-reader-round2-n30-v1:participant:20:documents:set:3:rotation:26,,,n30-round2-three-versions-v1,2026-09-04-r2-v1
n30-round2-three-versions-v1-slot-20,,20,3,4,80,P9_DOC_A,17,D5_maximal,D5_maximal.html,6,left,right,3,text-enrichment-reader-round2-n30-v1:participant:20:documents:set:3:rotation:26,,,n30-round2-three-versions-v1,2026-09-04-r2-v1
n30-round2-three-versions-v1-slot-20,,20,3,5,81,P18_DOC_A,35,W_writer_optimal,W_writer_optimal.html,3,right,left,3,text-enrichment-reader-round2-n30-v1:participant:20:documents:set:3:rotation:26,,,n30-round2-three-versions-v1,2026-09-04-r2-v1
n30-round2-three-versions-v1-slot-20,,20,3,6,82,P15_DOC_A,29,D5_maximal,D5_maximal.html,6,right,left,3,text-enrichment-reader-round2-n30-v1:participant:20:documents:set:3:rotation:26,,,n30-round2-three-versions-v1,2026-09-04-r2-v1
n30-round2-three-versions-v1-slot-20,,20,3,7,83,P19_DOC_B,38,D2_derived,D2_derived.html,2,right,left,3,text-enrichment-reader-round2-n30-v1:participant:20:documents:set:3:rotation:26,,,n30-round2-three-versions-v1,2026-09-04-r2-v1
n30-round2-three-versions-v1-slot-20,,20,3,8,84,P4_DOC_B,8,D4_derived,D4_derived.html,5,left,right,3,text-enrichment-reader-round2-n30-v1:participant:20:documents:set:3:rotation:26,,,n30-round2-three-versions-v1,2026-09-04-r2-v1
n30-round2-three-versions-v1-slot-20,,20,3,9,85,P18_DOC_B,36,D1_derived,D1_derived.html,1,right,left,3,text-enrichment-reader-round2-n30-v1:participant:20:documents:set:3:rotation:26,,,n30-round2-three-versions-v1,2026-09-04-r2-v1
n30-round2-three-versions-v1-slot-20,,20,3,10,86,P16_DOC_B,32,D4_derived,D4_derived.html,5,right,left,3,text-enrichment-reader-round2-n30-v1:participant:20:documents:set:3:rotation:26,,,n30-round2-three-versions-v1,2026-09-04-r2-v1
n30-round2-three-versions-v1-slot-20,,20,3,11,87,P2_DOC_A,3,D4_derived,D4_derived.html,5,left,right,3,text-enrichment-reader-round2-n30-v1:participant:20:documents:set:3:rotation:26,,,n30-round2-three-versions-v1,2026-09-04-r2-v1
n30-round2-three-versions-v1-slot-20,,20,3,12,88,P17_DOC_A,33,D2_derived,D2_derived.html,2,right,left,3,text-enrichment-reader-round2-n30-v1:participant:20:documents:set:3:rotation:26,,,n30-round2-three-versions-v1,2026-09-04-r2-v1
n30-round2-three-versions-v1-slot-20,,20,3,13,89,P6_DOC_A,11,W_writer_optimal,W_writer_optimal.html,3,left,right,3,text-enrichment-reader-round2-n30-v1:participant:20:documents:set:3:rotation:26,,,n30-round2-three-versions-v1,2026-09-04-r2-v1
n30-round2-three-versions-v1-slot-20,,20,3,14,90,P2_DOC_B,4,W_writer_optimal,W_writer_optimal.html,3,left,right,3,text-enrichment-reader-round2-n30-v1:participant:20:documents:set:3:rotation:26,,,n30-round2-three-versions-v1,2026-09-04-r2-v1
n30-round2-three-versions-v1-slot-20,,20,3,15,91,P8_DOC_B,16,W_writer_optimal,W_writer_optimal.html,3,left,right,3,text-enrichment-reader-round2-n30-v1:participant:20:documents:set:3:rotation:26,,,n30-round2-three-versions-v1,2026-09-04-r2-v1
n30-round2-three-versions-v1-slot-20,,20,3,16,92,P19_DOC_A,37,D3_derived,D3_derived.html,4,right,left,3,text-enrichment-reader-round2-n30-v1:participant:20:documents:set:3:rotation:26,,,n30-round2-three-versions-v1,2026-09-04-r2-v1
n30-round2-three-versions-v1-slot-20,,20,3,17,93,P3_DOC_A,5,D5_maximal,D5_maximal.html,6,left,right,3,text-enrichment-reader-round2-n30-v1:participant:20:documents:set:3:rotation:26,,,n30-round2-three-versions-v1,2026-09-04-r2-v1
n30-round2-three-versions-v1-slot-20,,20,3,18,94,P14_DOC_A,27,D4_derived,D4_derived.html,5,right,left,3,text-enrichment-reader-round2-n30-v1:participant:20:documents:set:3:rotation:26,,,n30-round2-three-versions-v1,2026-09-04-r2-v1
n30-round2-three-versions-v1-slot-20,,20,3,19,95,P10_DOC_A,19,D1_derived,D1_derived.html,1,left,right,3,text-enrichment-reader-round2-n30-v1:participant:20:documents:set:3:rotation:26,,,n30-round2-three-versions-v1,2026-09-04-r2-v1
n30-round2-three-versions-v1-slot-20,,20,3,20,96,P6_DOC_B,12,D1_derived,D1_derived.html,1,left,right,3,text-enrichment-reader-round2-n30-v1:participant:20:documents:set:3:rotation:26,,,n30-round2-three-versions-v1,2026-09-04-r2-v1
n30-round2-three-versions-v1-slot-20,,20,3,21,97,P10_DOC_B,20,D4_derived,D4_derived.html,5,right,left,3,text-enrichment-reader-round2-n30-v1:participant:20:documents:set:3:rotation:26,,,n30-round2-three-versions-v1,2026-09-04-r2-v1
n30-round2-three-versions-v1-slot-20,,20,3,22,98,P12_DOC_A,23,W_writer_optimal,W_writer_optimal.html,3,right,left,3,text-enrichment-reader-round2-n30-v1:participant:20:documents:set:3:rotation:26,,,n30-round2-three-versions-v1,2026-09-04-r2-v1
n30-round2-three-versions-v1-slot-20,,20,3,23,99,P13_DOC_A,25,D3_derived,D3_derived.html,4,right,left,3,text-enrichment-reader-round2-n30-v1:participant:20:documents:set:3:rotation:26,,,n30-round2-three-versions-v1,2026-09-04-r2-v1
n30-round2-three-versions-v1-slot-20,,20,3,24,100,P11_DOC_B,22,D5_maximal,D5_maximal.html,6,right,left,3,text-enrichment-reader-round2-n30-v1:participant:20:documents:set:3:rotation:26,,,n30-round2-three-versions-v1,2026-09-04-r2-v1
n30-round2-three-versions-v1-slot-20,,20,3,25,101,P12_DOC_B,24,D1_derived,D1_derived.html,1,right,left,3,text-enrichment-reader-round2-n30-v1:participant:20:documents:set:3:rotation:26,,,n30-round2-three-versions-v1,2026-09-04-r2-v1
n30-round2-three-versions-v1-slot-20,,20,3,26,102,P16_DOC_A,31,D1_derived,D1_derived.html,1,right,left,3,text-enrichment-reader-round2-n30-v1:participant:20:documents:set:3:rotation:26,,,n30-round2-three-versions-v1,2026-09-04-r2-v1
n30-round2-three-versions-v1-slot-20,,20,3,27,103,P1_DOC_A,1,D3_derived,D3_derived.html,4,left,right,3,text-enrichment-reader-round2-n30-v1:participant:20:documents:set:3:rotation:26,,,n30-round2-three-versions-v1,2026-09-04-r2-v1
n30-round2-three-versions-v1-slot-20,,20,3,28,104,P7_DOC_B,14,D2_derived,D2_derived.html,2,left,right,3,text-enrichment-reader-round2-n30-v1:participant:20:documents:set:3:rotation:26,,,n30-round2-three-versions-v1,2026-09-04-r2-v1
n30-round2-three-versions-v1-slot-20,,20,3,29,105,P11_DOC_A,21,D2_derived,D2_derived.html,2,right,left,3,text-enrichment-reader-round2-n30-v1:participant:20:documents:set:3:rotation:26,,,n30-round2-three-versions-v1,2026-09-04-r2-v1
n30-round2-three-versions-v1-slot-20,,20,3,30,106,P1_DOC_B,2,D2_derived,D2_derived.html,2,left,right,3,text-enrichment-reader-round2-n30-v1:participant:20:documents:set:3:rotation:26,,,n30-round2-three-versions-v1,2026-09-04-r2-v1
n30-round2-three-versions-v1-slot-20,,20,3,31,107,P13_DOC_B,26,D2_derived,D2_derived.html,2,right,left,3,text-enrichment-reader-round2-n30-v1:participant:20:documents:set:3:rotation:26,,,n30-round2-three-versions-v1,2026-09-04-r2-v1
n30-round2-three-versions-v1-slot-20,,20,3,32,108,P5_DOC_A,9,D2_derived,D2_derived.html,2,left,right,3,text-enrichment-reader-round2-n30-v1:participant:20:documents:set:3:rotation:26,,,n30-round2-three-versions-v1,2026-09-04-r2-v1
n30-round2-three-versions-v1-slot-20,,20,3,33,109,P4_DOC_A,7,D1_derived,D1_derived.html,1,left,right,3,text-enrichment-reader-round2-n30-v1:participant:20:documents:set:3:rotation:26,,,n30-round2-three-versions-v1,2026-09-04-r2-v1
n30-round2-three-versions-v1-slot-20,,20,3,34,110,P9_DOC_B,18,D3_derived,D3_derived.html,4,left,right,3,text-enrichment-reader-round2-n30-v1:participant:20:documents:set:3:rotation:26,,,n30-round2-three-versions-v1,2026-09-04-r2-v1
n30-round2-three-versions-v1-slot-20,,20,3,35,111,P14_DOC_B,28,W_writer_optimal,W_writer_optimal.html,3,right,left,3,text-enrichment-reader-round2-n30-v1:participant:20:documents:set:3:rotation:26,,,n30-round2-three-versions-v1,2026-09-04-r2-v1
n30-round2-three-versions-v1-slot-20,,20,3,36,112,P17_DOC_B,34,D5_maximal,D5_maximal.html,6,right,left,3,text-enrichment-reader-round2-n30-v1:participant:20:documents:set:3:rotation:26,,,n30-round2-three-versions-v1,2026-09-04-r2-v1
n30-round2-three-versions-v1-slot-20,,20,3,37,113,P3_DOC_B,6,D3_derived,D3_derived.html,4,left,right,3,text-enrichment-reader-round2-n30-v1:participant:20:documents:set:3:rotation:26,,,n30-round2-three-versions-v1,2026-09-04-r2-v1
n30-round2-three-versions-v1-slot-20,,20,3,38,114,P8_DOC_A,15,D4_derived,D4_derived.html,5,left,right,3,text-enrichment-reader-round2-n30-v1:participant:20:documents:set:3:rotation:26,,,n30-round2-three-versions-v1,2026-09-04-r2-v1
n30-round2-three-versions-v1-slot-21,,21,1,1,1,P18_DOC_B,36,D3_derived,D3_derived.html,4,right,left,1,text-enrichment-reader-round2-n30-v1:participant:21:documents:set:1:rotation:0,,,n30-round2-three-versions-v1,2026-09-04-r2-v1
n30-round2-three-versions-v1-slot-21,,21,1,2,2,P13_DOC_B,26,D4_derived,D4_derived.html,5,right,left,1,text-enrichment-reader-round2-n30-v1:participant:21:documents:set:1:rotation:0,,,n30-round2-three-versions-v1,2026-09-04-r2-v1
n30-round2-three-versions-v1-slot-21,,21,1,3,3,P3_DOC_A,5,D3_derived,D3_derived.html,4,left,right,1,text-enrichment-reader-round2-n30-v1:participant:21:documents:set:1:rotation:0,,,n30-round2-three-versions-v1,2026-09-04-r2-v1
n30-round2-three-versions-v1-slot-21,,21,1,4,4,P14_DOC_A,27,W_writer_optimal,W_writer_optimal.html,3,right,left,1,text-enrichment-reader-round2-n30-v1:participant:21:documents:set:1:rotation:0,,,n30-round2-three-versions-v1,2026-09-04-r2-v1
n30-round2-three-versions-v1-slot-21,,21,1,5,5,P10_DOC_B,20,D2_derived,D2_derived.html,2,left,right,1,text-enrichment-reader-round2-n30-v1:participant:21:documents:set:1:rotation:0,,,n30-round2-three-versions-v1,2026-09-04-r2-v1
n30-round2-three-versions-v1-slot-21,,21,1,6,6,P15_DOC_B,30,D1_derived,D1_derived.html,1,right,left,1,text-enrichment-reader-round2-n30-v1:participant:21:documents:set:1:rotation:0,,,n30-round2-three-versions-v1,2026-09-04-r2-v1
n30-round2-three-versions-v1-slot-21,,21,1,7,7,P14_DOC_B,28,D5_maximal,D5_maximal.html,6,right,left,1,text-enrichment-reader-round2-n30-v1:participant:21:documents:set:1:rotation:0,,,n30-round2-three-versions-v1,2026-09-04-r2-v1
n30-round2-three-versions-v1-slot-21,,21,1,8,8,P9_DOC_A,17,D3_derived,D3_derived.html,4,left,right,1,text-enrichment-reader-round2-n30-v1:participant:21:documents:set:1:rotation:0,,,n30-round2-three-versions-v1,2026-09-04-r2-v1
n30-round2-three-versions-v1-slot-21,,21,1,9,9,P4_DOC_A,7,D4_derived,D4_derived.html,5,left,right,1,text-enrichment-reader-round2-n30-v1:participant:21:documents:set:1:rotation:0,,,n30-round2-three-versions-v1,2026-09-04-r2-v1
n30-round2-three-versions-v1-slot-21,,21,1,10,10,P17_DOC_A,33,D5_maximal,D5_maximal.html,6,right,left,1,text-enrichment-reader-round2-n30-v1:participant:21:documents:set:1:rotation:0,,,n30-round2-three-versions-v1,2026-09-04-r2-v1
n30-round2-three-versions-v1-slot-21,,21,1,11,11,P8_DOC_A,15,W_writer_optimal,W_writer_optimal.html,3,left,right,1,text-enrichment-reader-round2-n30-v1:participant:21:documents:set:1:rotation:0,,,n30-round2-three-versions-v1,2026-09-04-r2-v1
n30-round2-three-versions-v1-slot-21,,21,1,12,12,P5_DOC_B,10,W_writer_optimal,W_writer_optimal.html,3,right,left,1,text-enrichment-reader-round2-n30-v1:participant:21:documents:set:1:rotation:0,,,n30-round2-three-versions-v1,2026-09-04-r2-v1
n30-round2-three-versions-v1-slot-21,,21,1,13,13,P17_DOC_B,34,W_writer_optimal,W_writer_optimal.html,3,right,left,1,text-enrichment-reader-round2-n30-v1:participant:21:documents:set:1:rotation:0,,,n30-round2-three-versions-v1,2026-09-04-r2-v1
n30-round2-three-versions-v1-slot-21,,21,1,14,14,P6_DOC_B,12,D3_derived,D3_derived.html,4,left,right,1,text-enrichment-reader-round2-n30-v1:participant:21:documents:set:1:rotation:0,,,n30-round2-three-versions-v1,2026-09-04-r2-v1
n30-round2-three-versions-v1-slot-21,,21,1,15,15,P8_DOC_B,16,D5_maximal,D5_maximal.html,6,left,right,1,text-enrichment-reader-round2-n30-v1:participant:21:documents:set:1:rotation:0,,,n30-round2-three-versions-v1,2026-09-04-r2-v1
n30-round2-three-versions-v1-slot-21,,21,1,16,16,P18_DOC_A,35,D1_derived,D1_derived.html,1,right,left,1,text-enrichment-reader-round2-n30-v1:participant:21:documents:set:1:rotation:0,,,n30-round2-three-versions-v1,2026-09-04-r2-v1
n30-round2-three-versions-v1-slot-21,,21,1,17,17,P12_DOC_A,23,D1_derived,D1_derived.html,1,left,right,1,text-enrichment-reader-round2-n30-v1:participant:21:documents:set:1:rotation:0,,,n30-round2-three-versions-v1,2026-09-04-r2-v1
n30-round2-three-versions-v1-slot-21,,21,1,18,18,P9_DOC_B,18,D1_derived,D1_derived.html,1,right,left,1,text-enrichment-reader-round2-n30-v1:participant:21:documents:set:1:rotation:0,,,n30-round2-three-versions-v1,2026-09-04-r2-v1
n30-round2-three-versions-v1-slot-21,,21,1,19,19,P19_DOC_B,38,D4_derived,D4_derived.html,5,right,left,1,text-enrichment-reader-round2-n30-v1:participant:21:documents:set:1:rotation:0,,,n30-round2-three-versions-v1,2026-09-04-r2-v1
n30-round2-three-versions-v1-slot-21,,21,1,20,20,P10_DOC_A,19,D4_derived,D4_derived.html,5,left,right,1,text-enrichment-reader-round2-n30-v1:participant:21:documents:set:1:rotation:0,,,n30-round2-three-versions-v1,2026-09-04-r2-v1
n30-round2-three-versions-v1-slot-21,,21,1,21,21,P16_DOC_A,31,D4_derived,D4_derived.html,5,right,left,1,text-enrichment-reader-round2-n30-v1:participant:21:documents:set:1:rotation:0,,,n30-round2-three-versions-v1,2026-09-04-r2-v1
n30-round2-three-versions-v1-slot-21,,21,1,22,22,P15_DOC_A,29,D3_derived,D3_derived.html,4,right,left,1,text-enrichment-reader-round2-n30-v1:participant:21:documents:set:1:rotation:0,,,n30-round2-three-versions-v1,2026-09-04-r2-v1
n30-round2-three-versions-v1-slot-21,,21,1,23,23,P5_DOC_A,9,D5_maximal,D5_maximal.html,6,left,right,1,text-enrichment-reader-round2-n30-v1:participant:21:documents:set:1:rotation:0,,,n30-round2-three-versions-v1,2026-09-04-r2-v1
n30-round2-three-versions-v1-slot-21,,21,1,24,24,P19_DOC_A,37,D2_derived,D2_derived.html,2,right,left,1,text-enrichment-reader-round2-n30-v1:participant:21:documents:set:1:rotation:0,,,n30-round2-three-versions-v1,2026-09-04-r2-v1
n30-round2-three-versions-v1-slot-21,,21,1,25,25,P3_DOC_B,6,D1_derived,D1_derived.html,1,right,left,1,text-enrichment-reader-round2-n30-v1:participant:21:documents:set:1:rotation:0,,,n30-round2-three-versions-v1,2026-09-04-r2-v1
n30-round2-three-versions-v1-slot-21,,21,1,26,26,P12_DOC_B,24,D3_derived,D3_derived.html,4,left,right,1,text-enrichment-reader-round2-n30-v1:participant:21:documents:set:1:rotation:0,,,n30-round2-three-versions-v1,2026-09-04-r2-v1
n30-round2-three-versions-v1-slot-21,,21,1,27,27,P4_DOC_B,8,D2_derived,D2_derived.html,2,left,right,1,text-enrichment-reader-round2-n30-v1:participant:21:documents:set:1:rotation:0,,,n30-round2-three-versions-v1,2026-09-04-r2-v1
n30-round2-three-versions-v1-slot-21,,21,1,28,28,P1_DOC_A,1,D2_derived,D2_derived.html,2,left,right,1,text-enrichment-reader-round2-n30-v1:participant:21:documents:set:1:rotation:0,,,n30-round2-three-versions-v1,2026-09-04-r2-v1
n30-round2-three-versions-v1-slot-21,,21,1,29,29,P7_DOC_A,13,D2_derived,D2_derived.html,2,left,right,1,text-enrichment-reader-round2-n30-v1:participant:21:documents:set:1:rotation:0,,,n30-round2-three-versions-v1,2026-09-04-r2-v1
n30-round2-three-versions-v1-slot-21,,21,1,30,30,P7_DOC_B,14,D4_derived,D4_derived.html,5,right,left,1,text-enrichment-reader-round2-n30-v1:participant:21:documents:set:1:rotation:0,,,n30-round2-three-versions-v1,2026-09-04-r2-v1
n30-round2-three-versions-v1-slot-21,,21,1,31,31,P16_DOC_B,32,D2_derived,D2_derived.html,2,right,left,1,text-enrichment-reader-round2-n30-v1:participant:21:documents:set:1:rotation:0,,,n30-round2-three-versions-v1,2026-09-04-r2-v1
n30-round2-three-versions-v1-slot-21,,21,1,32,32,P11_DOC_B,22,W_writer_optimal,W_writer_optimal.html,3,left,right,1,text-enrichment-reader-round2-n30-v1:participant:21:documents:set:1:rotation:0,,,n30-round2-three-versions-v1,2026-09-04-r2-v1
n30-round2-three-versions-v1-slot-21,,21,1,33,33,P2_DOC_B,4,D5_maximal,D5_maximal.html,6,left,right,1,text-enrichment-reader-round2-n30-v1:participant:21:documents:set:1:rotation:0,,,n30-round2-three-versions-v1,2026-09-04-r2-v1
n30-round2-three-versions-v1-slot-21,,21,1,34,34,P6_DOC_A,11,D1_derived,D1_derived.html,1,left,right,1,text-enrichment-reader-round2-n30-v1:participant:21:documents:set:1:rotation:0,,,n30-round2-three-versions-v1,2026-09-04-r2-v1
n30-round2-three-versions-v1-slot-21,,21,1,35,35,P11_DOC_A,21,D5_maximal,D5_maximal.html,6,left,right,1,text-enrichment-reader-round2-n30-v1:participant:21:documents:set:1:rotation:0,,,n30-round2-three-versions-v1,2026-09-04-r2-v1
n30-round2-three-versions-v1-slot-21,,21,1,36,36,P2_DOC_A,3,W_writer_optimal,W_writer_optimal.html,3,left,right,1,text-enrichment-reader-round2-n30-v1:participant:21:documents:set:1:rotation:0,,,n30-round2-three-versions-v1,2026-09-04-r2-v1
n30-round2-three-versions-v1-slot-21,,21,1,37,37,P13_DOC_A,25,D2_derived,D2_derived.html,2,right,left,1,text-enrichment-reader-round2-n30-v1:participant:21:documents:set:1:rotation:0,,,n30-round2-three-versions-v1,2026-09-04-r2-v1
n30-round2-three-versions-v1-slot-21,,21,1,38,38,P1_DOC_B,2,D4_derived,D4_derived.html,5,right,left,1,text-enrichment-reader-round2-n30-v1:participant:21:documents:set:1:rotation:0,,,n30-round2-three-versions-v1,2026-09-04-r2-v1
n30-round2-three-versions-v1-slot-21,,21,2,1,39,P6_DOC_B,12,D4_derived,D4_derived.html,5,left,right,2,text-enrichment-reader-round2-n30-v1:participant:21:documents:set:2:rotation:13,,,n30-round2-three-versions-v1,2026-09-04-r2-v1
n30-round2-three-versions-v1-slot-21,,21,2,2,40,P8_DOC_B,16,D1_derived,D1_derived.html,1,left,right,2,text-enrichment-reader-round2-n30-v1:participant:21:documents:set:2:rotation:13,,,n30-round2-three-versions-v1,2026-09-04-r2-v1
n30-round2-three-versions-v1-slot-21,,21,2,3,41,P18_DOC_A,35,D2_derived,D2_derived.html,2,right,left,2,text-enrichment-reader-round2-n30-v1:participant:21:documents:set:2:rotation:13,,,n30-round2-three-versions-v1,2026-09-04-r2-v1
n30-round2-three-versions-v1-slot-21,,21,2,4,42,P12_DOC_A,23,D2_derived,D2_derived.html,2,left,right,2,text-enrichment-reader-round2-n30-v1:participant:21:documents:set:2:rotation:13,,,n30-round2-three-versions-v1,2026-09-04-r2-v1
n30-round2-three-versions-v1-slot-21,,21,2,5,43,P9_DOC_B,18,D2_derived,D2_derived.html,2,left,right,2,text-enrichment-reader-round2-n30-v1:participant:21:documents:set:2:rotation:13,,,n30-round2-three-versions-v1,2026-09-04-r2-v1
n30-round2-three-versions-v1-slot-21,,21,2,6,44,P19_DOC_B,38,D5_maximal,D5_maximal.html,6,right,left,2,text-enrichment-reader-round2-n30-v1:participant:21:documents:set:2:rotation:13,,,n30-round2-three-versions-v1,2026-09-04-r2-v1
n30-round2-three-versions-v1-slot-21,,21,2,7,45,P10_DOC_A,19,D5_maximal,D5_maximal.html,6,right,left,2,text-enrichment-reader-round2-n30-v1:participant:21:documents:set:2:rotation:13,,,n30-round2-three-versions-v1,2026-09-04-r2-v1
n30-round2-three-versions-v1-slot-21,,21,2,8,46,P16_DOC_A,31,D5_maximal,D5_maximal.html,6,right,left,2,text-enrichment-reader-round2-n30-v1:participant:21:documents:set:2:rotation:13,,,n30-round2-three-versions-v1,2026-09-04-r2-v1
n30-round2-three-versions-v1-slot-21,,21,2,9,47,P15_DOC_A,29,D4_derived,D4_derived.html,5,right,left,2,text-enrichment-reader-round2-n30-v1:participant:21:documents:set:2:rotation:13,,,n30-round2-three-versions-v1,2026-09-04-r2-v1
n30-round2-three-versions-v1-slot-21,,21,2,10,48,P5_DOC_A,9,D1_derived,D1_derived.html,1,left,right,2,text-enrichment-reader-round2-n30-v1:participant:21:documents:set:2:rotation:13,,,n30-round2-three-versions-v1,2026-09-04-r2-v1
n30-round2-three-versions-v1-slot-21,,21,2,11,49,P19_DOC_A,37,W_writer_optimal,W_writer_optimal.html,3,right,left,2,text-enrichment-reader-round2-n30-v1:participant:21:documents:set:2:rotation:13,,,n30-round2-three-versions-v1,2026-09-04-r2-v1
n30-round2-three-versions-v1-slot-21,,21,2,12,50,P3_DOC_B,6,D2_derived,D2_derived.html,2,left,right,2,text-enrichment-reader-round2-n30-v1:participant:21:documents:set:2:rotation:13,,,n30-round2-three-versions-v1,2026-09-04-r2-v1
n30-round2-three-versions-v1-slot-21,,21,2,13,51,P12_DOC_B,24,D4_derived,D4_derived.html,5,left,right,2,text-enrichment-reader-round2-n30-v1:participant:21:documents:set:2:rotation:13,,,n30-round2-three-versions-v1,2026-09-04-r2-v1
n30-round2-three-versions-v1-slot-21,,21,2,14,52,P4_DOC_B,8,W_writer_optimal,W_writer_optimal.html,3,left,right,2,text-enrichment-reader-round2-n30-v1:participant:21:documents:set:2:rotation:13,,,n30-round2-three-versions-v1,2026-09-04-r2-v1
n30-round2-three-versions-v1-slot-21,,21,2,15,53,P1_DOC_A,1,W_writer_optimal,W_writer_optimal.html,3,left,right,2,text-enrichment-reader-round2-n30-v1:participant:21:documents:set:2:rotation:13,,,n30-round2-three-versions-v1,2026-09-04-r2-v1
n30-round2-three-versions-v1-slot-21,,21,2,16,54,P7_DOC_A,13,W_writer_optimal,W_writer_optimal.html,3,left,right,2,text-enrichment-reader-round2-n30-v1:participant:21:documents:set:2:rotation:13,,,n30-round2-three-versions-v1,2026-09-04-r2-v1
n30-round2-three-versions-v1-slot-21,,21,2,17,55,P7_DOC_B,14,D5_maximal,D5_maximal.html,6,left,right,2,text-enrichment-reader-round2-n30-v1:participant:21:documents:set:2:rotation:13,,,n30-round2-three-versions-v1,2026-09-04-r2-v1
n30-round2-three-versions-v1-slot-21,,21,2,18,56,P16_DOC_B,32,W_writer_optimal,W_writer_optimal.html,3,right,left,2,text-enrichment-reader-round2-n30-v1:participant:21:documents:set:2:rotation:13,,,n30-round2-three-versions-v1,2026-09-04-r2-v1
n30-round2-three-versions-v1-slot-21,,21,2,19,57,P11_DOC_B,22,D3_derived,D3_derived.html,4,left,right,2,text-enrichment-reader-round2-n30-v1:participant:21:documents:set:2:rotation:13,,,n30-round2-three-versions-v1,2026-09-04-r2-v1
n30-round2-three-versions-v1-slot-21,,21,2,20,58,P2_DOC_B,4,D1_derived,D1_derived.html,1,left,right,2,text-enrichment-reader-round2-n30-v1:participant:21:documents:set:2:rotation:13,,,n30-round2-three-versions-v1,2026-09-04-r2-v1
n30-round2-three-versions-v1-slot-21,,21,2,21,59,P6_DOC_A,11,D2_derived,D2_derived.html,2,right,left,2,text-enrichment-reader-round2-n30-v1:participant:21:documents:set:2:rotation:13,,,n30-round2-three-versions-v1,2026-09-04-r2-v1
n30-round2-three-versions-v1-slot-21,,21,2,22,60,P11_DOC_A,21,D1_derived,D1_derived.html,1,left,right,2,text-enrichment-reader-round2-n30-v1:participant:21:documents:set:2:rotation:13,,,n30-round2-three-versions-v1,2026-09-04-r2-v1
n30-round2-three-versions-v1-slot-21,,21,2,23,61,P2_DOC_A,3,D3_derived,D3_derived.html,4,right,left,2,text-enrichment-reader-round2-n30-v1:participant:21:documents:set:2:rotation:13,,,n30-round2-three-versions-v1,2026-09-04-r2-v1
n30-round2-three-versions-v1-slot-21,,21,2,24,62,P13_DOC_A,25,W_writer_optimal,W_writer_optimal.html,3,right,left,2,text-enrichment-reader-round2-n30-v1:participant:21:documents:set:2:rotation:13,,,n30-round2-three-versions-v1,2026-09-04-r2-v1
n30-round2-three-versions-v1-slot-21,,21,2,25,63,P1_DOC_B,2,D5_maximal,D5_maximal.html,6,left,right,2,text-enrichment-reader-round2-n30-v1:participant:21:documents:set:2:rotation:13,,,n30-round2-three-versions-v1,2026-09-04-r2-v1
n30-round2-three-versions-v1-slot-21,,21,2,26,64,P18_DOC_B,36,D4_derived,D4_derived.html,5,right,left,2,text-enrichment-reader-round2-n30-v1:participant:21:documents:set:2:rotation:13,,,n30-round2-three-versions-v1,2026-09-04-r2-v1
n30-round2-three-versions-v1-slot-21,,21,2,27,65,P13_DOC_B,26,D5_maximal,D5_maximal.html,6,right,left,2,text-enrichment-reader-round2-n30-v1:participant:21:documents:set:2:rotation:13,,,n30-round2-three-versions-v1,2026-09-04-r2-v1
n30-round2-three-versions-v1-slot-21,,21,2,28,66,P3_DOC_A,5,D4_derived,D4_derived.html,5,left,right,2,text-enrichment-reader-round2-n30-v1:participant:21:documents:set:2:rotation:13,,,n30-round2-three-versions-v1,2026-09-04-r2-v1
n30-round2-three-versions-v1-slot-21,,21,2,29,67,P14_DOC_A,27,D3_derived,D3_derived.html,4,right,left,2,text-enrichment-reader-round2-n30-v1:participant:21:documents:set:2:rotation:13,,,n30-round2-three-versions-v1,2026-09-04-r2-v1
n30-round2-three-versions-v1-slot-21,,21,2,30,68,P10_DOC_B,20,W_writer_optimal,W_writer_optimal.html,3,left,right,2,text-enrichment-reader-round2-n30-v1:participant:21:documents:set:2:rotation:13,,,n30-round2-three-versions-v1,2026-09-04-r2-v1
n30-round2-three-versions-v1-slot-21,,21,2,31,69,P15_DOC_B,30,D2_derived,D2_derived.html,2,right,left,2,text-enrichment-reader-round2-n30-v1:participant:21:documents:set:2:rotation:13,,,n30-round2-three-versions-v1,2026-09-04-r2-v1
n30-round2-three-versions-v1-slot-21,,21,2,32,70,P14_DOC_B,28,D1_derived,D1_derived.html,1,right,left,2,text-enrichment-reader-round2-n30-v1:participant:21:documents:set:2:rotation:13,,,n30-round2-three-versions-v1,2026-09-04-r2-v1
n30-round2-three-versions-v1-slot-21,,21,2,33,71,P9_DOC_A,17,D4_derived,D4_derived.html,5,left,right,2,text-enrichment-reader-round2-n30-v1:participant:21:documents:set:2:rotation:13,,,n30-round2-three-versions-v1,2026-09-04-r2-v1
n30-round2-three-versions-v1-slot-21,,21,2,34,72,P4_DOC_A,7,D5_maximal,D5_maximal.html,6,right,left,2,text-enrichment-reader-round2-n30-v1:participant:21:documents:set:2:rotation:13,,,n30-round2-three-versions-v1,2026-09-04-r2-v1
n30-round2-three-versions-v1-slot-21,,21,2,35,73,P17_DOC_A,33,D1_derived,D1_derived.html,1,right,left,2,text-enrichment-reader-round2-n30-v1:participant:21:documents:set:2:rotation:13,,,n30-round2-three-versions-v1,2026-09-04-r2-v1
n30-round2-three-versions-v1-slot-21,,21,2,36,74,P8_DOC_A,15,D3_derived,D3_derived.html,4,right,left,2,text-enrichment-reader-round2-n30-v1:participant:21:documents:set:2:rotation:13,,,n30-round2-three-versions-v1,2026-09-04-r2-v1
n30-round2-three-versions-v1-slot-21,,21,2,37,75,P5_DOC_B,10,D3_derived,D3_derived.html,4,left,right,2,text-enrichment-reader-round2-n30-v1:participant:21:documents:set:2:rotation:13,,,n30-round2-three-versions-v1,2026-09-04-r2-v1
n30-round2-three-versions-v1-slot-21,,21,2,38,76,P17_DOC_B,34,D3_derived,D3_derived.html,4,right,left,2,text-enrichment-reader-round2-n30-v1:participant:21:documents:set:2:rotation:13,,,n30-round2-three-versions-v1,2026-09-04-r2-v1
n30-round2-three-versions-v1-slot-21,,21,3,1,77,P4_DOC_B,8,D1_derived,D1_derived.html,1,left,right,3,text-enrichment-reader-round2-n30-v1:participant:21:documents:set:3:rotation:26,,,n30-round2-three-versions-v1,2026-09-04-r2-v1
n30-round2-three-versions-v1-slot-21,,21,3,2,78,P1_DOC_A,1,D1_derived,D1_derived.html,1,left,right,3,text-enrichment-reader-round2-n30-v1:participant:21:documents:set:3:rotation:26,,,n30-round2-three-versions-v1,2026-09-04-r2-v1
n30-round2-three-versions-v1-slot-21,,21,3,3,79,P7_DOC_A,13,D1_derived,D1_derived.html,1,left,right,3,text-enrichment-reader-round2-n30-v1:participant:21:documents:set:3:rotation:26,,,n30-round2-three-versions-v1,2026-09-04-r2-v1
n30-round2-three-versions-v1-slot-21,,21,3,4,80,P7_DOC_B,14,D3_derived,D3_derived.html,4,left,right,3,text-enrichment-reader-round2-n30-v1:participant:21:documents:set:3:rotation:26,,,n30-round2-three-versions-v1,2026-09-04-r2-v1
n30-round2-three-versions-v1-slot-21,,21,3,5,81,P16_DOC_B,32,D1_derived,D1_derived.html,1,right,left,3,text-enrichment-reader-round2-n30-v1:participant:21:documents:set:3:rotation:26,,,n30-round2-three-versions-v1,2026-09-04-r2-v1
n30-round2-three-versions-v1-slot-21,,21,3,6,82,P11_DOC_B,22,D2_derived,D2_derived.html,2,right,left,3,text-enrichment-reader-round2-n30-v1:participant:21:documents:set:3:rotation:26,,,n30-round2-three-versions-v1,2026-09-04-r2-v1
n30-round2-three-versions-v1-slot-21,,21,3,7,83,P2_DOC_B,4,D4_derived,D4_derived.html,5,left,right,3,text-enrichment-reader-round2-n30-v1:participant:21:documents:set:3:rotation:26,,,n30-round2-three-versions-v1,2026-09-04-r2-v1
n30-round2-three-versions-v1-slot-21,,21,3,8,84,P6_DOC_A,11,D5_maximal,D5_maximal.html,6,left,right,3,text-enrichment-reader-round2-n30-v1:participant:21:documents:set:3:rotation:26,,,n30-round2-three-versions-v1,2026-09-04-r2-v1
n30-round2-three-versions-v1-slot-21,,21,3,9,85,P11_DOC_A,21,D4_derived,D4_derived.html,5,right,left,3,text-enrichment-reader-round2-n30-v1:participant:21:documents:set:3:rotation:26,,,n30-round2-three-versions-v1,2026-09-04-r2-v1
n30-round2-three-versions-v1-slot-21,,21,3,10,86,P2_DOC_A,3,D2_derived,D2_derived.html,2,left,right,3,text-enrichment-reader-round2-n30-v1:participant:21:documents:set:3:rotation:26,,,n30-round2-three-versions-v1,2026-09-04-r2-v1
n30-round2-three-versions-v1-slot-21,,21,3,11,87,P13_DOC_A,25,D1_derived,D1_derived.html,1,right,left,3,text-enrichment-reader-round2-n30-v1:participant:21:documents:set:3:rotation:26,,,n30-round2-three-versions-v1,2026-09-04-r2-v1
n30-round2-three-versions-v1-slot-21,,21,3,12,88,P1_DOC_B,2,D3_derived,D3_derived.html,4,left,right,3,text-enrichment-reader-round2-n30-v1:participant:21:documents:set:3:rotation:26,,,n30-round2-three-versions-v1,2026-09-04-r2-v1
n30-round2-three-versions-v1-slot-21,,21,3,13,89,P18_DOC_B,36,W_writer_optimal,W_writer_optimal.html,3,right,left,3,text-enrichment-reader-round2-n30-v1:participant:21:documents:set:3:rotation:26,,,n30-round2-three-versions-v1,2026-09-04-r2-v1
n30-round2-three-versions-v1-slot-21,,21,3,14,90,P13_DOC_B,26,D3_derived,D3_derived.html,4,right,left,3,text-enrichment-reader-round2-n30-v1:participant:21:documents:set:3:rotation:26,,,n30-round2-three-versions-v1,2026-09-04-r2-v1
n30-round2-three-versions-v1-slot-21,,21,3,15,91,P3_DOC_A,5,W_writer_optimal,W_writer_optimal.html,3,left,right,3,text-enrichment-reader-round2-n30-v1:participant:21:documents:set:3:rotation:26,,,n30-round2-three-versions-v1,2026-09-04-r2-v1
n30-round2-three-versions-v1-slot-21,,21,3,16,92,P14_DOC_A,27,D2_derived,D2_derived.html,2,right,left,3,text-enrichment-reader-round2-n30-v1:participant:21:documents:set:3:rotation:26,,,n30-round2-three-versions-v1,2026-09-04-r2-v1
n30-round2-three-versions-v1-slot-21,,21,3,17,93,P10_DOC_B,20,D1_derived,D1_derived.html,1,right,left,3,text-enrichment-reader-round2-n30-v1:participant:21:documents:set:3:rotation:26,,,n30-round2-three-versions-v1,2026-09-04-r2-v1
n30-round2-three-versions-v1-slot-21,,21,3,18,94,P15_DOC_B,30,D5_maximal,D5_maximal.html,6,right,left,3,text-enrichment-reader-round2-n30-v1:participant:21:documents:set:3:rotation:26,,,n30-round2-three-versions-v1,2026-09-04-r2-v1
n30-round2-three-versions-v1-slot-21,,21,3,19,95,P14_DOC_B,28,D4_derived,D4_derived.html,5,right,left,3,text-enrichment-reader-round2-n30-v1:participant:21:documents:set:3:rotation:26,,,n30-round2-three-versions-v1,2026-09-04-r2-v1
n30-round2-three-versions-v1-slot-21,,21,3,20,96,P9_DOC_A,17,W_writer_optimal,W_writer_optimal.html,3,left,right,3,text-enrichment-reader-round2-n30-v1:participant:21:documents:set:3:rotation:26,,,n30-round2-three-versions-v1,2026-09-04-r2-v1
n30-round2-three-versions-v1-slot-21,,21,3,21,97,P4_DOC_A,7,D3_derived,D3_derived.html,4,left,right,3,text-enrichment-reader-round2-n30-v1:participant:21:documents:set:3:rotation:26,,,n30-round2-three-versions-v1,2026-09-04-r2-v1
n30-round2-three-versions-v1-slot-21,,21,3,22,98,P17_DOC_A,33,D4_derived,D4_derived.html,5,right,left,3,text-enrichment-reader-round2-n30-v1:participant:21:documents:set:3:rotation:26,,,n30-round2-three-versions-v1,2026-09-04-r2-v1
n30-round2-three-versions-v1-slot-21,,21,3,23,99,P8_DOC_A,15,D2_derived,D2_derived.html,2,left,right,3,text-enrichment-reader-round2-n30-v1:participant:21:documents:set:3:rotation:26,,,n30-round2-three-versions-v1,2026-09-04-r2-v1
n30-round2-three-versions-v1-slot-21,,21,3,24,100,P5_DOC_B,10,D2_derived,D2_derived.html,2,left,right,3,text-enrichment-reader-round2-n30-v1:participant:21:documents:set:3:rotation:26,,,n30-round2-three-versions-v1,2026-09-04-r2-v1
n30-round2-three-versions-v1-slot-21,,21,3,25,101,P17_DOC_B,34,D2_derived,D2_derived.html,2,right,left,3,text-enrichment-reader-round2-n30-v1:participant:21:documents:set:3:rotation:26,,,n30-round2-three-versions-v1,2026-09-04-r2-v1
n30-round2-three-versions-v1-slot-21,,21,3,26,102,P6_DOC_B,12,W_writer_optimal,W_writer_optimal.html,3,left,right,3,text-enrichment-reader-round2-n30-v1:participant:21:documents:set:3:rotation:26,,,n30-round2-three-versions-v1,2026-09-04-r2-v1
n30-round2-three-versions-v1-slot-21,,21,3,27,103,P8_DOC_B,16,D4_derived,D4_derived.html,5,left,right,3,text-enrichment-reader-round2-n30-v1:participant:21:documents:set:3:rotation:26,,,n30-round2-three-versions-v1,2026-09-04-r2-v1
n30-round2-three-versions-v1-slot-21,,21,3,28,104,P18_DOC_A,35,D5_maximal,D5_maximal.html,6,right,left,3,text-enrichment-reader-round2-n30-v1:participant:21:documents:set:3:rotation:26,,,n30-round2-three-versions-v1,2026-09-04-r2-v1
n30-round2-three-versions-v1-slot-21,,21,3,29,105,P12_DOC_A,23,D5_maximal,D5_maximal.html,6,right,left,3,text-enrichment-reader-round2-n30-v1:participant:21:documents:set:3:rotation:26,,,n30-round2-three-versions-v1,2026-09-04-r2-v1
n30-round2-three-versions-v1-slot-21,,21,3,30,106,P9_DOC_B,18,D5_maximal,D5_maximal.html,6,left,right,3,text-enrichment-reader-round2-n30-v1:participant:21:documents:set:3:rotation:26,,,n30-round2-three-versions-v1,2026-09-04-r2-v1
n30-round2-three-versions-v1-slot-21,,21,3,31,107,P19_DOC_B,38,D3_derived,D3_derived.html,4,right,left,3,text-enrichment-reader-round2-n30-v1:participant:21:documents:set:3:rotation:26,,,n30-round2-three-versions-v1,2026-09-04-r2-v1
n30-round2-three-versions-v1-slot-21,,21,3,32,108,P10_DOC_A,19,D3_derived,D3_derived.html,4,left,right,3,text-enrichment-reader-round2-n30-v1:participant:21:documents:set:3:rotation:26,,,n30-round2-three-versions-v1,2026-09-04-r2-v1
n30-round2-three-versions-v1-slot-21,,21,3,33,109,P16_DOC_A,31,D3_derived,D3_derived.html,4,right,left,3,text-enrichment-reader-round2-n30-v1:participant:21:documents:set:3:rotation:26,,,n30-round2-three-versions-v1,2026-09-04-r2-v1
n30-round2-three-versions-v1-slot-21,,21,3,34,110,P15_DOC_A,29,W_writer_optimal,W_writer_optimal.html,3,right,left,3,text-enrichment-reader-round2-n30-v1:participant:21:documents:set:3:rotation:26,,,n30-round2-three-versions-v1,2026-09-04-r2-v1
n30-round2-three-versions-v1-slot-21,,21,3,35,111,P5_DOC_A,9,D4_derived,D4_derived.html,5,left,right,3,text-enrichment-reader-round2-n30-v1:participant:21:documents:set:3:rotation:26,,,n30-round2-three-versions-v1,2026-09-04-r2-v1
n30-round2-three-versions-v1-slot-21,,21,3,36,112,P19_DOC_A,37,D1_derived,D1_derived.html,1,right,left,3,text-enrichment-reader-round2-n30-v1:participant:21:documents:set:3:rotation:26,,,n30-round2-three-versions-v1,2026-09-04-r2-v1
n30-round2-three-versions-v1-slot-21,,21,3,37,113,P3_DOC_B,6,D5_maximal,D5_maximal.html,6,left,right,3,text-enrichment-reader-round2-n30-v1:participant:21:documents:set:3:rotation:26,,,n30-round2-three-versions-v1,2026-09-04-r2-v1
n30-round2-three-versions-v1-slot-21,,21,3,38,114,P12_DOC_B,24,W_writer_optimal,W_writer_optimal.html,3,right,left,3,text-enrichment-reader-round2-n30-v1:participant:21:documents:set:3:rotation:26,,,n30-round2-three-versions-v1,2026-09-04-r2-v1
n30-round2-three-versions-v1-slot-22,,22,1,1,1,P3_DOC_B,6,D1_derived,D1_derived.html,1,right,left,1,text-enrichment-reader-round2-n30-v1:participant:22:documents:set:1:rotation:0,,,n30-round2-three-versions-v1,2026-09-04-r2-v1
n30-round2-three-versions-v1-slot-22,,22,1,2,2,P4_DOC_A,7,D4_derived,D4_derived.html,5,left,right,1,text-enrichment-reader-round2-n30-v1:participant:22:documents:set:1:rotation:0,,,n30-round2-three-versions-v1,2026-09-04-r2-v1
n30-round2-three-versions-v1-slot-22,,22,1,3,3,P3_DOC_A,5,D3_derived,D3_derived.html,4,right,left,1,text-enrichment-reader-round2-n30-v1:participant:22:documents:set:1:rotation:0,,,n30-round2-three-versions-v1,2026-09-04-r2-v1
n30-round2-three-versions-v1-slot-22,,22,1,4,4,P18_DOC_A,35,D1_derived,D1_derived.html,1,right,left,1,text-enrichment-reader-round2-n30-v1:participant:22:documents:set:1:rotation:0,,,n30-round2-three-versions-v1,2026-09-04-r2-v1
n30-round2-three-versions-v1-slot-22,,22,1,5,5,P18_DOC_B,36,D3_derived,D3_derived.html,4,right,left,1,text-enrichment-reader-round2-n30-v1:participant:22:documents:set:1:rotation:0,,,n30-round2-three-versions-v1,2026-09-04-r2-v1
n30-round2-three-versions-v1-slot-22,,22,1,6,6,P2_DOC_A,3,W_writer_optimal,W_writer_optimal.html,3,left,right,1,text-enrichment-reader-round2-n30-v1:participant:22:documents:set:1:rotation:0,,,n30-round2-three-versions-v1,2026-09-04-r2-v1
n30-round2-three-versions-v1-slot-22,,22,1,7,7,P11_DOC_B,22,W_writer_optimal,W_writer_optimal.html,3,left,right,1,text-enrichment-reader-round2-n30-v1:participant:22:documents:set:1:rotation:0,,,n30-round2-three-versions-v1,2026-09-04-r2-v1
n30-round2-three-versions-v1-slot-22,,22,1,8,8,P15_DOC_A,29,D3_derived,D3_derived.html,4,left,right,1,text-enrichment-reader-round2-n30-v1:participant:22:documents:set:1:rotation:0,,,n30-round2-three-versions-v1,2026-09-04-r2-v1
n30-round2-three-versions-v1-slot-22,,22,1,9,9,P17_DOC_B,34,W_writer_optimal,W_writer_optimal.html,3,right,left,1,text-enrichment-reader-round2-n30-v1:participant:22:documents:set:1:rotation:0,,,n30-round2-three-versions-v1,2026-09-04-r2-v1
n30-round2-three-versions-v1-slot-22,,22,1,10,10,P10_DOC_A,19,D4_derived,D4_derived.html,5,left,right,1,text-enrichment-reader-round2-n30-v1:participant:22:documents:set:1:rotation:0,,,n30-round2-three-versions-v1,2026-09-04-r2-v1
n30-round2-three-versions-v1-slot-22,,22,1,11,11,P16_DOC_A,31,D4_derived,D4_derived.html,5,left,right,1,text-enrichment-reader-round2-n30-v1:participant:22:documents:set:1:rotation:0,,,n30-round2-three-versions-v1,2026-09-04-r2-v1
n30-round2-three-versions-v1-slot-22,,22,1,12,12,P15_DOC_B,30,D1_derived,D1_derived.html,1,left,right,1,text-enrichment-reader-round2-n30-v1:participant:22:documents:set:1:rotation:0,,,n30-round2-three-versions-v1,2026-09-04-r2-v1
n30-round2-three-versions-v1-slot-22,,22,1,13,13,P11_DOC_A,21,D5_maximal,D5_maximal.html,6,left,right,1,text-enrichment-reader-round2-n30-v1:participant:22:documents:set:1:rotation:0,,,n30-round2-three-versions-v1,2026-09-04-r2-v1
n30-round2-three-versions-v1-slot-22,,22,1,14,14,P6_DOC_B,12,D3_derived,D3_derived.html,4,right,left,1,text-enrichment-reader-round2-n30-v1:participant:22:documents:set:1:rotation:0,,,n30-round2-three-versions-v1,2026-09-04-r2-v1
n30-round2-three-versions-v1-slot-22,,22,1,15,15,P9_DOC_A,17,D3_derived,D3_derived.html,4,right,left,1,text-enrichment-reader-round2-n30-v1:participant:22:documents:set:1:rotation:0,,,n30-round2-three-versions-v1,2026-09-04-r2-v1
n30-round2-three-versions-v1-slot-22,,22,1,16,16,P12_DOC_B,24,D3_derived,D3_derived.html,4,left,right,1,text-enrichment-reader-round2-n30-v1:participant:22:documents:set:1:rotation:0,,,n30-round2-three-versions-v1,2026-09-04-r2-v1
n30-round2-three-versions-v1-slot-22,,22,1,17,17,P19_DOC_A,37,D2_derived,D2_derived.html,2,right,left,1,text-enrichment-reader-round2-n30-v1:participant:22:documents:set:1:rotation:0,,,n30-round2-three-versions-v1,2026-09-04-r2-v1
n30-round2-three-versions-v1-slot-22,,22,1,18,18,P8_DOC_B,16,D5_maximal,D5_maximal.html,6,right,left,1,text-enrichment-reader-round2-n30-v1:participant:22:documents:set:1:rotation:0,,,n30-round2-three-versions-v1,2026-09-04-r2-v1
n30-round2-three-versions-v1-slot-22,,22,1,19,19,P1_DOC_B,2,D4_derived,D4_derived.html,5,right,left,1,text-enrichment-reader-round2-n30-v1:participant:22:documents:set:1:rotation:0,,,n30-round2-three-versions-v1,2026-09-04-r2-v1
n30-round2-three-versions-v1-slot-22,,22,1,20,20,P1_DOC_A,1,D2_derived,D2_derived.html,2,right,left,1,text-enrichment-reader-round2-n30-v1:participant:22:documents:set:1:rotation:0,,,n30-round2-three-versions-v1,2026-09-04-r2-v1
n30-round2-three-versions-v1-slot-22,,22,1,21,21,P13_DOC_B,26,D4_derived,D4_derived.html,5,left,right,1,text-enrichment-reader-round2-n30-v1:participant:22:documents:set:1:rotation:0,,,n30-round2-three-versions-v1,2026-09-04-r2-v1
n30-round2-three-versions-v1-slot-22,,22,1,22,22,P16_DOC_B,32,D2_derived,D2_derived.html,2,left,right,1,text-enrichment-reader-round2-n30-v1:participant:22:documents:set:1:rotation:0,,,n30-round2-three-versions-v1,2026-09-04-r2-v1
n30-round2-three-versions-v1-slot-22,,22,1,23,23,P7_DOC_B,14,D4_derived,D4_derived.html,5,right,left,1,text-enrichment-reader-round2-n30-v1:participant:22:documents:set:1:rotation:0,,,n30-round2-three-versions-v1,2026-09-04-r2-v1
n30-round2-three-versions-v1-slot-22,,22,1,24,24,P6_DOC_A,11,D1_derived,D1_derived.html,1,left,right,1,text-enrichment-reader-round2-n30-v1:participant:22:documents:set:1:rotation:0,,,n30-round2-three-versions-v1,2026-09-04-r2-v1
n30-round2-three-versions-v1-slot-22,,22,1,25,25,P5_DOC_A,9,D5_maximal,D5_maximal.html,6,right,left,1,text-enrichment-reader-round2-n30-v1:participant:22:documents:set:1:rotation:0,,,n30-round2-three-versions-v1,2026-09-04-r2-v1
n30-round2-three-versions-v1-slot-22,,22,1,26,26,P17_DOC_A,33,D5_maximal,D5_maximal.html,6,left,right,1,text-enrichment-reader-round2-n30-v1:participant:22:documents:set:1:rotation:0,,,n30-round2-three-versions-v1,2026-09-04-r2-v1
n30-round2-three-versions-v1-slot-22,,22,1,27,27,P5_DOC_B,10,W_writer_optimal,W_writer_optimal.html,3,right,left,1,text-enrichment-reader-round2-n30-v1:participant:22:documents:set:1:rotation:0,,,n30-round2-three-versions-v1,2026-09-04-r2-v1
n30-round2-three-versions-v1-slot-22,,22,1,28,28,P7_DOC_A,13,D2_derived,D2_derived.html,2,right,left,1,text-enrichment-reader-round2-n30-v1:participant:22:documents:set:1:rotation:0,,,n30-round2-three-versions-v1,2026-09-04-r2-v1
n30-round2-three-versions-v1-slot-22,,22,1,29,29,P9_DOC_B,18,D1_derived,D1_derived.html,1,right,left,1,text-enrichment-reader-round2-n30-v1:participant:22:documents:set:1:rotation:0,,,n30-round2-three-versions-v1,2026-09-04-r2-v1
n30-round2-three-versions-v1-slot-22,,22,1,30,30,P13_DOC_A,25,D2_derived,D2_derived.html,2,left,right,1,text-enrichment-reader-round2-n30-v1:participant:22:documents:set:1:rotation:0,,,n30-round2-three-versions-v1,2026-09-04-r2-v1
n30-round2-three-versions-v1-slot-22,,22,1,31,31,P19_DOC_B,38,D4_derived,D4_derived.html,5,right,left,1,text-enrichment-reader-round2-n30-v1:participant:22:documents:set:1:rotation:0,,,n30-round2-three-versions-v1,2026-09-04-r2-v1
n30-round2-three-versions-v1-slot-22,,22,1,32,32,P8_DOC_A,15,W_writer_optimal,W_writer_optimal.html,3,left,right,1,text-enrichment-reader-round2-n30-v1:participant:22:documents:set:1:rotation:0,,,n30-round2-three-versions-v1,2026-09-04-r2-v1
n30-round2-three-versions-v1-slot-22,,22,1,33,33,P14_DOC_B,28,D5_maximal,D5_maximal.html,6,left,right,1,text-enrichment-reader-round2-n30-v1:participant:22:documents:set:1:rotation:0,,,n30-round2-three-versions-v1,2026-09-04-r2-v1
n30-round2-three-versions-v1-slot-22,,22,1,34,34,P10_DOC_B,20,D2_derived,D2_derived.html,2,left,right,1,text-enrichment-reader-round2-n30-v1:participant:22:documents:set:1:rotation:0,,,n30-round2-three-versions-v1,2026-09-04-r2-v1
n30-round2-three-versions-v1-slot-22,,22,1,35,35,P14_DOC_A,27,W_writer_optimal,W_writer_optimal.html,3,left,right,1,text-enrichment-reader-round2-n30-v1:participant:22:documents:set:1:rotation:0,,,n30-round2-three-versions-v1,2026-09-04-r2-v1
n30-round2-three-versions-v1-slot-22,,22,1,36,36,P12_DOC_A,23,D1_derived,D1_derived.html,1,left,right,1,text-enrichment-reader-round2-n30-v1:participant:22:documents:set:1:rotation:0,,,n30-round2-three-versions-v1,2026-09-04-r2-v1
n30-round2-three-versions-v1-slot-22,,22,1,37,37,P2_DOC_B,4,D5_maximal,D5_maximal.html,6,right,left,1,text-enrichment-reader-round2-n30-v1:participant:22:documents:set:1:rotation:0,,,n30-round2-three-versions-v1,2026-09-04-r2-v1
n30-round2-three-versions-v1-slot-22,,22,1,38,38,P4_DOC_B,8,D2_derived,D2_derived.html,2,right,left,1,text-enrichment-reader-round2-n30-v1:participant:22:documents:set:1:rotation:0,,,n30-round2-three-versions-v1,2026-09-04-r2-v1
n30-round2-three-versions-v1-slot-22,,22,2,1,39,P6_DOC_B,12,D4_derived,D4_derived.html,5,right,left,2,text-enrichment-reader-round2-n30-v1:participant:22:documents:set:2:rotation:13,,,n30-round2-three-versions-v1,2026-09-04-r2-v1
n30-round2-three-versions-v1-slot-22,,22,2,2,40,P9_DOC_A,17,D5_maximal,D5_maximal.html,6,left,right,2,text-enrichment-reader-round2-n30-v1:participant:22:documents:set:2:rotation:13,,,n30-round2-three-versions-v1,2026-09-04-r2-v1
n30-round2-three-versions-v1-slot-22,,22,2,3,41,P12_DOC_B,24,D4_derived,D4_derived.html,5,right,left,2,text-enrichment-reader-round2-n30-v1:participant:22:documents:set:2:rotation:13,,,n30-round2-three-versions-v1,2026-09-04-r2-v1
n30-round2-three-versions-v1-slot-22,,22,2,4,42,P19_DOC_A,37,D3_derived,D3_derived.html,4,right,left,2,text-enrichment-reader-round2-n30-v1:participant:22:documents:set:2:rotation:13,,,n30-round2-three-versions-v1,2026-09-04-r2-v1
n30-round2-three-versions-v1-slot-22,,22,2,5,43,P8_DOC_B,16,D1_derived,D1_derived.html,1,right,left,2,text-enrichment-reader-round2-n30-v1:participant:22:documents:set:2:rotation:13,,,n30-round2-three-versions-v1,2026-09-04-r2-v1
n30-round2-three-versions-v1-slot-22,,22,2,6,44,P1_DOC_B,2,D5_maximal,D5_maximal.html,6,left,right,2,text-enrichment-reader-round2-n30-v1:participant:22:documents:set:2:rotation:13,,,n30-round2-three-versions-v1,2026-09-04-r2-v1
n30-round2-three-versions-v1-slot-22,,22,2,7,45,P1_DOC_A,1,D3_derived,D3_derived.html,4,left,right,2,text-enrichment-reader-round2-n30-v1:participant:22:documents:set:2:rotation:13,,,n30-round2-three-versions-v1,2026-09-04-r2-v1
n30-round2-three-versions-v1-slot-22,,22,2,8,46,P13_DOC_B,26,D5_maximal,D5_maximal.html,6,right,left,2,text-enrichment-reader-round2-n30-v1:participant:22:documents:set:2:rotation:13,,,n30-round2-three-versions-v1,2026-09-04-r2-v1
n30-round2-three-versions-v1-slot-22,,22,2,9,47,P16_DOC_B,32,W_writer_optimal,W_writer_optimal.html,3,right,left,2,text-enrichment-reader-round2-n30-v1:participant:22:documents:set:2:rotation:13,,,n30-round2-three-versions-v1,2026-09-04-r2-v1
n30-round2-three-versions-v1-slot-22,,22,2,10,48,P7_DOC_B,14,D5_maximal,D5_maximal.html,6,left,right,2,text-enrichment-reader-round2-n30-v1:participant:22:documents:set:2:rotation:13,,,n30-round2-three-versions-v1,2026-09-04-r2-v1
n30-round2-three-versions-v1-slot-22,,22,2,11,49,P6_DOC_A,11,W_writer_optimal,W_writer_optimal.html,3,left,right,2,text-enrichment-reader-round2-n30-v1:participant:22:documents:set:2:rotation:13,,,n30-round2-three-versions-v1,2026-09-04-r2-v1
n30-round2-three-versions-v1-slot-22,,22,2,12,50,P5_DOC_A,9,D2_derived,D2_derived.html,2,right,left,2,text-enrichment-reader-round2-n30-v1:participant:22:documents:set:2:rotation:13,,,n30-round2-three-versions-v1,2026-09-04-r2-v1
n30-round2-three-versions-v1-slot-22,,22,2,13,51,P17_DOC_A,33,D2_derived,D2_derived.html,2,right,left,2,text-enrichment-reader-round2-n30-v1:participant:22:documents:set:2:rotation:13,,,n30-round2-three-versions-v1,2026-09-04-r2-v1
n30-round2-three-versions-v1-slot-22,,22,2,14,52,P5_DOC_B,10,D3_derived,D3_derived.html,4,left,right,2,text-enrichment-reader-round2-n30-v1:participant:22:documents:set:2:rotation:13,,,n30-round2-three-versions-v1,2026-09-04-r2-v1
n30-round2-three-versions-v1-slot-22,,22,2,15,53,P7_DOC_A,13,D3_derived,D3_derived.html,4,left,right,2,text-enrichment-reader-round2-n30-v1:participant:22:documents:set:2:rotation:13,,,n30-round2-three-versions-v1,2026-09-04-r2-v1
n30-round2-three-versions-v1-slot-22,,22,2,16,54,P9_DOC_B,18,D2_derived,D2_derived.html,2,left,right,2,text-enrichment-reader-round2-n30-v1:participant:22:documents:set:2:rotation:13,,,n30-round2-three-versions-v1,2026-09-04-r2-v1
n30-round2-three-versions-v1-slot-22,,22,2,17,55,P13_DOC_A,25,D3_derived,D3_derived.html,4,right,left,2,text-enrichment-reader-round2-n30-v1:participant:22:documents:set:2:rotation:13,,,n30-round2-three-versions-v1,2026-09-04-r2-v1
n30-round2-three-versions-v1-slot-22,,22,2,18,56,P19_DOC_B,38,D5_maximal,D5_maximal.html,6,right,left,2,text-enrichment-reader-round2-n30-v1:participant:22:documents:set:2:rotation:13,,,n30-round2-three-versions-v1,2026-09-04-r2-v1
n30-round2-three-versions-v1-slot-22,,22,2,19,57,P8_DOC_A,15,D4_derived,D4_derived.html,5,left,right,2,text-enrichment-reader-round2-n30-v1:participant:22:documents:set:2:rotation:13,,,n30-round2-three-versions-v1,2026-09-04-r2-v1
n30-round2-three-versions-v1-slot-22,,22,2,20,58,P14_DOC_B,28,D1_derived,D1_derived.html,1,right,left,2,text-enrichment-reader-round2-n30-v1:participant:22:documents:set:2:rotation:13,,,n30-round2-three-versions-v1,2026-09-04-r2-v1
n30-round2-three-versions-v1-slot-22,,22,2,21,59,P10_DOC_B,20,W_writer_optimal,W_writer_optimal.html,3,left,right,2,text-enrichment-reader-round2-n30-v1:participant:22:documents:set:2:rotation:13,,,n30-round2-three-versions-v1,2026-09-04-r2-v1
n30-round2-three-versions-v1-slot-22,,22,2,22,60,P14_DOC_A,27,D4_derived,D4_derived.html,5,right,left,2,text-enrichment-reader-round2-n30-v1:participant:22:documents:set:2:rotation:13,,,n30-round2-three-versions-v1,2026-09-04-r2-v1
n30-round2-three-versions-v1-slot-22,,22,2,23,61,P12_DOC_A,23,W_writer_optimal,W_writer_optimal.html,3,left,right,2,text-enrichment-reader-round2-n30-v1:participant:22:documents:set:2:rotation:13,,,n30-round2-three-versions-v1,2026-09-04-r2-v1
n30-round2-three-versions-v1-slot-22,,22,2,24,62,P2_DOC_B,4,D1_derived,D1_derived.html,1,right,left,2,text-enrichment-reader-round2-n30-v1:participant:22:documents:set:2:rotation:13,,,n30-round2-three-versions-v1,2026-09-04-r2-v1
n30-round2-three-versions-v1-slot-22,,22,2,25,63,P4_DOC_B,8,W_writer_optimal,W_writer_optimal.html,3,right,left,2,text-enrichment-reader-round2-n30-v1:participant:22:documents:set:2:rotation:13,,,n30-round2-three-versions-v1,2026-09-04-r2-v1
n30-round2-three-versions-v1-slot-22,,22,2,26,64,P3_DOC_B,6,D2_derived,D2_derived.html,2,left,right,2,text-enrichment-reader-round2-n30-v1:participant:22:documents:set:2:rotation:13,,,n30-round2-three-versions-v1,2026-09-04-r2-v1
n30-round2-three-versions-v1-slot-22,,22,2,27,65,P4_DOC_A,7,D1_derived,D1_derived.html,1,left,right,2,text-enrichment-reader-round2-n30-v1:participant:22:documents:set:2:rotation:13,,,n30-round2-three-versions-v1,2026-09-04-r2-v1
n30-round2-three-versions-v1-slot-22,,22,2,28,66,P3_DOC_A,5,D5_maximal,D5_maximal.html,6,left,right,2,text-enrichment-reader-round2-n30-v1:participant:22:documents:set:2:rotation:13,,,n30-round2-three-versions-v1,2026-09-04-r2-v1
n30-round2-three-versions-v1-slot-22,,22,2,29,67,P18_DOC_A,35,W_writer_optimal,W_writer_optimal.html,3,right,left,2,text-enrichment-reader-round2-n30-v1:participant:22:documents:set:2:rotation:13,,,n30-round2-three-versions-v1,2026-09-04-r2-v1
n30-round2-three-versions-v1-slot-22,,22,2,30,68,P18_DOC_B,36,D4_derived,D4_derived.html,5,right,left,2,text-enrichment-reader-round2-n30-v1:participant:22:documents:set:2:rotation:13,,,n30-round2-three-versions-v1,2026-09-04-r2-v1
n30-round2-three-versions-v1-slot-22,,22,2,31,69,P2_DOC_A,3,D4_derived,D4_derived.html,5,left,right,2,text-enrichment-reader-round2-n30-v1:participant:22:documents:set:2:rotation:13,,,n30-round2-three-versions-v1,2026-09-04-r2-v1
n30-round2-three-versions-v1-slot-22,,22,2,32,70,P11_DOC_B,22,D3_derived,D3_derived.html,4,left,right,2,text-enrichment-reader-round2-n30-v1:participant:22:documents:set:2:rotation:13,,,n30-round2-three-versions-v1,2026-09-04-r2-v1
n30-round2-three-versions-v1-slot-22,,22,2,33,71,P15_DOC_A,29,D5_maximal,D5_maximal.html,6,right,left,2,text-enrichment-reader-round2-n30-v1:participant:22:documents:set:2:rotation:13,,,n30-round2-three-versions-v1,2026-09-04-r2-v1
n30-round2-three-versions-v1-slot-22,,22,2,34,72,P17_DOC_B,34,D3_derived,D3_derived.html,4,left,right,2,text-enrichment-reader-round2-n30-v1:participant:22:documents:set:2:rotation:13,,,n30-round2-three-versions-v1,2026-09-04-r2-v1
n30-round2-three-versions-v1-slot-22,,22,2,35,73,P10_DOC_A,19,D1_derived,D1_derived.html,1,left,right,2,text-enrichment-reader-round2-n30-v1:participant:22:documents:set:2:rotation:13,,,n30-round2-three-versions-v1,2026-09-04-r2-v1
n30-round2-three-versions-v1-slot-22,,22,2,36,74,P16_DOC_A,31,D1_derived,D1_derived.html,1,right,left,2,text-enrichment-reader-round2-n30-v1:participant:22:documents:set:2:rotation:13,,,n30-round2-three-versions-v1,2026-09-04-r2-v1
n30-round2-three-versions-v1-slot-22,,22,2,37,75,P15_DOC_B,30,D2_derived,D2_derived.html,2,right,left,2,text-enrichment-reader-round2-n30-v1:participant:22:documents:set:2:rotation:13,,,n30-round2-three-versions-v1,2026-09-04-r2-v1
n30-round2-three-versions-v1-slot-22,,22,2,38,76,P11_DOC_A,21,D2_derived,D2_derived.html,2,left,right,2,text-enrichment-reader-round2-n30-v1:participant:22:documents:set:2:rotation:13,,,n30-round2-three-versions-v1,2026-09-04-r2-v1
n30-round2-three-versions-v1-slot-22,,22,3,1,77,P5_DOC_B,10,D1_derived,D1_derived.html,1,left,right,3,text-enrichment-reader-round2-n30-v1:participant:22:documents:set:3:rotation:26,,,n30-round2-three-versions-v1,2026-09-04-r2-v1
n30-round2-three-versions-v1-slot-22,,22,3,2,78,P7_DOC_A,13,D1_derived,D1_derived.html,1,left,right,3,text-enrichment-reader-round2-n30-v1:participant:22:documents:set:3:rotation:26,,,n30-round2-three-versions-v1,2026-09-04-r2-v1
n30-round2-three-versions-v1-slot-22,,22,3,3,79,P9_DOC_B,18,D4_derived,D4_derived.html,5,left,right,3,text-enrichment-reader-round2-n30-v1:participant:22:documents:set:3:rotation:26,,,n30-round2-three-versions-v1,2026-09-04-r2-v1
n30-round2-three-versions-v1-slot-22,,22,3,4,80,P13_DOC_A,25,D1_derived,D1_derived.html,1,right,left,3,text-enrichment-reader-round2-n30-v1:participant:22:documents:set:3:rotation:26,,,n30-round2-three-versions-v1,2026-09-04-r2-v1
n30-round2-three-versions-v1-slot-22,,22,3,5,81,P19_DOC_B,38,W_writer_optimal,W_writer_optimal.html,3,right,left,3,text-enrichment-reader-round2-n30-v1:participant:22:documents:set:3:rotation:26,,,n30-round2-three-versions-v1,2026-09-04-r2-v1
n30-round2-three-versions-v1-slot-22,,22,3,6,82,P8_DOC_A,15,D2_derived,D2_derived.html,2,right,left,3,text-enrichment-reader-round2-n30-v1:participant:22:documents:set:3:rotation:26,,,n30-round2-three-versions-v1,2026-09-04-r2-v1
n30-round2-three-versions-v1-slot-22,,22,3,7,83,P14_DOC_B,28,D3_derived,D3_derived.html,4,right,left,3,text-enrichment-reader-round2-n30-v1:participant:22:documents:set:3:rotation:26,,,n30-round2-three-versions-v1,2026-09-04-r2-v1
n30-round2-three-versions-v1-slot-22,,22,3,8,84,P10_DOC_B,20,D5_maximal,D5_maximal.html,6,left,right,3,text-enrichment-reader-round2-n30-v1:participant:22:documents:set:3:rotation:26,,,n30-round2-three-versions-v1,2026-09-04-r2-v1
n30-round2-three-versions-v1-slot-22,,22,3,9,85,P14_DOC_A,27,D2_derived,D2_derived.html,2,right,left,3,text-enrichment-reader-round2-n30-v1:participant:22:documents:set:3:rotation:26,,,n30-round2-three-versions-v1,2026-09-04-r2-v1
n30-round2-three-versions-v1-slot-22,,22,3,10,86,P12_DOC_A,23,D5_maximal,D5_maximal.html,6,left,right,3,text-enrichment-reader-round2-n30-v1:participant:22:documents:set:3:rotation:26,,,n30-round2-three-versions-v1,2026-09-04-r2-v1
n30-round2-three-versions-v1-slot-22,,22,3,11,87,P2_DOC_B,4,D3_derived,D3_derived.html,4,left,right,3,text-enrichment-reader-round2-n30-v1:participant:22:documents:set:3:rotation:26,,,n30-round2-three-versions-v1,2026-09-04-r2-v1
n30-round2-three-versions-v1-slot-22,,22,3,12,88,P4_DOC_B,8,D5_maximal,D5_maximal.html,6,left,right,3,text-enrichment-reader-round2-n30-v1:participant:22:documents:set:3:rotation:26,,,n30-round2-three-versions-v1,2026-09-04-r2-v1
n30-round2-three-versions-v1-slot-22,,22,3,13,89,P3_DOC_B,6,D4_derived,D4_derived.html,5,left,right,3,text-enrichment-reader-round2-n30-v1:participant:22:documents:set:3:rotation:26,,,n30-round2-three-versions-v1,2026-09-04-r2-v1
n30-round2-three-versions-v1-slot-22,,22,3,14,90,P4_DOC_A,7,D3_derived,D3_derived.html,4,right,left,3,text-enrichment-reader-round2-n30-v1:participant:22:documents:set:3:rotation:26,,,n30-round2-three-versions-v1,2026-09-04-r2-v1
n30-round2-three-versions-v1-slot-22,,22,3,15,91,P3_DOC_A,5,W_writer_optimal,W_writer_optimal.html,3,left,right,3,text-enrichment-reader-round2-n30-v1:participant:22:documents:set:3:rotation:26,,,n30-round2-three-versions-v1,2026-09-04-r2-v1
n30-round2-three-versions-v1-slot-22,,22,3,16,92,P18_DOC_A,35,D5_maximal,D5_maximal.html,6,right,left,3,text-enrichment-reader-round2-n30-v1:participant:22:documents:set:3:rotation:26,,,n30-round2-three-versions-v1,2026-09-04-r2-v1
n30-round2-three-versions-v1-slot-22,,22,3,17,93,P18_DOC_B,36,D2_derived,D2_derived.html,2,right,left,3,text-enrichment-reader-round2-n30-v1:participant:22:documents:set:3:rotation:26,,,n30-round2-three-versions-v1,2026-09-04-r2-v1
n30-round2-three-versions-v1-slot-22,,22,3,18,94,P2_DOC_A,3,D2_derived,D2_derived.html,2,right,left,3,text-enrichment-reader-round2-n30-v1:participant:22:documents:set:3:rotation:26,,,n30-round2-three-versions-v1,2026-09-04-r2-v1
n30-round2-three-versions-v1-slot-22,,22,3,19,95,P11_DOC_B,22,D1_derived,D1_derived.html,1,left,right,3,text-enrichment-reader-round2-n30-v1:participant:22:documents:set:3:rotation:26,,,n30-round2-three-versions-v1,2026-09-04-r2-v1
n30-round2-three-versions-v1-slot-22,,22,3,20,96,P15_DOC_A,29,W_writer_optimal,W_writer_optimal.html,3,right,left,3,text-enrichment-reader-round2-n30-v1:participant:22:documents:set:3:rotation:26,,,n30-round2-three-versions-v1,2026-09-04-r2-v1
n30-round2-three-versions-v1-slot-22,,22,3,21,97,P17_DOC_B,34,D1_derived,D1_derived.html,1,right,left,3,text-enrichment-reader-round2-n30-v1:participant:22:documents:set:3:rotation:26,,,n30-round2-three-versions-v1,2026-09-04-r2-v1
n30-round2-three-versions-v1-slot-22,,22,3,22,98,P10_DOC_A,19,D3_derived,D3_derived.html,4,right,left,3,text-enrichment-reader-round2-n30-v1:participant:22:documents:set:3:rotation:26,,,n30-round2-three-versions-v1,2026-09-04-r2-v1
n30-round2-three-versions-v1-slot-22,,22,3,23,99,P16_DOC_A,31,D3_derived,D3_derived.html,4,right,left,3,text-enrichment-reader-round2-n30-v1:participant:22:documents:set:3:rotation:26,,,n30-round2-three-versions-v1,2026-09-04-r2-v1
n30-round2-three-versions-v1-slot-22,,22,3,24,100,P15_DOC_B,30,D4_derived,D4_derived.html,5,right,left,3,text-enrichment-reader-round2-n30-v1:participant:22:documents:set:3:rotation:26,,,n30-round2-three-versions-v1,2026-09-04-r2-v1
n30-round2-three-versions-v1-slot-22,,22,3,25,101,P11_DOC_A,21,D4_derived,D4_derived.html,5,left,right,3,text-enrichment-reader-round2-n30-v1:participant:22:documents:set:3:rotation:26,,,n30-round2-three-versions-v1,2026-09-04-r2-v1
n30-round2-three-versions-v1-slot-22,,22,3,26,102,P6_DOC_B,12,D2_derived,D2_derived.html,2,left,right,3,text-enrichment-reader-round2-n30-v1:participant:22:documents:set:3:rotation:26,,,n30-round2-three-versions-v1,2026-09-04-r2-v1
n30-round2-three-versions-v1-slot-22,,22,3,27,103,P9_DOC_A,17,W_writer_optimal,W_writer_optimal.html,3,left,right,3,text-enrichment-reader-round2-n30-v1:participant:22:documents:set:3:rotation:26,,,n30-round2-three-versions-v1,2026-09-04-r2-v1
n30-round2-three-versions-v1-slot-22,,22,3,28,104,P12_DOC_B,24,D2_derived,D2_derived.html,2,left,right,3,text-enrichment-reader-round2-n30-v1:participant:22:documents:set:3:rotation:26,,,n30-round2-three-versions-v1,2026-09-04-r2-v1
n30-round2-three-versions-v1-slot-22,,22,3,29,105,P19_DOC_A,37,D1_derived,D1_derived.html,1,right,left,3,text-enrichment-reader-round2-n30-v1:participant:22:documents:set:3:rotation:26,,,n30-round2-three-versions-v1,2026-09-04-r2-v1
n30-round2-three-versions-v1-slot-22,,22,3,30,106,P8_DOC_B,16,D3_derived,D3_derived.html,4,left,right,3,text-enrichment-reader-round2-n30-v1:participant:22:documents:set:3:rotation:26,,,n30-round2-three-versions-v1,2026-09-04-r2-v1
n30-round2-three-versions-v1-slot-22,,22,3,31,107,P1_DOC_B,2,W_writer_optimal,W_writer_optimal.html,3,left,right,3,text-enrichment-reader-round2-n30-v1:participant:22:documents:set:3:rotation:26,,,n30-round2-three-versions-v1,2026-09-04-r2-v1
n30-round2-three-versions-v1-slot-22,,22,3,32,108,P1_DOC_A,1,D1_derived,D1_derived.html,1,left,right,3,text-enrichment-reader-round2-n30-v1:participant:22:documents:set:3:rotation:26,,,n30-round2-three-versions-v1,2026-09-04-r2-v1
n30-round2-three-versions-v1-slot-22,,22,3,33,109,P13_DOC_B,26,W_writer_optimal,W_writer_optimal.html,3,right,left,3,text-enrichment-reader-round2-n30-v1:participant:22:documents:set:3:rotation:26,,,n30-round2-three-versions-v1,2026-09-04-r2-v1
n30-round2-three-versions-v1-slot-22,,22,3,34,110,P16_DOC_B,32,D5_maximal,D5_maximal.html,6,right,left,3,text-enrichment-reader-round2-n30-v1:participant:22:documents:set:3:rotation:26,,,n30-round2-three-versions-v1,2026-09-04-r2-v1
n30-round2-three-versions-v1-slot-22,,22,3,35,111,P7_DOC_B,14,W_writer_optimal,W_writer_optimal.html,3,left,right,3,text-enrichment-reader-round2-n30-v1:participant:22:documents:set:3:rotation:26,,,n30-round2-three-versions-v1,2026-09-04-r2-v1
n30-round2-three-versions-v1-slot-22,,22,3,36,112,P6_DOC_A,11,D5_maximal,D5_maximal.html,6,right,left,3,text-enrichment-reader-round2-n30-v1:participant:22:documents:set:3:rotation:26,,,n30-round2-three-versions-v1,2026-09-04-r2-v1
n30-round2-three-versions-v1-slot-22,,22,3,37,113,P5_DOC_A,9,D4_derived,D4_derived.html,5,left,right,3,text-enrichment-reader-round2-n30-v1:participant:22:documents:set:3:rotation:26,,,n30-round2-three-versions-v1,2026-09-04-r2-v1
n30-round2-three-versions-v1-slot-22,,22,3,38,114,P17_DOC_A,33,D4_derived,D4_derived.html,5,right,left,3,text-enrichment-reader-round2-n30-v1:participant:22:documents:set:3:rotation:26,,,n30-round2-three-versions-v1,2026-09-04-r2-v1
n30-round2-three-versions-v1-slot-23,,23,1,1,1,P2_DOC_A,3,D3_derived,D3_derived.html,4,right,left,1,text-enrichment-reader-round2-n30-v1:participant:23:documents:set:1:rotation:0,,,n30-round2-three-versions-v1,2026-09-04-r2-v1
n30-round2-three-versions-v1-slot-23,,23,1,2,2,P11_DOC_B,22,D2_derived,D2_derived.html,2,left,right,1,text-enrichment-reader-round2-n30-v1:participant:23:documents:set:1:rotation:0,,,n30-round2-three-versions-v1,2026-09-04-r2-v1
n30-round2-three-versions-v1-slot-23,,23,1,3,3,P11_DOC_A,21,D1_derived,D1_derived.html,1,right,left,1,text-enrichment-reader-round2-n30-v1:participant:23:documents:set:1:rotation:0,,,n30-round2-three-versions-v1,2026-09-04-r2-v1
n30-round2-three-versions-v1-slot-23,,23,1,4,4,P18_DOC_A,35,D2_derived,D2_derived.html,2,right,left,1,text-enrichment-reader-round2-n30-v1:participant:23:documents:set:1:rotation:0,,,n30-round2-three-versions-v1,2026-09-04-r2-v1
n30-round2-three-versions-v1-slot-23,,23,1,5,5,P14_DOC_B,28,D4_derived,D4_derived.html,5,left,right,1,text-enrichment-reader-round2-n30-v1:participant:23:documents:set:1:rotation:0,,,n30-round2-three-versions-v1,2026-09-04-r2-v1
n30-round2-three-versions-v1-slot-23,,23,1,6,6,P19_DOC_B,38,D3_derived,D3_derived.html,4,right,left,1,text-enrichment-reader-round2-n30-v1:participant:23:documents:set:1:rotation:0,,,n30-round2-three-versions-v1,2026-09-04-r2-v1
n30-round2-three-versions-v1-slot-23,,23,1,7,7,P1_DOC_A,1,W_writer_optimal,W_writer_optimal.html,3,right,left,1,text-enrichment-reader-round2-n30-v1:participant:23:documents:set:1:rotation:0,,,n30-round2-three-versions-v1,2026-09-04-r2-v1
n30-round2-three-versions-v1-slot-23,,23,1,8,8,P18_DOC_B,36,W_writer_optimal,W_writer_optimal.html,3,right,left,1,text-enrichment-reader-round2-n30-v1:participant:23:documents:set:1:rotation:0,,,n30-round2-three-versions-v1,2026-09-04-r2-v1
n30-round2-three-versions-v1-slot-23,,23,1,9,9,P8_DOC_A,15,D3_derived,D3_derived.html,4,right,left,1,text-enrichment-reader-round2-n30-v1:participant:23:documents:set:1:rotation:0,,,n30-round2-three-versions-v1,2026-09-04-r2-v1
n30-round2-three-versions-v1-slot-23,,23,1,10,10,P10_DOC_B,20,D1_derived,D1_derived.html,1,left,right,1,text-enrichment-reader-round2-n30-v1:participant:23:documents:set:1:rotation:0,,,n30-round2-three-versions-v1,2026-09-04-r2-v1
n30-round2-three-versions-v1-slot-23,,23,1,11,11,P17_DOC_A,33,D1_derived,D1_derived.html,1,left,right,1,text-enrichment-reader-round2-n30-v1:participant:23:documents:set:1:rotation:0,,,n30-round2-three-versions-v1,2026-09-04-r2-v1
n30-round2-three-versions-v1-slot-23,,23,1,12,12,P3_DOC_A,5,D4_derived,D4_derived.html,5,right,left,1,text-enrichment-reader-round2-n30-v1:participant:23:documents:set:1:rotation:0,,,n30-round2-three-versions-v1,2026-09-04-r2-v1
n30-round2-three-versions-v1-slot-23,,23,1,13,13,P12_DOC_B,24,W_writer_optimal,W_writer_optimal.html,3,left,right,1,text-enrichment-reader-round2-n30-v1:participant:23:documents:set:1:rotation:0,,,n30-round2-three-versions-v1,2026-09-04-r2-v1
n30-round2-three-versions-v1-slot-23,,23,1,14,14,P17_DOC_B,34,D2_derived,D2_derived.html,2,left,right,1,text-enrichment-reader-round2-n30-v1:participant:23:documents:set:1:rotation:0,,,n30-round2-three-versions-v1,2026-09-04-r2-v1
n30-round2-three-versions-v1-slot-23,,23,1,15,15,P6_DOC_B,12,W_writer_optimal,W_writer_optimal.html,3,right,left,1,text-enrichment-reader-round2-n30-v1:participant:23:documents:set:1:rotation:0,,,n30-round2-three-versions-v1,2026-09-04-r2-v1
n30-round2-three-versions-v1-slot-23,,23,1,16,16,P5_DOC_A,9,D1_derived,D1_derived.html,1,right,left,1,text-enrichment-reader-round2-n30-v1:participant:23:documents:set:1:rotation:0,,,n30-round2-three-versions-v1,2026-09-04-r2-v1
n30-round2-three-versions-v1-slot-23,,23,1,17,17,P7_DOC_A,13,W_writer_optimal,W_writer_optimal.html,3,right,left,1,text-enrichment-reader-round2-n30-v1:participant:23:documents:set:1:rotation:0,,,n30-round2-three-versions-v1,2026-09-04-r2-v1
n30-round2-three-versions-v1-slot-23,,23,1,18,18,P8_DOC_B,16,D4_derived,D4_derived.html,5,right,left,1,text-enrichment-reader-round2-n30-v1:participant:23:documents:set:1:rotation:0,,,n30-round2-three-versions-v1,2026-09-04-r2-v1
n30-round2-three-versions-v1-slot-23,,23,1,19,19,P15_DOC_A,29,D4_derived,D4_derived.html,5,left,right,1,text-enrichment-reader-round2-n30-v1:participant:23:documents:set:1:rotation:0,,,n30-round2-three-versions-v1,2026-09-04-r2-v1
n30-round2-three-versions-v1-slot-23,,23,1,20,20,P12_DOC_A,23,D2_derived,D2_derived.html,2,left,right,1,text-enrichment-reader-round2-n30-v1:participant:23:documents:set:1:rotation:0,,,n30-round2-three-versions-v1,2026-09-04-r2-v1
n30-round2-three-versions-v1-slot-23,,23,1,21,21,P15_DOC_B,30,D5_maximal,D5_maximal.html,6,left,right,1,text-enrichment-reader-round2-n30-v1:participant:23:documents:set:1:rotation:0,,,n30-round2-three-versions-v1,2026-09-04-r2-v1
n30-round2-three-versions-v1-slot-23,,23,1,22,22,P13_DOC_A,25,W_writer_optimal,W_writer_optimal.html,3,left,right,1,text-enrichment-reader-round2-n30-v1:participant:23:documents:set:1:rotation:0,,,n30-round2-three-versions-v1,2026-09-04-r2-v1
n30-round2-three-versions-v1-slot-23,,23,1,23,23,P9_DOC_B,18,D5_maximal,D5_maximal.html,6,left,right,1,text-enrichment-reader-round2-n30-v1:participant:23:documents:set:1:rotation:0,,,n30-round2-three-versions-v1,2026-09-04-r2-v1
n30-round2-three-versions-v1-slot-23,,23,1,24,24,P7_DOC_B,14,D3_derived,D3_derived.html,4,left,right,1,text-enrichment-reader-round2-n30-v1:participant:23:documents:set:1:rotation:0,,,n30-round2-three-versions-v1,2026-09-04-r2-v1
n30-round2-three-versions-v1-slot-23,,23,1,25,25,P19_DOC_A,37,W_writer_optimal,W_writer_optimal.html,3,right,left,1,text-enrichment-reader-round2-n30-v1:participant:23:documents:set:1:rotation:0,,,n30-round2-three-versions-v1,2026-09-04-r2-v1
n30-round2-three-versions-v1-slot-23,,23,1,26,26,P4_DOC_A,7,D5_maximal,D5_maximal.html,6,right,left,1,text-enrichment-reader-round2-n30-v1:participant:23:documents:set:1:rotation:0,,,n30-round2-three-versions-v1,2026-09-04-r2-v1
n30-round2-three-versions-v1-slot-23,,23,1,27,27,P1_DOC_B,2,D3_derived,D3_derived.html,4,left,right,1,text-enrichment-reader-round2-n30-v1:participant:23:documents:set:1:rotation:0,,,n30-round2-three-versions-v1,2026-09-04-r2-v1
n30-round2-three-versions-v1-slot-23,,23,1,28,28,P13_DOC_B,26,D3_derived,D3_derived.html,4,left,right,1,text-enrichment-reader-round2-n30-v1:participant:23:documents:set:1:rotation:0,,,n30-round2-three-versions-v1,2026-09-04-r2-v1
n30-round2-three-versions-v1-slot-23,,23,1,29,29,P3_DOC_B,6,D5_maximal,D5_maximal.html,6,left,right,1,text-enrichment-reader-round2-n30-v1:participant:23:documents:set:1:rotation:0,,,n30-round2-three-versions-v1,2026-09-04-r2-v1
n30-round2-three-versions-v1-slot-23,,23,1,30,30,P4_DOC_B,8,D1_derived,D1_derived.html,1,right,left,1,text-enrichment-reader-round2-n30-v1:participant:23:documents:set:1:rotation:0,,,n30-round2-three-versions-v1,2026-09-04-r2-v1
n30-round2-three-versions-v1-slot-23,,23,1,31,31,P6_DOC_A,11,D2_derived,D2_derived.html,2,right,left,1,text-enrichment-reader-round2-n30-v1:participant:23:documents:set:1:rotation:0,,,n30-round2-three-versions-v1,2026-09-04-r2-v1
n30-round2-three-versions-v1-slot-23,,23,1,32,32,P16_DOC_B,32,D1_derived,D1_derived.html,1,left,right,1,text-enrichment-reader-round2-n30-v1:participant:23:documents:set:1:rotation:0,,,n30-round2-three-versions-v1,2026-09-04-r2-v1
n30-round2-three-versions-v1-slot-23,,23,1,33,33,P9_DOC_A,17,D4_derived,D4_derived.html,5,right,left,1,text-enrichment-reader-round2-n30-v1:participant:23:documents:set:1:rotation:0,,,n30-round2-three-versions-v1,2026-09-04-r2-v1
n30-round2-three-versions-v1-slot-23,,23,1,34,34,P2_DOC_B,4,D4_derived,D4_derived.html,5,right,left,1,text-enrichment-reader-round2-n30-v1:participant:23:documents:set:1:rotation:0,,,n30-round2-three-versions-v1,2026-09-04-r2-v1
n30-round2-three-versions-v1-slot-23,,23,1,35,35,P14_DOC_A,27,D3_derived,D3_derived.html,4,left,right,1,text-enrichment-reader-round2-n30-v1:participant:23:documents:set:1:rotation:0,,,n30-round2-three-versions-v1,2026-09-04-r2-v1
n30-round2-three-versions-v1-slot-23,,23,1,36,36,P16_DOC_A,31,D5_maximal,D5_maximal.html,6,left,right,1,text-enrichment-reader-round2-n30-v1:participant:23:documents:set:1:rotation:0,,,n30-round2-three-versions-v1,2026-09-04-r2-v1
n30-round2-three-versions-v1-slot-23,,23,1,37,37,P5_DOC_B,10,D2_derived,D2_derived.html,2,left,right,1,text-enrichment-reader-round2-n30-v1:participant:23:documents:set:1:rotation:0,,,n30-round2-three-versions-v1,2026-09-04-r2-v1
n30-round2-three-versions-v1-slot-23,,23,1,38,38,P10_DOC_A,19,D5_maximal,D5_maximal.html,6,right,left,1,text-enrichment-reader-round2-n30-v1:participant:23:documents:set:1:rotation:0,,,n30-round2-three-versions-v1,2026-09-04-r2-v1
n30-round2-three-versions-v1-slot-23,,23,2,1,39,P17_DOC_B,34,D3_derived,D3_derived.html,4,right,left,2,text-enrichment-reader-round2-n30-v1:participant:23:documents:set:2:rotation:13,,,n30-round2-three-versions-v1,2026-09-04-r2-v1
n30-round2-three-versions-v1-slot-23,,23,2,2,40,P6_DOC_B,12,D4_derived,D4_derived.html,5,right,left,2,text-enrichment-reader-round2-n30-v1:participant:23:documents:set:2:rotation:13,,,n30-round2-three-versions-v1,2026-09-04-r2-v1
n30-round2-three-versions-v1-slot-23,,23,2,3,41,P5_DOC_A,9,W_writer_optimal,W_writer_optimal.html,3,left,right,2,text-enrichment-reader-round2-n30-v1:participant:23:documents:set:2:rotation:13,,,n30-round2-three-versions-v1,2026-09-04-r2-v1
n30-round2-three-versions-v1-slot-23,,23,2,4,42,P7_DOC_A,13,D4_derived,D4_derived.html,5,left,right,2,text-enrichment-reader-round2-n30-v1:participant:23:documents:set:2:rotation:13,,,n30-round2-three-versions-v1,2026-09-04-r2-v1
n30-round2-three-versions-v1-slot-23,,23,2,5,43,P8_DOC_B,16,D1_derived,D1_derived.html,1,right,left,2,text-enrichment-reader-round2-n30-v1:participant:23:documents:set:2:rotation:13,,,n30-round2-three-versions-v1,2026-09-04-r2-v1
n30-round2-three-versions-v1-slot-23,,23,2,6,44,P15_DOC_A,29,D1_derived,D1_derived.html,1,right,left,2,text-enrichment-reader-round2-n30-v1:participant:23:documents:set:2:rotation:13,,,n30-round2-three-versions-v1,2026-09-04-r2-v1
n30-round2-three-versions-v1-slot-23,,23,2,7,45,P12_DOC_A,23,D3_derived,D3_derived.html,4,left,right,2,text-enrichment-reader-round2-n30-v1:participant:23:documents:set:2:rotation:13,,,n30-round2-three-versions-v1,2026-09-04-r2-v1
n30-round2-three-versions-v1-slot-23,,23,2,8,46,P15_DOC_B,30,D2_derived,D2_derived.html,2,right,left,2,text-enrichment-reader-round2-n30-v1:participant:23:documents:set:2:rotation:13,,,n30-round2-three-versions-v1,2026-09-04-r2-v1
n30-round2-three-versions-v1-slot-23,,23,2,9,47,P13_DOC_A,25,D4_derived,D4_derived.html,5,left,right,2,text-enrichment-reader-round2-n30-v1:participant:23:documents:set:2:rotation:13,,,n30-round2-three-versions-v1,2026-09-04-r2-v1
n30-round2-three-versions-v1-slot-23,,23,2,10,48,P9_DOC_B,18,D2_derived,D2_derived.html,2,right,left,2,text-enrichment-reader-round2-n30-v1:participant:23:documents:set:2:rotation:13,,,n30-round2-three-versions-v1,2026-09-04-r2-v1
n30-round2-three-versions-v1-slot-23,,23,2,11,49,P7_DOC_B,14,D5_maximal,D5_maximal.html,6,right,left,2,text-enrichment-reader-round2-n30-v1:participant:23:documents:set:2:rotation:13,,,n30-round2-three-versions-v1,2026-09-04-r2-v1
n30-round2-three-versions-v1-slot-23,,23,2,12,50,P19_DOC_A,37,D4_derived,D4_derived.html,5,right,left,2,text-enrichment-reader-round2-n30-v1:participant:23:documents:set:2:rotation:13,,,n30-round2-three-versions-v1,2026-09-04-r2-v1
n30-round2-three-versions-v1-slot-23,,23,2,13,51,P4_DOC_A,7,D2_derived,D2_derived.html,2,left,right,2,text-enrichment-reader-round2-n30-v1:participant:23:documents:set:2:rotation:13,,,n30-round2-three-versions-v1,2026-09-04-r2-v1
n30-round2-three-versions-v1-slot-23,,23,2,14,52,P1_DOC_B,2,D5_maximal,D5_maximal.html,6,right,left,2,text-enrichment-reader-round2-n30-v1:participant:23:documents:set:2:rotation:13,,,n30-round2-three-versions-v1,2026-09-04-r2-v1
n30-round2-three-versions-v1-slot-23,,23,2,15,53,P13_DOC_B,26,D5_maximal,D5_maximal.html,6,left,right,2,text-enrichment-reader-round2-n30-v1:participant:23:documents:set:2:rotation:13,,,n30-round2-three-versions-v1,2026-09-04-r2-v1
n30-round2-three-versions-v1-slot-23,,23,2,16,54,P3_DOC_B,6,D2_derived,D2_derived.html,2,right,left,2,text-enrichment-reader-round2-n30-v1:participant:23:documents:set:2:rotation:13,,,n30-round2-three-versions-v1,2026-09-04-r2-v1
n30-round2-three-versions-v1-slot-23,,23,2,17,55,P4_DOC_B,8,W_writer_optimal,W_writer_optimal.html,3,right,left,2,text-enrichment-reader-round2-n30-v1:participant:23:documents:set:2:rotation:13,,,n30-round2-three-versions-v1,2026-09-04-r2-v1
n30-round2-three-versions-v1-slot-23,,23,2,18,56,P6_DOC_A,11,D3_derived,D3_derived.html,4,left,right,2,text-enrichment-reader-round2-n30-v1:participant:23:documents:set:2:rotation:13,,,n30-round2-three-versions-v1,2026-09-04-r2-v1
n30-round2-three-versions-v1-slot-23,,23,2,19,57,P16_DOC_B,32,W_writer_optimal,W_writer_optimal.html,3,right,left,2,text-enrichment-reader-round2-n30-v1:participant:23:documents:set:2:rotation:13,,,n30-round2-three-versions-v1,2026-09-04-r2-v1
n30-round2-three-versions-v1-slot-23,,23,2,20,58,P9_DOC_A,17,D1_derived,D1_derived.html,1,left,right,2,text-enrichment-reader-round2-n30-v1:participant:23:documents:set:2:rotation:13,,,n30-round2-three-versions-v1,2026-09-04-r2-v1
n30-round2-three-versions-v1-slot-23,,23,2,21,59,P2_DOC_B,4,D1_derived,D1_derived.html,1,right,left,2,text-enrichment-reader-round2-n30-v1:participant:23:documents:set:2:rotation:13,,,n30-round2-three-versions-v1,2026-09-04-r2-v1
n30-round2-three-versions-v1-slot-23,,23,2,22,60,P14_DOC_A,27,D5_maximal,D5_maximal.html,6,left,right,2,text-enrichment-reader-round2-n30-v1:participant:23:documents:set:2:rotation:13,,,n30-round2-three-versions-v1,2026-09-04-r2-v1
n30-round2-three-versions-v1-slot-23,,23,2,23,61,P16_DOC_A,31,D2_derived,D2_derived.html,2,right,left,2,text-enrichment-reader-round2-n30-v1:participant:23:documents:set:2:rotation:13,,,n30-round2-three-versions-v1,2026-09-04-r2-v1
n30-round2-three-versions-v1-slot-23,,23,2,24,62,P5_DOC_B,10,D3_derived,D3_derived.html,4,right,left,2,text-enrichment-reader-round2-n30-v1:participant:23:documents:set:2:rotation:13,,,n30-round2-three-versions-v1,2026-09-04-r2-v1
n30-round2-three-versions-v1-slot-23,,23,2,25,63,P10_DOC_A,19,D2_derived,D2_derived.html,2,left,right,2,text-enrichment-reader-round2-n30-v1:participant:23:documents:set:2:rotation:13,,,n30-round2-three-versions-v1,2026-09-04-r2-v1
n30-round2-three-versions-v1-slot-23,,23,2,26,64,P2_DOC_A,3,D5_maximal,D5_maximal.html,6,left,right,2,text-enrichment-reader-round2-n30-v1:participant:23:documents:set:2:rotation:13,,,n30-round2-three-versions-v1,2026-09-04-r2-v1
n30-round2-three-versions-v1-slot-23,,23,2,27,65,P11_DOC_B,22,D3_derived,D3_derived.html,4,left,right,2,text-enrichment-reader-round2-n30-v1:participant:23:documents:set:2:rotation:13,,,n30-round2-three-versions-v1,2026-09-04-r2-v1
n30-round2-three-versions-v1-slot-23,,23,2,28,66,P11_DOC_A,21,W_writer_optimal,W_writer_optimal.html,3,left,right,2,text-enrichment-reader-round2-n30-v1:participant:23:documents:set:2:rotation:13,,,n30-round2-three-versions-v1,2026-09-04-r2-v1
n30-round2-three-versions-v1-slot-23,,23,2,29,67,P18_DOC_A,35,D3_derived,D3_derived.html,4,right,left,2,text-enrichment-reader-round2-n30-v1:participant:23:documents:set:2:rotation:13,,,n30-round2-three-versions-v1,2026-09-04-r2-v1
n30-round2-three-versions-v1-slot-23,,23,2,30,68,P14_DOC_B,28,D1_derived,D1_derived.html,1,left,right,2,text-enrichment-reader-round2-n30-v1:participant:23:documents:set:2:rotation:13,,,n30-round2-three-versions-v1,2026-09-04-r2-v1
n30-round2-three-versions-v1-slot-23,,23,2,31,69,P19_DOC_B,38,D5_maximal,D5_maximal.html,6,right,left,2,text-enrichment-reader-round2-n30-v1:participant:23:documents:set:2:rotation:13,,,n30-round2-three-versions-v1,2026-09-04-r2-v1
n30-round2-three-versions-v1-slot-23,,23,2,32,70,P1_DOC_A,1,D4_derived,D4_derived.html,5,left,right,2,text-enrichment-reader-round2-n30-v1:participant:23:documents:set:2:rotation:13,,,n30-round2-three-versions-v1,2026-09-04-r2-v1
n30-round2-three-versions-v1-slot-23,,23,2,33,71,P18_DOC_B,36,D4_derived,D4_derived.html,5,right,left,2,text-enrichment-reader-round2-n30-v1:participant:23:documents:set:2:rotation:13,,,n30-round2-three-versions-v1,2026-09-04-r2-v1
n30-round2-three-versions-v1-slot-23,,23,2,34,72,P8_DOC_A,15,D5_maximal,D5_maximal.html,6,left,right,2,text-enrichment-reader-round2-n30-v1:participant:23:documents:set:2:rotation:13,,,n30-round2-three-versions-v1,2026-09-04-r2-v1
n30-round2-three-versions-v1-slot-23,,23,2,35,73,P10_DOC_B,20,W_writer_optimal,W_writer_optimal.html,3,left,right,2,text-enrichment-reader-round2-n30-v1:participant:23:documents:set:2:rotation:13,,,n30-round2-three-versions-v1,2026-09-04-r2-v1
n30-round2-three-versions-v1-slot-23,,23,2,36,74,P17_DOC_A,33,W_writer_optimal,W_writer_optimal.html,3,right,left,2,text-enrichment-reader-round2-n30-v1:participant:23:documents:set:2:rotation:13,,,n30-round2-three-versions-v1,2026-09-04-r2-v1
n30-round2-three-versions-v1-slot-23,,23,2,37,75,P3_DOC_A,5,D1_derived,D1_derived.html,1,left,right,2,text-enrichment-reader-round2-n30-v1:participant:23:documents:set:2:rotation:13,,,n30-round2-three-versions-v1,2026-09-04-r2-v1
n30-round2-three-versions-v1-slot-23,,23,2,38,76,P12_DOC_B,24,D4_derived,D4_derived.html,5,left,right,2,text-enrichment-reader-round2-n30-v1:participant:23:documents:set:2:rotation:13,,,n30-round2-three-versions-v1,2026-09-04-r2-v1
n30-round2-three-versions-v1-slot-23,,23,3,1,77,P1_DOC_B,2,D2_derived,D2_derived.html,2,left,right,3,text-enrichment-reader-round2-n30-v1:participant:23:documents:set:3:rotation:26,,,n30-round2-three-versions-v1,2026-09-04-r2-v1
n30-round2-three-versions-v1-slot-23,,23,3,2,78,P13_DOC_B,26,D2_derived,D2_derived.html,2,left,right,3,text-enrichment-reader-round2-n30-v1:participant:23:documents:set:3:rotation:26,,,n30-round2-three-versions-v1,2026-09-04-r2-v1
n30-round2-three-versions-v1-slot-23,,23,3,3,79,P3_DOC_B,6,D3_derived,D3_derived.html,4,left,right,3,text-enrichment-reader-round2-n30-v1:participant:23:documents:set:3:rotation:26,,,n30-round2-three-versions-v1,2026-09-04-r2-v1
n30-round2-three-versions-v1-slot-23,,23,3,4,80,P4_DOC_B,8,D4_derived,D4_derived.html,5,left,right,3,text-enrichment-reader-round2-n30-v1:participant:23:documents:set:3:rotation:26,,,n30-round2-three-versions-v1,2026-09-04-r2-v1
n30-round2-three-versions-v1-slot-23,,23,3,5,81,P6_DOC_A,11,D5_maximal,D5_maximal.html,6,right,left,3,text-enrichment-reader-round2-n30-v1:participant:23:documents:set:3:rotation:26,,,n30-round2-three-versions-v1,2026-09-04-r2-v1
n30-round2-three-versions-v1-slot-23,,23,3,6,82,P16_DOC_B,32,D4_derived,D4_derived.html,5,right,left,3,text-enrichment-reader-round2-n30-v1:participant:23:documents:set:3:rotation:26,,,n30-round2-three-versions-v1,2026-09-04-r2-v1
n30-round2-three-versions-v1-slot-23,,23,3,7,83,P9_DOC_A,17,W_writer_optimal,W_writer_optimal.html,3,right,left,3,text-enrichment-reader-round2-n30-v1:participant:23:documents:set:3:rotation:26,,,n30-round2-three-versions-v1,2026-09-04-r2-v1
n30-round2-three-versions-v1-slot-23,,23,3,8,84,P2_DOC_B,4,W_writer_optimal,W_writer_optimal.html,3,left,right,3,text-enrichment-reader-round2-n30-v1:participant:23:documents:set:3:rotation:26,,,n30-round2-three-versions-v1,2026-09-04-r2-v1
n30-round2-three-versions-v1-slot-23,,23,3,9,85,P14_DOC_A,27,D2_derived,D2_derived.html,2,left,right,3,text-enrichment-reader-round2-n30-v1:participant:23:documents:set:3:rotation:26,,,n30-round2-three-versions-v1,2026-09-04-r2-v1
n30-round2-three-versions-v1-slot-23,,23,3,10,86,P16_DOC_A,31,D3_derived,D3_derived.html,4,right,left,3,text-enrichment-reader-round2-n30-v1:participant:23:documents:set:3:rotation:26,,,n30-round2-three-versions-v1,2026-09-04-r2-v1
n30-round2-three-versions-v1-slot-23,,23,3,11,87,P5_DOC_B,10,D5_maximal,D5_maximal.html,6,left,right,3,text-enrichment-reader-round2-n30-v1:participant:23:documents:set:3:rotation:26,,,n30-round2-three-versions-v1,2026-09-04-r2-v1
n30-round2-three-versions-v1-slot-23,,23,3,12,88,P10_DOC_A,19,D3_derived,D3_derived.html,4,right,left,3,text-enrichment-reader-round2-n30-v1:participant:23:documents:set:3:rotation:26,,,n30-round2-three-versions-v1,2026-09-04-r2-v1
n30-round2-three-versions-v1-slot-23,,23,3,13,89,P2_DOC_A,3,D2_derived,D2_derived.html,2,right,left,3,text-enrichment-reader-round2-n30-v1:participant:23:documents:set:3:rotation:26,,,n30-round2-three-versions-v1,2026-09-04-r2-v1
n30-round2-three-versions-v1-slot-23,,23,3,14,90,P11_DOC_B,22,D5_maximal,D5_maximal.html,6,left,right,3,text-enrichment-reader-round2-n30-v1:participant:23:documents:set:3:rotation:26,,,n30-round2-three-versions-v1,2026-09-04-r2-v1
n30-round2-three-versions-v1-slot-23,,23,3,15,91,P11_DOC_A,21,D4_derived,D4_derived.html,5,left,right,3,text-enrichment-reader-round2-n30-v1:participant:23:documents:set:3:rotation:26,,,n30-round2-three-versions-v1,2026-09-04-r2-v1
n30-round2-three-versions-v1-slot-23,,23,3,16,92,P18_DOC_A,35,D5_maximal,D5_maximal.html,6,right,left,3,text-enrichment-reader-round2-n30-v1:participant:23:documents:set:3:rotation:26,,,n30-round2-three-versions-v1,2026-09-04-r2-v1
n30-round2-three-versions-v1-slot-23,,23,3,17,93,P14_DOC_B,28,W_writer_optimal,W_writer_optimal.html,3,left,right,3,text-enrichment-reader-round2-n30-v1:participant:23:documents:set:3:rotation:26,,,n30-round2-three-versions-v1,2026-09-04-r2-v1
n30-round2-three-versions-v1-slot-23,,23,3,18,94,P19_DOC_B,38,D2_derived,D2_derived.html,2,right,left,3,text-enrichment-reader-round2-n30-v1:participant:23:documents:set:3:rotation:26,,,n30-round2-three-versions-v1,2026-09-04-r2-v1
n30-round2-three-versions-v1-slot-23,,23,3,19,95,P1_DOC_A,1,D1_derived,D1_derived.html,1,right,left,3,text-enrichment-reader-round2-n30-v1:participant:23:documents:set:3:rotation:26,,,n30-round2-three-versions-v1,2026-09-04-r2-v1
n30-round2-three-versions-v1-slot-23,,23,3,20,96,P18_DOC_B,36,D1_derived,D1_derived.html,1,right,left,3,text-enrichment-reader-round2-n30-v1:participant:23:documents:set:3:rotation:26,,,n30-round2-three-versions-v1,2026-09-04-r2-v1
n30-round2-three-versions-v1-slot-23,,23,3,21,97,P8_DOC_A,15,D2_derived,D2_derived.html,2,right,left,3,text-enrichment-reader-round2-n30-v1:participant:23:documents:set:3:rotation:26,,,n30-round2-three-versions-v1,2026-09-04-r2-v1
n30-round2-three-versions-v1-slot-23,,23,3,22,98,P10_DOC_B,20,D4_derived,D4_derived.html,5,left,right,3,text-enrichment-reader-round2-n30-v1:participant:23:documents:set:3:rotation:26,,,n30-round2-three-versions-v1,2026-09-04-r2-v1
n30-round2-three-versions-v1-slot-23,,23,3,23,99,P17_DOC_A,33,D4_derived,D4_derived.html,5,right,left,3,text-enrichment-reader-round2-n30-v1:participant:23:documents:set:3:rotation:26,,,n30-round2-three-versions-v1,2026-09-04-r2-v1
n30-round2-three-versions-v1-slot-23,,23,3,24,100,P3_DOC_A,5,W_writer_optimal,W_writer_optimal.html,3,right,left,3,text-enrichment-reader-round2-n30-v1:participant:23:documents:set:3:rotation:26,,,n30-round2-three-versions-v1,2026-09-04-r2-v1
n30-round2-three-versions-v1-slot-23,,23,3,25,101,P12_DOC_B,24,D1_derived,D1_derived.html,1,left,right,3,text-enrichment-reader-round2-n30-v1:participant:23:documents:set:3:rotation:26,,,n30-round2-three-versions-v1,2026-09-04-r2-v1
n30-round2-three-versions-v1-slot-23,,23,3,26,102,P17_DOC_B,34,D5_maximal,D5_maximal.html,6,right,left,3,text-enrichment-reader-round2-n30-v1:participant:23:documents:set:3:rotation:26,,,n30-round2-three-versions-v1,2026-09-04-r2-v1
n30-round2-three-versions-v1-slot-23,,23,3,27,103,P6_DOC_B,12,D1_derived,D1_derived.html,1,left,right,3,text-enrichment-reader-round2-n30-v1:participant:23:documents:set:3:rotation:26,,,n30-round2-three-versions-v1,2026-09-04-r2-v1
n30-round2-three-versions-v1-slot-23,,23,3,28,104,P5_DOC_A,9,D4_derived,D4_derived.html,5,right,left,3,text-enrichment-reader-round2-n30-v1:participant:23:documents:set:3:rotation:26,,,n30-round2-three-versions-v1,2026-09-04-r2-v1
n30-round2-three-versions-v1-slot-23,,23,3,29,105,P7_DOC_A,13,D1_derived,D1_derived.html,1,right,left,3,text-enrichment-reader-round2-n30-v1:participant:23:documents:set:3:rotation:26,,,n30-round2-three-versions-v1,2026-09-04-r2-v1
n30-round2-three-versions-v1-slot-23,,23,3,30,106,P8_DOC_B,16,W_writer_optimal,W_writer_optimal.html,3,left,right,3,text-enrichment-reader-round2-n30-v1:participant:23:documents:set:3:rotation:26,,,n30-round2-three-versions-v1,2026-09-04-r2-v1
n30-round2-three-versions-v1-slot-23,,23,3,31,107,P15_DOC_A,29,W_writer_optimal,W_writer_optimal.html,3,left,right,3,text-enrichment-reader-round2-n30-v1:participant:23:documents:set:3:rotation:26,,,n30-round2-three-versions-v1,2026-09-04-r2-v1
n30-round2-three-versions-v1-slot-23,,23,3,32,108,P12_DOC_A,23,D5_maximal,D5_maximal.html,6,left,right,3,text-enrichment-reader-round2-n30-v1:participant:23:documents:set:3:rotation:26,,,n30-round2-three-versions-v1,2026-09-04-r2-v1
n30-round2-three-versions-v1-slot-23,,23,3,33,109,P15_DOC_B,30,D3_derived,D3_derived.html,4,right,left,3,text-enrichment-reader-round2-n30-v1:participant:23:documents:set:3:rotation:26,,,n30-round2-three-versions-v1,2026-09-04-r2-v1
n30-round2-three-versions-v1-slot-23,,23,3,34,110,P13_DOC_A,25,D1_derived,D1_derived.html,1,left,right,3,text-enrichment-reader-round2-n30-v1:participant:23:documents:set:3:rotation:26,,,n30-round2-three-versions-v1,2026-09-04-r2-v1
n30-round2-three-versions-v1-slot-23,,23,3,35,111,P9_DOC_B,18,D3_derived,D3_derived.html,4,left,right,3,text-enrichment-reader-round2-n30-v1:participant:23:documents:set:3:rotation:26,,,n30-round2-three-versions-v1,2026-09-04-r2-v1
n30-round2-three-versions-v1-slot-23,,23,3,36,112,P7_DOC_B,14,D2_derived,D2_derived.html,2,left,right,3,text-enrichment-reader-round2-n30-v1:participant:23:documents:set:3:rotation:26,,,n30-round2-three-versions-v1,2026-09-04-r2-v1
n30-round2-three-versions-v1-slot-23,,23,3,37,113,P19_DOC_A,37,D1_derived,D1_derived.html,1,right,left,3,text-enrichment-reader-round2-n30-v1:participant:23:documents:set:3:rotation:26,,,n30-round2-three-versions-v1,2026-09-04-r2-v1
n30-round2-three-versions-v1-slot-23,,23,3,38,114,P4_DOC_A,7,D3_derived,D3_derived.html,4,right,left,3,text-enrichment-reader-round2-n30-v1:participant:23:documents:set:3:rotation:26,,,n30-round2-three-versions-v1,2026-09-04-r2-v1
n30-round2-three-versions-v1-slot-24,,24,1,1,1,P10_DOC_A,19,D1_derived,D1_derived.html,1,left,right,1,text-enrichment-reader-round2-n30-v1:participant:24:documents:set:1:rotation:0,,,n30-round2-three-versions-v1,2026-09-04-r2-v1
n30-round2-three-versions-v1-slot-24,,24,1,2,2,P11_DOC_A,21,D2_derived,D2_derived.html,2,left,right,1,text-enrichment-reader-round2-n30-v1:participant:24:documents:set:1:rotation:0,,,n30-round2-three-versions-v1,2026-09-04-r2-v1
n30-round2-three-versions-v1-slot-24,,24,1,3,3,P12_DOC_A,23,W_writer_optimal,W_writer_optimal.html,3,left,right,1,text-enrichment-reader-round2-n30-v1:participant:24:documents:set:1:rotation:0,,,n30-round2-three-versions-v1,2026-09-04-r2-v1
n30-round2-three-versions-v1-slot-24,,24,1,4,4,P13_DOC_A,25,D3_derived,D3_derived.html,4,right,left,1,text-enrichment-reader-round2-n30-v1:participant:24:documents:set:1:rotation:0,,,n30-round2-three-versions-v1,2026-09-04-r2-v1
n30-round2-three-versions-v1-slot-24,,24,1,5,5,P18_DOC_B,36,D2_derived,D2_derived.html,2,right,left,1,text-enrichment-reader-round2-n30-v1:participant:24:documents:set:1:rotation:0,,,n30-round2-three-versions-v1,2026-09-04-r2-v1
n30-round2-three-versions-v1-slot-24,,24,1,6,6,P5_DOC_A,9,D2_derived,D2_derived.html,2,right,left,1,text-enrichment-reader-round2-n30-v1:participant:24:documents:set:1:rotation:0,,,n30-round2-three-versions-v1,2026-09-04-r2-v1
n30-round2-three-versions-v1-slot-24,,24,1,7,7,P19_DOC_B,38,W_writer_optimal,W_writer_optimal.html,3,right,left,1,text-enrichment-reader-round2-n30-v1:participant:24:documents:set:1:rotation:0,,,n30-round2-three-versions-v1,2026-09-04-r2-v1
n30-round2-three-versions-v1-slot-24,,24,1,8,8,P19_DOC_A,37,D3_derived,D3_derived.html,4,right,left,1,text-enrichment-reader-round2-n30-v1:participant:24:documents:set:1:rotation:0,,,n30-round2-three-versions-v1,2026-09-04-r2-v1
n30-round2-three-versions-v1-slot-24,,24,1,9,9,P8_DOC_A,15,D4_derived,D4_derived.html,5,left,right,1,text-enrichment-reader-round2-n30-v1:participant:24:documents:set:1:rotation:0,,,n30-round2-three-versions-v1,2026-09-04-r2-v1
n30-round2-three-versions-v1-slot-24,,24,1,10,10,P16_DOC_A,31,D1_derived,D1_derived.html,1,right,left,1,text-enrichment-reader-round2-n30-v1:participant:24:documents:set:1:rotation:0,,,n30-round2-three-versions-v1,2026-09-04-r2-v1
n30-round2-three-versions-v1-slot-24,,24,1,11,11,P7_DOC_B,14,W_writer_optimal,W_writer_optimal.html,3,left,right,1,text-enrichment-reader-round2-n30-v1:participant:24:documents:set:1:rotation:0,,,n30-round2-three-versions-v1,2026-09-04-r2-v1
n30-round2-three-versions-v1-slot-24,,24,1,12,12,P14_DOC_B,28,D3_derived,D3_derived.html,4,right,left,1,text-enrichment-reader-round2-n30-v1:participant:24:documents:set:1:rotation:0,,,n30-round2-three-versions-v1,2026-09-04-r2-v1
n30-round2-three-versions-v1-slot-24,,24,1,13,13,P11_DOC_B,22,D1_derived,D1_derived.html,1,left,right,1,text-enrichment-reader-round2-n30-v1:participant:24:documents:set:1:rotation:0,,,n30-round2-three-versions-v1,2026-09-04-r2-v1
n30-round2-three-versions-v1-slot-24,,24,1,14,14,P13_DOC_B,26,W_writer_optimal,W_writer_optimal.html,3,right,left,1,text-enrichment-reader-round2-n30-v1:participant:24:documents:set:1:rotation:0,,,n30-round2-three-versions-v1,2026-09-04-r2-v1
n30-round2-three-versions-v1-slot-24,,24,1,15,15,P3_DOC_A,5,D5_maximal,D5_maximal.html,6,right,left,1,text-enrichment-reader-round2-n30-v1:participant:24:documents:set:1:rotation:0,,,n30-round2-three-versions-v1,2026-09-04-r2-v1
n30-round2-three-versions-v1-slot-24,,24,1,16,16,P9_DOC_B,18,D4_derived,D4_derived.html,5,left,right,1,text-enrichment-reader-round2-n30-v1:participant:24:documents:set:1:rotation:0,,,n30-round2-three-versions-v1,2026-09-04-r2-v1
n30-round2-three-versions-v1-slot-24,,24,1,17,17,P1_DOC_B,2,W_writer_optimal,W_writer_optimal.html,3,left,right,1,text-enrichment-reader-round2-n30-v1:participant:24:documents:set:1:rotation:0,,,n30-round2-three-versions-v1,2026-09-04-r2-v1
n30-round2-three-versions-v1-slot-24,,24,1,18,18,P16_DOC_B,32,D5_maximal,D5_maximal.html,6,right,left,1,text-enrichment-reader-round2-n30-v1:participant:24:documents:set:1:rotation:0,,,n30-round2-three-versions-v1,2026-09-04-r2-v1
n30-round2-three-versions-v1-slot-24,,24,1,19,19,P6_DOC_B,12,D2_derived,D2_derived.html,2,left,right,1,text-enrichment-reader-round2-n30-v1:participant:24:documents:set:1:rotation:0,,,n30-round2-three-versions-v1,2026-09-04-r2-v1
n30-round2-three-versions-v1-slot-24,,24,1,20,20,P12_DOC_B,24,D2_derived,D2_derived.html,2,left,right,1,text-enrichment-reader-round2-n30-v1:participant:24:documents:set:1:rotation:0,,,n30-round2-three-versions-v1,2026-09-04-r2-v1
n30-round2-three-versions-v1-slot-24,,24,1,21,21,P15_DOC_A,29,D5_maximal,D5_maximal.html,6,right,left,1,text-enrichment-reader-round2-n30-v1:participant:24:documents:set:1:rotation:0,,,n30-round2-three-versions-v1,2026-09-04-r2-v1
n30-round2-three-versions-v1-slot-24,,24,1,22,22,P2_DOC_B,4,D3_derived,D3_derived.html,4,left,right,1,text-enrichment-reader-round2-n30-v1:participant:24:documents:set:1:rotation:0,,,n30-round2-three-versions-v1,2026-09-04-r2-v1
n30-round2-three-versions-v1-slot-24,,24,1,23,23,P18_DOC_A,35,W_writer_optimal,W_writer_optimal.html,3,right,left,1,text-enrichment-reader-round2-n30-v1:participant:24:documents:set:1:rotation:0,,,n30-round2-three-versions-v1,2026-09-04-r2-v1
n30-round2-three-versions-v1-slot-24,,24,1,24,24,P17_DOC_A,33,D2_derived,D2_derived.html,2,right,left,1,text-enrichment-reader-round2-n30-v1:participant:24:documents:set:1:rotation:0,,,n30-round2-three-versions-v1,2026-09-04-r2-v1
n30-round2-three-versions-v1-slot-24,,24,1,25,25,P3_DOC_B,6,D4_derived,D4_derived.html,5,left,right,1,text-enrichment-reader-round2-n30-v1:participant:24:documents:set:1:rotation:0,,,n30-round2-three-versions-v1,2026-09-04-r2-v1
n30-round2-three-versions-v1-slot-24,,24,1,26,26,P7_DOC_A,13,D3_derived,D3_derived.html,4,right,left,1,text-enrichment-reader-round2-n30-v1:participant:24:documents:set:1:rotation:0,,,n30-round2-three-versions-v1,2026-09-04-r2-v1
n30-round2-three-versions-v1-slot-24,,24,1,27,27,P10_DOC_B,20,D5_maximal,D5_maximal.html,6,left,right,1,text-enrichment-reader-round2-n30-v1:participant:24:documents:set:1:rotation:0,,,n30-round2-three-versions-v1,2026-09-04-r2-v1
n30-round2-three-versions-v1-slot-24,,24,1,28,28,P8_DOC_B,16,D3_derived,D3_derived.html,4,left,right,1,text-enrichment-reader-round2-n30-v1:participant:24:documents:set:1:rotation:0,,,n30-round2-three-versions-v1,2026-09-04-r2-v1
n30-round2-three-versions-v1-slot-24,,24,1,29,29,P15_DOC_B,30,D4_derived,D4_derived.html,5,right,left,1,text-enrichment-reader-round2-n30-v1:participant:24:documents:set:1:rotation:0,,,n30-round2-three-versions-v1,2026-09-04-r2-v1
n30-round2-three-versions-v1-slot-24,,24,1,30,30,P17_DOC_B,34,D1_derived,D1_derived.html,1,right,left,1,text-enrichment-reader-round2-n30-v1:participant:24:documents:set:1:rotation:0,,,n30-round2-three-versions-v1,2026-09-04-r2-v1
n30-round2-three-versions-v1-slot-24,,24,1,31,31,P5_DOC_B,10,D1_derived,D1_derived.html,1,left,right,1,text-enrichment-reader-round2-n30-v1:participant:24:documents:set:1:rotation:0,,,n30-round2-three-versions-v1,2026-09-04-r2-v1
n30-round2-three-versions-v1-slot-24,,24,1,32,32,P1_DOC_A,1,D3_derived,D3_derived.html,4,right,left,1,text-enrichment-reader-round2-n30-v1:participant:24:documents:set:1:rotation:0,,,n30-round2-three-versions-v1,2026-09-04-r2-v1
n30-round2-three-versions-v1-slot-24,,24,1,33,33,P4_DOC_A,7,D1_derived,D1_derived.html,1,left,right,1,text-enrichment-reader-round2-n30-v1:participant:24:documents:set:1:rotation:0,,,n30-round2-three-versions-v1,2026-09-04-r2-v1
n30-round2-three-versions-v1-slot-24,,24,1,34,34,P2_DOC_A,3,D4_derived,D4_derived.html,5,left,right,1,text-enrichment-reader-round2-n30-v1:participant:24:documents:set:1:rotation:0,,,n30-round2-three-versions-v1,2026-09-04-r2-v1
n30-round2-three-versions-v1-slot-24,,24,1,35,35,P6_DOC_A,11,W_writer_optimal,W_writer_optimal.html,3,left,right,1,text-enrichment-reader-round2-n30-v1:participant:24:documents:set:1:rotation:0,,,n30-round2-three-versions-v1,2026-09-04-r2-v1
n30-round2-three-versions-v1-slot-24,,24,1,36,36,P9_DOC_A,17,D5_maximal,D5_maximal.html,6,right,left,1,text-enrichment-reader-round2-n30-v1:participant:24:documents:set:1:rotation:0,,,n30-round2-three-versions-v1,2026-09-04-r2-v1
n30-round2-three-versions-v1-slot-24,,24,1,37,37,P4_DOC_B,8,D5_maximal,D5_maximal.html,6,left,right,1,text-enrichment-reader-round2-n30-v1:participant:24:documents:set:1:rotation:0,,,n30-round2-three-versions-v1,2026-09-04-r2-v1
n30-round2-three-versions-v1-slot-24,,24,1,38,38,P14_DOC_A,27,D4_derived,D4_derived.html,5,right,left,1,text-enrichment-reader-round2-n30-v1:participant:24:documents:set:1:rotation:0,,,n30-round2-three-versions-v1,2026-09-04-r2-v1
n30-round2-three-versions-v1-slot-24,,24,2,1,39,P13_DOC_B,26,D4_derived,D4_derived.html,5,left,right,2,text-enrichment-reader-round2-n30-v1:participant:24:documents:set:2:rotation:13,,,n30-round2-three-versions-v1,2026-09-04-r2-v1
n30-round2-three-versions-v1-slot-24,,24,2,2,40,P3_DOC_A,5,D2_derived,D2_derived.html,2,left,right,2,text-enrichment-reader-round2-n30-v1:participant:24:documents:set:2:rotation:13,,,n30-round2-three-versions-v1,2026-09-04-r2-v1
n30-round2-three-versions-v1-slot-24,,24,2,3,41,P9_DOC_B,18,D1_derived,D1_derived.html,1,right,left,2,text-enrichment-reader-round2-n30-v1:participant:24:documents:set:2:rotation:13,,,n30-round2-three-versions-v1,2026-09-04-r2-v1
n30-round2-three-versions-v1-slot-24,,24,2,4,42,P1_DOC_B,2,D4_derived,D4_derived.html,5,right,left,2,text-enrichment-reader-round2-n30-v1:participant:24:documents:set:2:rotation:13,,,n30-round2-three-versions-v1,2026-09-04-r2-v1
n30-round2-three-versions-v1-slot-24,,24,2,5,43,P16_DOC_B,32,D2_derived,D2_derived.html,2,right,left,2,text-enrichment-reader-round2-n30-v1:participant:24:documents:set:2:rotation:13,,,n30-round2-three-versions-v1,2026-09-04-r2-v1
n30-round2-three-versions-v1-slot-24,,24,2,6,44,P6_DOC_B,12,D3_derived,D3_derived.html,4,right,left,2,text-enrichment-reader-round2-n30-v1:participant:24:documents:set:2:rotation:13,,,n30-round2-three-versions-v1,2026-09-04-r2-v1
n30-round2-three-versions-v1-slot-24,,24,2,7,45,P12_DOC_B,24,D3_derived,D3_derived.html,4,left,right,2,text-enrichment-reader-round2-n30-v1:participant:24:documents:set:2:rotation:13,,,n30-round2-three-versions-v1,2026-09-04-r2-v1
n30-round2-three-versions-v1-slot-24,,24,2,8,46,P15_DOC_A,29,D2_derived,D2_derived.html,2,right,left,2,text-enrichment-reader-round2-n30-v1:participant:24:documents:set:2:rotation:13,,,n30-round2-three-versions-v1,2026-09-04-r2-v1
n30-round2-three-versions-v1-slot-24,,24,2,9,47,P2_DOC_B,4,D5_maximal,D5_maximal.html,6,right,left,2,text-enrichment-reader-round2-n30-v1:participant:24:documents:set:2:rotation:13,,,n30-round2-three-versions-v1,2026-09-04-r2-v1
n30-round2-three-versions-v1-slot-24,,24,2,10,48,P18_DOC_A,35,D4_derived,D4_derived.html,5,right,left,2,text-enrichment-reader-round2-n30-v1:participant:24:documents:set:2:rotation:13,,,n30-round2-three-versions-v1,2026-09-04-r2-v1
n30-round2-three-versions-v1-slot-24,,24,2,11,49,P17_DOC_A,33,D3_derived,D3_derived.html,4,right,left,2,text-enrichment-reader-round2-n30-v1:participant:24:documents:set:2:rotation:13,,,n30-round2-three-versions-v1,2026-09-04-r2-v1
n30-round2-three-versions-v1-slot-24,,24,2,12,50,P3_DOC_B,6,D1_derived,D1_derived.html,1,right,left,2,text-enrichment-reader-round2-n30-v1:participant:24:documents:set:2:rotation:13,,,n30-round2-three-versions-v1,2026-09-04-r2-v1
n30-round2-three-versions-v1-slot-24,,24,2,13,51,P7_DOC_A,13,D5_maximal,D5_maximal.html,6,left,right,2,text-enrichment-reader-round2-n30-v1:participant:24:documents:set:2:rotation:13,,,n30-round2-three-versions-v1,2026-09-04-r2-v1
n30-round2-three-versions-v1-slot-24,,24,2,14,52,P10_DOC_B,20,D2_derived,D2_derived.html,2,left,right,2,text-enrichment-reader-round2-n30-v1:participant:24:documents:set:2:rotation:13,,,n30-round2-three-versions-v1,2026-09-04-r2-v1
n30-round2-three-versions-v1-slot-24,,24,2,15,53,P8_DOC_B,16,D5_maximal,D5_maximal.html,6,right,left,2,text-enrichment-reader-round2-n30-v1:participant:24:documents:set:2:rotation:13,,,n30-round2-three-versions-v1,2026-09-04-r2-v1
n30-round2-three-versions-v1-slot-24,,24,2,16,54,P15_DOC_B,30,D1_derived,D1_derived.html,1,right,left,2,text-enrichment-reader-round2-n30-v1:participant:24:documents:set:2:rotation:13,,,n30-round2-three-versions-v1,2026-09-04-r2-v1
n30-round2-three-versions-v1-slot-24,,24,2,17,55,P17_DOC_B,34,W_writer_optimal,W_writer_optimal.html,3,right,left,2,text-enrichment-reader-round2-n30-v1:participant:24:documents:set:2:rotation:13,,,n30-round2-three-versions-v1,2026-09-04-r2-v1
n30-round2-three-versions-v1-slot-24,,24,2,18,56,P5_DOC_B,10,W_writer_optimal,W_writer_optimal.html,3,right,left,2,text-enrichment-reader-round2-n30-v1:participant:24:documents:set:2:rotation:13,,,n30-round2-three-versions-v1,2026-09-04-r2-v1
n30-round2-three-versions-v1-slot-24,,24,2,19,57,P1_DOC_A,1,D5_maximal,D5_maximal.html,6,left,right,2,text-enrichment-reader-round2-n30-v1:participant:24:documents:set:2:rotation:13,,,n30-round2-three-versions-v1,2026-09-04-r2-v1
n30-round2-three-versions-v1-slot-24,,24,2,20,58,P4_DOC_A,7,W_writer_optimal,W_writer_optimal.html,3,left,right,2,text-enrichment-reader-round2-n30-v1:participant:24:documents:set:2:rotation:13,,,n30-round2-three-versions-v1,2026-09-04-r2-v1
n30-round2-three-versions-v1-slot-24,,24,2,21,59,P2_DOC_A,3,D1_derived,D1_derived.html,1,left,right,2,text-enrichment-reader-round2-n30-v1:participant:24:documents:set:2:rotation:13,,,n30-round2-three-versions-v1,2026-09-04-r2-v1
n30-round2-three-versions-v1-slot-24,,24,2,22,60,P6_DOC_A,11,D4_derived,D4_derived.html,5,left,right,2,text-enrichment-reader-round2-n30-v1:participant:24:documents:set:2:rotation:13,,,n30-round2-three-versions-v1,2026-09-04-r2-v1
n30-round2-three-versions-v1-slot-24,,24,2,23,61,P9_DOC_A,17,D2_derived,D2_derived.html,2,left,right,2,text-enrichment-reader-round2-n30-v1:participant:24:documents:set:2:rotation:13,,,n30-round2-three-versions-v1,2026-09-04-r2-v1
n30-round2-three-versions-v1-slot-24,,24,2,24,62,P4_DOC_B,8,D2_derived,D2_derived.html,2,right,left,2,text-enrichment-reader-round2-n30-v1:participant:24:documents:set:2:rotation:13,,,n30-round2-three-versions-v1,2026-09-04-r2-v1
n30-round2-three-versions-v1-slot-24,,24,2,25,63,P14_DOC_A,27,D1_derived,D1_derived.html,1,left,right,2,text-enrichment-reader-round2-n30-v1:participant:24:documents:set:2:rotation:13,,,n30-round2-three-versions-v1,2026-09-04-r2-v1
n30-round2-three-versions-v1-slot-24,,24,2,26,64,P10_DOC_A,19,W_writer_optimal,W_writer_optimal.html,3,left,right,2,text-enrichment-reader-round2-n30-v1:participant:24:documents:set:2:rotation:13,,,n30-round2-three-versions-v1,2026-09-04-r2-v1
n30-round2-three-versions-v1-slot-24,,24,2,27,65,P11_DOC_A,21,D3_derived,D3_derived.html,4,left,right,2,text-enrichment-reader-round2-n30-v1:participant:24:documents:set:2:rotation:13,,,n30-round2-three-versions-v1,2026-09-04-r2-v1
n30-round2-three-versions-v1-slot-24,,24,2,28,66,P12_DOC_A,23,D4_derived,D4_derived.html,5,left,right,2,text-enrichment-reader-round2-n30-v1:participant:24:documents:set:2:rotation:13,,,n30-round2-three-versions-v1,2026-09-04-r2-v1
n30-round2-three-versions-v1-slot-24,,24,2,29,67,P13_DOC_A,25,D5_maximal,D5_maximal.html,6,left,right,2,text-enrichment-reader-round2-n30-v1:participant:24:documents:set:2:rotation:13,,,n30-round2-three-versions-v1,2026-09-04-r2-v1
n30-round2-three-versions-v1-slot-24,,24,2,30,68,P18_DOC_B,36,D3_derived,D3_derived.html,4,right,left,2,text-enrichment-reader-round2-n30-v1:participant:24:documents:set:2:rotation:13,,,n30-round2-three-versions-v1,2026-09-04-r2-v1
n30-round2-three-versions-v1-slot-24,,24,2,31,69,P5_DOC_A,9,D3_derived,D3_derived.html,4,left,right,2,text-enrichment-reader-round2-n30-v1:participant:24:documents:set:2:rotation:13,,,n30-round2-three-versions-v1,2026-09-04-r2-v1
n30-round2-three-versions-v1-slot-24,,24,2,32,70,P19_DOC_B,38,D4_derived,D4_derived.html,5,right,left,2,text-enrichment-reader-round2-n30-v1:participant:24:documents:set:2:rotation:13,,,n30-round2-three-versions-v1,2026-09-04-r2-v1
n30-round2-three-versions-v1-slot-24,,24,2,33,71,P19_DOC_A,37,D5_maximal,D5_maximal.html,6,right,left,2,text-enrichment-reader-round2-n30-v1:participant:24:documents:set:2:rotation:13,,,n30-round2-three-versions-v1,2026-09-04-r2-v1
n30-round2-three-versions-v1-slot-24,,24,2,34,72,P8_DOC_A,15,D1_derived,D1_derived.html,1,left,right,2,text-enrichment-reader-round2-n30-v1:participant:24:documents:set:2:rotation:13,,,n30-round2-three-versions-v1,2026-09-04-r2-v1
n30-round2-three-versions-v1-slot-24,,24,2,35,73,P16_DOC_A,31,W_writer_optimal,W_writer_optimal.html,3,right,left,2,text-enrichment-reader-round2-n30-v1:participant:24:documents:set:2:rotation:13,,,n30-round2-three-versions-v1,2026-09-04-r2-v1
n30-round2-three-versions-v1-slot-24,,24,2,36,74,P7_DOC_B,14,D4_derived,D4_derived.html,5,right,left,2,text-enrichment-reader-round2-n30-v1:participant:24:documents:set:2:rotation:13,,,n30-round2-three-versions-v1,2026-09-04-r2-v1
n30-round2-three-versions-v1-slot-24,,24,2,37,75,P14_DOC_B,28,D5_maximal,D5_maximal.html,6,left,right,2,text-enrichment-reader-round2-n30-v1:participant:24:documents:set:2:rotation:13,,,n30-round2-three-versions-v1,2026-09-04-r2-v1
n30-round2-three-versions-v1-slot-24,,24,2,38,76,P11_DOC_B,22,W_writer_optimal,W_writer_optimal.html,3,left,right,2,text-enrichment-reader-round2-n30-v1:participant:24:documents:set:2:rotation:13,,,n30-round2-three-versions-v1,2026-09-04-r2-v1
n30-round2-three-versions-v1-slot-24,,24,3,1,77,P10_DOC_B,20,D4_derived,D4_derived.html,5,left,right,3,text-enrichment-reader-round2-n30-v1:participant:24:documents:set:3:rotation:26,,,n30-round2-three-versions-v1,2026-09-04-r2-v1
n30-round2-three-versions-v1-slot-24,,24,3,2,78,P8_DOC_B,16,W_writer_optimal,W_writer_optimal.html,3,right,left,3,text-enrichment-reader-round2-n30-v1:participant:24:documents:set:3:rotation:26,,,n30-round2-three-versions-v1,2026-09-04-r2-v1
n30-round2-three-versions-v1-slot-24,,24,3,3,79,P15_DOC_B,30,D3_derived,D3_derived.html,4,left,right,3,text-enrichment-reader-round2-n30-v1:participant:24:documents:set:3:rotation:26,,,n30-round2-three-versions-v1,2026-09-04-r2-v1
n30-round2-three-versions-v1-slot-24,,24,3,4,80,P17_DOC_B,34,D5_maximal,D5_maximal.html,6,right,left,3,text-enrichment-reader-round2-n30-v1:participant:24:documents:set:3:rotation:26,,,n30-round2-three-versions-v1,2026-09-04-r2-v1
n30-round2-three-versions-v1-slot-24,,24,3,5,81,P5_DOC_B,10,D5_maximal,D5_maximal.html,6,left,right,3,text-enrichment-reader-round2-n30-v1:participant:24:documents:set:3:rotation:26,,,n30-round2-three-versions-v1,2026-09-04-r2-v1
n30-round2-three-versions-v1-slot-24,,24,3,6,82,P1_DOC_A,1,D1_derived,D1_derived.html,1,right,left,3,text-enrichment-reader-round2-n30-v1:participant:24:documents:set:3:rotation:26,,,n30-round2-three-versions-v1,2026-09-04-r2-v1
n30-round2-three-versions-v1-slot-24,,24,3,7,83,P4_DOC_A,7,D3_derived,D3_derived.html,4,right,left,3,text-enrichment-reader-round2-n30-v1:participant:24:documents:set:3:rotation:26,,,n30-round2-three-versions-v1,2026-09-04-r2-v1
n30-round2-three-versions-v1-slot-24,,24,3,8,84,P2_DOC_A,3,D2_derived,D2_derived.html,2,right,left,3,text-enrichment-reader-round2-n30-v1:participant:24:documents:set:3:rotation:26,,,n30-round2-three-versions-v1,2026-09-04-r2-v1
n30-round2-three-versions-v1-slot-24,,24,3,9,85,P6_DOC_A,11,D5_maximal,D5_maximal.html,6,right,left,3,text-enrichment-reader-round2-n30-v1:participant:24:documents:set:3:rotation:26,,,n30-round2-three-versions-v1,2026-09-04-r2-v1
n30-round2-three-versions-v1-slot-24,,24,3,10,86,P9_DOC_A,17,W_writer_optimal,W_writer_optimal.html,3,right,left,3,text-enrichment-reader-round2-n30-v1:participant:24:documents:set:3:rotation:26,,,n30-round2-three-versions-v1,2026-09-04-r2-v1
n30-round2-three-versions-v1-slot-24,,24,3,11,87,P4_DOC_B,8,D4_derived,D4_derived.html,5,right,left,3,text-enrichment-reader-round2-n30-v1:participant:24:documents:set:3:rotation:26,,,n30-round2-three-versions-v1,2026-09-04-r2-v1
n30-round2-three-versions-v1-slot-24,,24,3,12,88,P14_DOC_A,27,D2_derived,D2_derived.html,2,left,right,3,text-enrichment-reader-round2-n30-v1:participant:24:documents:set:3:rotation:26,,,n30-round2-three-versions-v1,2026-09-04-r2-v1
n30-round2-three-versions-v1-slot-24,,24,3,13,89,P10_DOC_A,19,D3_derived,D3_derived.html,4,right,left,3,text-enrichment-reader-round2-n30-v1:participant:24:documents:set:3:rotation:26,,,n30-round2-three-versions-v1,2026-09-04-r2-v1
n30-round2-three-versions-v1-slot-24,,24,3,14,90,P11_DOC_A,21,D4_derived,D4_derived.html,5,left,right,3,text-enrichment-reader-round2-n30-v1:participant:24:documents:set:3:rotation:26,,,n30-round2-three-versions-v1,2026-09-04-r2-v1
n30-round2-three-versions-v1-slot-24,,24,3,15,91,P12_DOC_A,23,D5_maximal,D5_maximal.html,6,left,right,3,text-enrichment-reader-round2-n30-v1:participant:24:documents:set:3:rotation:26,,,n30-round2-three-versions-v1,2026-09-04-r2-v1
n30-round2-three-versions-v1-slot-24,,24,3,16,92,P13_DOC_A,25,D1_derived,D1_derived.html,1,left,right,3,text-enrichment-reader-round2-n30-v1:participant:24:documents:set:3:rotation:26,,,n30-round2-three-versions-v1,2026-09-04-r2-v1
n30-round2-three-versions-v1-slot-24,,24,3,17,93,P18_DOC_B,36,D1_derived,D1_derived.html,1,right,left,3,text-enrichment-reader-round2-n30-v1:participant:24:documents:set:3:rotation:26,,,n30-round2-three-versions-v1,2026-09-04-r2-v1
n30-round2-three-versions-v1-slot-24,,24,3,18,94,P5_DOC_A,9,D4_derived,D4_derived.html,5,right,left,3,text-enrichment-reader-round2-n30-v1:participant:24:documents:set:3:rotation:26,,,n30-round2-three-versions-v1,2026-09-04-r2-v1
n30-round2-three-versions-v1-slot-24,,24,3,19,95,P19_DOC_B,38,D2_derived,D2_derived.html,2,right,left,3,text-enrichment-reader-round2-n30-v1:participant:24:documents:set:3:rotation:26,,,n30-round2-three-versions-v1,2026-09-04-r2-v1
n30-round2-three-versions-v1-slot-24,,24,3,20,96,P19_DOC_A,37,D1_derived,D1_derived.html,1,right,left,3,text-enrichment-reader-round2-n30-v1:participant:24:documents:set:3:rotation:26,,,n30-round2-three-versions-v1,2026-09-04-r2-v1
n30-round2-three-versions-v1-slot-24,,24,3,21,97,P8_DOC_A,15,D2_derived,D2_derived.html,2,right,left,3,text-enrichment-reader-round2-n30-v1:participant:24:documents:set:3:rotation:26,,,n30-round2-three-versions-v1,2026-09-04-r2-v1
n30-round2-three-versions-v1-slot-24,,24,3,22,98,P16_DOC_A,31,D3_derived,D3_derived.html,4,left,right,3,text-enrichment-reader-round2-n30-v1:participant:24:documents:set:3:rotation:26,,,n30-round2-three-versions-v1,2026-09-04-r2-v1
n30-round2-three-versions-v1-slot-24,,24,3,23,99,P7_DOC_B,14,D2_derived,D2_derived.html,2,left,right,3,text-enrichment-reader-round2-n30-v1:participant:24:documents:set:3:rotation:26,,,n30-round2-three-versions-v1,2026-09-04-r2-v1
n30-round2-three-versions-v1-slot-24,,24,3,24,100,P14_DOC_B,28,W_writer_optimal,W_writer_optimal.html,3,left,right,3,text-enrichment-reader-round2-n30-v1:participant:24:documents:set:3:rotation:26,,,n30-round2-three-versions-v1,2026-09-04-r2-v1
n30-round2-three-versions-v1-slot-24,,24,3,25,101,P11_DOC_B,22,D5_maximal,D5_maximal.html,6,left,right,3,text-enrichment-reader-round2-n30-v1:participant:24:documents:set:3:rotation:26,,,n30-round2-three-versions-v1,2026-09-04-r2-v1
n30-round2-three-versions-v1-slot-24,,24,3,26,102,P13_DOC_B,26,D2_derived,D2_derived.html,2,left,right,3,text-enrichment-reader-round2-n30-v1:participant:24:documents:set:3:rotation:26,,,n30-round2-three-versions-v1,2026-09-04-r2-v1
n30-round2-three-versions-v1-slot-24,,24,3,27,103,P3_DOC_A,5,W_writer_optimal,W_writer_optimal.html,3,right,left,3,text-enrichment-reader-round2-n30-v1:participant:24:documents:set:3:rotation:26,,,n30-round2-three-versions-v1,2026-09-04-r2-v1
n30-round2-three-versions-v1-slot-24,,24,3,28,104,P9_DOC_B,18,D3_derived,D3_derived.html,4,left,right,3,text-enrichment-reader-round2-n30-v1:participant:24:documents:set:3:rotation:26,,,n30-round2-three-versions-v1,2026-09-04-r2-v1
n30-round2-three-versions-v1-slot-24,,24,3,29,105,P1_DOC_B,2,D2_derived,D2_derived.html,2,left,right,3,text-enrichment-reader-round2-n30-v1:participant:24:documents:set:3:rotation:26,,,n30-round2-three-versions-v1,2026-09-04-r2-v1
n30-round2-three-versions-v1-slot-24,,24,3,30,106,P16_DOC_B,32,D4_derived,D4_derived.html,5,left,right,3,text-enrichment-reader-round2-n30-v1:participant:24:documents:set:3:rotation:26,,,n30-round2-three-versions-v1,2026-09-04-r2-v1
n30-round2-three-versions-v1-slot-24,,24,3,31,107,P6_DOC_B,12,D1_derived,D1_derived.html,1,right,left,3,text-enrichment-reader-round2-n30-v1:participant:24:documents:set:3:rotation:26,,,n30-round2-three-versions-v1,2026-09-04-r2-v1
n30-round2-three-versions-v1-slot-24,,24,3,32,108,P12_DOC_B,24,D1_derived,D1_derived.html,1,left,right,3,text-enrichment-reader-round2-n30-v1:participant:24:documents:set:3:rotation:26,,,n30-round2-three-versions-v1,2026-09-04-r2-v1
n30-round2-three-versions-v1-slot-24,,24,3,33,109,P15_DOC_A,29,W_writer_optimal,W_writer_optimal.html,3,left,right,3,text-enrichment-reader-round2-n30-v1:participant:24:documents:set:3:rotation:26,,,n30-round2-three-versions-v1,2026-09-04-r2-v1
n30-round2-three-versions-v1-slot-24,,24,3,34,110,P2_DOC_B,4,W_writer_optimal,W_writer_optimal.html,3,right,left,3,text-enrichment-reader-round2-n30-v1:participant:24:documents:set:3:rotation:26,,,n30-round2-three-versions-v1,2026-09-04-r2-v1
n30-round2-three-versions-v1-slot-24,,24,3,35,111,P18_DOC_A,35,D5_maximal,D5_maximal.html,6,right,left,3,text-enrichment-reader-round2-n30-v1:participant:24:documents:set:3:rotation:26,,,n30-round2-three-versions-v1,2026-09-04-r2-v1
n30-round2-three-versions-v1-slot-24,,24,3,36,112,P17_DOC_A,33,D4_derived,D4_derived.html,5,left,right,3,text-enrichment-reader-round2-n30-v1:participant:24:documents:set:3:rotation:26,,,n30-round2-three-versions-v1,2026-09-04-r2-v1
n30-round2-three-versions-v1-slot-24,,24,3,37,113,P3_DOC_B,6,D3_derived,D3_derived.html,4,left,right,3,text-enrichment-reader-round2-n30-v1:participant:24:documents:set:3:rotation:26,,,n30-round2-three-versions-v1,2026-09-04-r2-v1
n30-round2-three-versions-v1-slot-24,,24,3,38,114,P7_DOC_A,13,D1_derived,D1_derived.html,1,right,left,3,text-enrichment-reader-round2-n30-v1:participant:24:documents:set:3:rotation:26,,,n30-round2-three-versions-v1,2026-09-04-r2-v1
n30-round2-three-versions-v1-slot-25,,25,1,1,1,P7_DOC_B,14,W_writer_optimal,W_writer_optimal.html,3,right,left,1,text-enrichment-reader-round2-n30-v1:participant:25:documents:set:1:rotation:0,,,n30-round2-three-versions-v1,2026-09-04-r2-v1
n30-round2-three-versions-v1-slot-25,,25,1,2,2,P12_DOC_A,23,D3_derived,D3_derived.html,4,left,right,1,text-enrichment-reader-round2-n30-v1:participant:25:documents:set:1:rotation:0,,,n30-round2-three-versions-v1,2026-09-04-r2-v1
n30-round2-three-versions-v1-slot-25,,25,1,3,3,P11_DOC_B,22,D1_derived,D1_derived.html,1,left,right,1,text-enrichment-reader-round2-n30-v1:participant:25:documents:set:1:rotation:0,,,n30-round2-three-versions-v1,2026-09-04-r2-v1
n30-round2-three-versions-v1-slot-25,,25,1,4,4,P2_DOC_B,4,D3_derived,D3_derived.html,4,left,right,1,text-enrichment-reader-round2-n30-v1:participant:25:documents:set:1:rotation:0,,,n30-round2-three-versions-v1,2026-09-04-r2-v1
n30-round2-three-versions-v1-slot-25,,25,1,5,5,P9_DOC_A,17,D1_derived,D1_derived.html,1,left,right,1,text-enrichment-reader-round2-n30-v1:participant:25:documents:set:1:rotation:0,,,n30-round2-three-versions-v1,2026-09-04-r2-v1
n30-round2-three-versions-v1-slot-25,,25,1,6,6,P16_DOC_B,32,D5_maximal,D5_maximal.html,6,right,left,1,text-enrichment-reader-round2-n30-v1:participant:25:documents:set:1:rotation:0,,,n30-round2-three-versions-v1,2026-09-04-r2-v1
n30-round2-three-versions-v1-slot-25,,25,1,7,7,P8_DOC_A,15,D5_maximal,D5_maximal.html,6,left,right,1,text-enrichment-reader-round2-n30-v1:participant:25:documents:set:1:rotation:0,,,n30-round2-three-versions-v1,2026-09-04-r2-v1
n30-round2-three-versions-v1-slot-25,,25,1,8,8,P1_DOC_A,1,D4_derived,D4_derived.html,5,left,right,1,text-enrichment-reader-round2-n30-v1:participant:25:documents:set:1:rotation:0,,,n30-round2-three-versions-v1,2026-09-04-r2-v1
n30-round2-three-versions-v1-slot-25,,25,1,9,9,P5_DOC_B,10,D1_derived,D1_derived.html,1,right,left,1,text-enrichment-reader-round2-n30-v1:participant:25:documents:set:1:rotation:0,,,n30-round2-three-versions-v1,2026-09-04-r2-v1
n30-round2-three-versions-v1-slot-25,,25,1,10,10,P6_DOC_B,12,D2_derived,D2_derived.html,2,left,right,1,text-enrichment-reader-round2-n30-v1:participant:25:documents:set:1:rotation:0,,,n30-round2-three-versions-v1,2026-09-04-r2-v1
n30-round2-three-versions-v1-slot-25,,25,1,11,11,P16_DOC_A,31,D2_derived,D2_derived.html,2,right,left,1,text-enrichment-reader-round2-n30-v1:participant:25:documents:set:1:rotation:0,,,n30-round2-three-versions-v1,2026-09-04-r2-v1
n30-round2-three-versions-v1-slot-25,,25,1,12,12,P13_DOC_B,26,W_writer_optimal,W_writer_optimal.html,3,right,left,1,text-enrichment-reader-round2-n30-v1:participant:25:documents:set:1:rotation:0,,,n30-round2-three-versions-v1,2026-09-04-r2-v1
n30-round2-three-versions-v1-slot-25,,25,1,13,13,P11_DOC_A,21,W_writer_optimal,W_writer_optimal.html,3,left,right,1,text-enrichment-reader-round2-n30-v1:participant:25:documents:set:1:rotation:0,,,n30-round2-three-versions-v1,2026-09-04-r2-v1
n30-round2-three-versions-v1-slot-25,,25,1,14,14,P1_DOC_B,2,W_writer_optimal,W_writer_optimal.html,3,right,left,1,text-enrichment-reader-round2-n30-v1:participant:25:documents:set:1:rotation:0,,,n30-round2-three-versions-v1,2026-09-04-r2-v1
n30-round2-three-versions-v1-slot-25,,25,1,15,15,P7_DOC_A,13,D4_derived,D4_derived.html,5,left,right,1,text-enrichment-reader-round2-n30-v1:participant:25:documents:set:1:rotation:0,,,n30-round2-three-versions-v1,2026-09-04-r2-v1
n30-round2-three-versions-v1-slot-25,,25,1,16,16,P10_DOC_B,20,D5_maximal,D5_maximal.html,6,left,right,1,text-enrichment-reader-round2-n30-v1:participant:25:documents:set:1:rotation:0,,,n30-round2-three-versions-v1,2026-09-04-r2-v1
n30-round2-three-versions-v1-slot-25,,25,1,17,17,P17_DOC_A,33,W_writer_optimal,W_writer_optimal.html,3,right,left,1,text-enrichment-reader-round2-n30-v1:participant:25:documents:set:1:rotation:0,,,n30-round2-three-versions-v1,2026-09-04-r2-v1
n30-round2-three-versions-v1-slot-25,,25,1,18,18,P4_DOC_B,8,D5_maximal,D5_maximal.html,6,left,right,1,text-enrichment-reader-round2-n30-v1:participant:25:documents:set:1:rotation:0,,,n30-round2-three-versions-v1,2026-09-04-r2-v1
n30-round2-three-versions-v1-slot-25,,25,1,19,19,P5_DOC_A,9,W_writer_optimal,W_writer_optimal.html,3,left,right,1,text-enrichment-reader-round2-n30-v1:participant:25:documents:set:1:rotation:0,,,n30-round2-three-versions-v1,2026-09-04-r2-v1
n30-round2-three-versions-v1-slot-25,,25,1,20,20,P8_DOC_B,16,D3_derived,D3_derived.html,4,left,right,1,text-enrichment-reader-round2-n30-v1:participant:25:documents:set:1:rotation:0,,,n30-round2-three-versions-v1,2026-09-04-r2-v1
n30-round2-three-versions-v1-slot-25,,25,1,21,21,P13_DOC_A,25,D4_derived,D4_derived.html,5,right,left,1,text-enrichment-reader-round2-n30-v1:participant:25:documents:set:1:rotation:0,,,n30-round2-three-versions-v1,2026-09-04-r2-v1
n30-round2-three-versions-v1-slot-25,,25,1,22,22,P6_DOC_A,11,D3_derived,D3_derived.html,4,left,right,1,text-enrichment-reader-round2-n30-v1:participant:25:documents:set:1:rotation:0,,,n30-round2-three-versions-v1,2026-09-04-r2-v1
n30-round2-three-versions-v1-slot-25,,25,1,23,23,P10_DOC_A,19,D2_derived,D2_derived.html,2,left,right,1,text-enrichment-reader-round2-n30-v1:participant:25:documents:set:1:rotation:0,,,n30-round2-three-versions-v1,2026-09-04-r2-v1
n30-round2-three-versions-v1-slot-25,,25,1,24,24,P19_DOC_B,38,W_writer_optimal,W_writer_optimal.html,3,right,left,1,text-enrichment-reader-round2-n30-v1:participant:25:documents:set:1:rotation:0,,,n30-round2-three-versions-v1,2026-09-04-r2-v1
n30-round2-three-versions-v1-slot-25,,25,1,25,25,P14_DOC_A,27,D5_maximal,D5_maximal.html,6,right,left,1,text-enrichment-reader-round2-n30-v1:participant:25:documents:set:1:rotation:0,,,n30-round2-three-versions-v1,2026-09-04-r2-v1
n30-round2-three-versions-v1-slot-25,,25,1,26,26,P15_DOC_A,29,D1_derived,D1_derived.html,1,right,left,1,text-enrichment-reader-round2-n30-v1:participant:25:documents:set:1:rotation:0,,,n30-round2-three-versions-v1,2026-09-04-r2-v1
n30-round2-three-versions-v1-slot-25,,25,1,27,27,P14_DOC_B,28,D3_derived,D3_derived.html,4,right,left,1,text-enrichment-reader-round2-n30-v1:participant:25:documents:set:1:rotation:0,,,n30-round2-three-versions-v1,2026-09-04-r2-v1
n30-round2-three-versions-v1-slot-25,,25,1,28,28,P15_DOC_B,30,D4_derived,D4_derived.html,5,right,left,1,text-enrichment-reader-round2-n30-v1:participant:25:documents:set:1:rotation:0,,,n30-round2-three-versions-v1,2026-09-04-r2-v1
n30-round2-three-versions-v1-slot-25,,25,1,29,29,P17_DOC_B,34,D1_derived,D1_derived.html,1,right,left,1,text-enrichment-reader-round2-n30-v1:participant:25:documents:set:1:rotation:0,,,n30-round2-three-versions-v1,2026-09-04-r2-v1
n30-round2-three-versions-v1-slot-25,,25,1,30,30,P18_DOC_B,36,D2_derived,D2_derived.html,2,right,left,1,text-enrichment-reader-round2-n30-v1:participant:25:documents:set:1:rotation:0,,,n30-round2-three-versions-v1,2026-09-04-r2-v1
n30-round2-three-versions-v1-slot-25,,25,1,31,31,P9_DOC_B,18,D4_derived,D4_derived.html,5,right,left,1,text-enrichment-reader-round2-n30-v1:participant:25:documents:set:1:rotation:0,,,n30-round2-three-versions-v1,2026-09-04-r2-v1
n30-round2-three-versions-v1-slot-25,,25,1,32,32,P3_DOC_A,5,D1_derived,D1_derived.html,1,left,right,1,text-enrichment-reader-round2-n30-v1:participant:25:documents:set:1:rotation:0,,,n30-round2-three-versions-v1,2026-09-04-r2-v1
n30-round2-three-versions-v1-slot-25,,25,1,33,33,P12_DOC_B,24,D2_derived,D2_derived.html,2,left,right,1,text-enrichment-reader-round2-n30-v1:participant:25:documents:set:1:rotation:0,,,n30-round2-three-versions-v1,2026-09-04-r2-v1
n30-round2-three-versions-v1-slot-25,,25,1,34,34,P3_DOC_B,6,D4_derived,D4_derived.html,5,right,left,1,text-enrichment-reader-round2-n30-v1:participant:25:documents:set:1:rotation:0,,,n30-round2-three-versions-v1,2026-09-04-r2-v1
n30-round2-three-versions-v1-slot-25,,25,1,35,35,P18_DOC_A,35,D3_derived,D3_derived.html,4,right,left,1,text-enrichment-reader-round2-n30-v1:participant:25:documents:set:1:rotation:0,,,n30-round2-three-versions-v1,2026-09-04-r2-v1
n30-round2-three-versions-v1-slot-25,,25,1,36,36,P4_DOC_A,7,D2_derived,D2_derived.html,2,left,right,1,text-enrichment-reader-round2-n30-v1:participant:25:documents:set:1:rotation:0,,,n30-round2-three-versions-v1,2026-09-04-r2-v1
n30-round2-three-versions-v1-slot-25,,25,1,37,37,P19_DOC_A,37,D4_derived,D4_derived.html,5,right,left,1,text-enrichment-reader-round2-n30-v1:participant:25:documents:set:1:rotation:0,,,n30-round2-three-versions-v1,2026-09-04-r2-v1
n30-round2-three-versions-v1-slot-25,,25,1,38,38,P2_DOC_A,3,D5_maximal,D5_maximal.html,6,left,right,1,text-enrichment-reader-round2-n30-v1:participant:25:documents:set:1:rotation:0,,,n30-round2-three-versions-v1,2026-09-04-r2-v1
n30-round2-three-versions-v1-slot-25,,25,2,1,39,P1_DOC_B,2,D3_derived,D3_derived.html,4,right,left,2,text-enrichment-reader-round2-n30-v1:participant:25:documents:set:2:rotation:13,,,n30-round2-three-versions-v1,2026-09-04-r2-v1
n30-round2-three-versions-v1-slot-25,,25,2,2,40,P7_DOC_A,13,D5_maximal,D5_maximal.html,6,right,left,2,text-enrichment-reader-round2-n30-v1:participant:25:documents:set:2:rotation:13,,,n30-round2-three-versions-v1,2026-09-04-r2-v1
n30-round2-three-versions-v1-slot-25,,25,2,3,41,P10_DOC_B,20,D1_derived,D1_derived.html,1,left,right,2,text-enrichment-reader-round2-n30-v1:participant:25:documents:set:2:rotation:13,,,n30-round2-three-versions-v1,2026-09-04-r2-v1
n30-round2-three-versions-v1-slot-25,,25,2,4,42,P17_DOC_A,33,D3_derived,D3_derived.html,4,left,right,2,text-enrichment-reader-round2-n30-v1:participant:25:documents:set:2:rotation:13,,,n30-round2-three-versions-v1,2026-09-04-r2-v1
n30-round2-three-versions-v1-slot-25,,25,2,5,43,P4_DOC_B,8,D1_derived,D1_derived.html,1,right,left,2,text-enrichment-reader-round2-n30-v1:participant:25:documents:set:2:rotation:13,,,n30-round2-three-versions-v1,2026-09-04-r2-v1
n30-round2-three-versions-v1-slot-25,,25,2,6,44,P5_DOC_A,9,D3_derived,D3_derived.html,4,right,left,2,text-enrichment-reader-round2-n30-v1:participant:25:documents:set:2:rotation:13,,,n30-round2-three-versions-v1,2026-09-04-r2-v1
n30-round2-three-versions-v1-slot-25,,25,2,7,45,P8_DOC_B,16,D4_derived,D4_derived.html,5,right,left,2,text-enrichment-reader-round2-n30-v1:participant:25:documents:set:2:rotation:13,,,n30-round2-three-versions-v1,2026-09-04-r2-v1
n30-round2-three-versions-v1-slot-25,,25,2,8,46,P13_DOC_A,25,D5_maximal,D5_maximal.html,6,left,right,2,text-enrichment-reader-round2-n30-v1:participant:25:documents:set:2:rotation:13,,,n30-round2-three-versions-v1,2026-09-04-r2-v1
n30-round2-three-versions-v1-slot-25,,25,2,9,47,P6_DOC_A,11,D4_derived,D4_derived.html,5,left,right,2,text-enrichment-reader-round2-n30-v1:participant:25:documents:set:2:rotation:13,,,n30-round2-three-versions-v1,2026-09-04-r2-v1
n30-round2-three-versions-v1-slot-25,,25,2,10,48,P10_DOC_A,19,W_writer_optimal,W_writer_optimal.html,3,left,right,2,text-enrichment-reader-round2-n30-v1:participant:25:documents:set:2:rotation:13,,,n30-round2-three-versions-v1,2026-09-04-r2-v1
n30-round2-three-versions-v1-slot-25,,25,2,11,49,P19_DOC_B,38,D3_derived,D3_derived.html,4,right,left,2,text-enrichment-reader-round2-n30-v1:participant:25:documents:set:2:rotation:13,,,n30-round2-three-versions-v1,2026-09-04-r2-v1
n30-round2-three-versions-v1-slot-25,,25,2,12,50,P14_DOC_A,27,D1_derived,D1_derived.html,1,left,right,2,text-enrichment-reader-round2-n30-v1:participant:25:documents:set:2:rotation:13,,,n30-round2-three-versions-v1,2026-09-04-r2-v1
n30-round2-three-versions-v1-slot-25,,25,2,13,51,P15_DOC_A,29,D2_derived,D2_derived.html,2,left,right,2,text-enrichment-reader-round2-n30-v1:participant:25:documents:set:2:rotation:13,,,n30-round2-three-versions-v1,2026-09-04-r2-v1
n30-round2-three-versions-v1-slot-25,,25,2,14,52,P14_DOC_B,28,D4_derived,D4_derived.html,5,left,right,2,text-enrichment-reader-round2-n30-v1:participant:25:documents:set:2:rotation:13,,,n30-round2-three-versions-v1,2026-09-04-r2-v1
n30-round2-three-versions-v1-slot-25,,25,2,15,53,P15_DOC_B,30,D5_maximal,D5_maximal.html,6,left,right,2,text-enrichment-reader-round2-n30-v1:participant:25:documents:set:2:rotation:13,,,n30-round2-three-versions-v1,2026-09-04-r2-v1
n30-round2-three-versions-v1-slot-25,,25,2,16,54,P17_DOC_B,34,D2_derived,D2_derived.html,2,right,left,2,text-enrichment-reader-round2-n30-v1:participant:25:documents:set:2:rotation:13,,,n30-round2-three-versions-v1,2026-09-04-r2-v1
n30-round2-three-versions-v1-slot-25,,25,2,17,55,P18_DOC_B,36,W_writer_optimal,W_writer_optimal.html,3,right,left,2,text-enrichment-reader-round2-n30-v1:participant:25:documents:set:2:rotation:13,,,n30-round2-three-versions-v1,2026-09-04-r2-v1
n30-round2-three-versions-v1-slot-25,,25,2,18,56,P9_DOC_B,18,D5_maximal,D5_maximal.html,6,right,left,2,text-enrichment-reader-round2-n30-v1:participant:25:documents:set:2:rotation:13,,,n30-round2-three-versions-v1,2026-09-04-r2-v1
n30-round2-three-versions-v1-slot-25,,25,2,19,57,P3_DOC_A,5,D2_derived,D2_derived.html,2,right,left,2,text-enrichment-reader-round2-n30-v1:participant:25:documents:set:2:rotation:13,,,n30-round2-three-versions-v1,2026-09-04-r2-v1
n30-round2-three-versions-v1-slot-25,,25,2,20,58,P12_DOC_B,24,W_writer_optimal,W_writer_optimal.html,3,left,right,2,text-enrichment-reader-round2-n30-v1:participant:25:documents:set:2:rotation:13,,,n30-round2-three-versions-v1,2026-09-04-r2-v1
n30-round2-three-versions-v1-slot-25,,25,2,21,59,P3_DOC_B,6,D5_maximal,D5_maximal.html,6,right,left,2,text-enrichment-reader-round2-n30-v1:participant:25:documents:set:2:rotation:13,,,n30-round2-three-versions-v1,2026-09-04-r2-v1
n30-round2-three-versions-v1-slot-25,,25,2,22,60,P18_DOC_A,35,D4_derived,D4_derived.html,5,right,left,2,text-enrichment-reader-round2-n30-v1:participant:25:documents:set:2:rotation:13,,,n30-round2-three-versions-v1,2026-09-04-r2-v1
n30-round2-three-versions-v1-slot-25,,25,2,23,61,P4_DOC_A,7,W_writer_optimal,W_writer_optimal.html,3,left,right,2,text-enrichment-reader-round2-n30-v1:participant:25:documents:set:2:rotation:13,,,n30-round2-three-versions-v1,2026-09-04-r2-v1
n30-round2-three-versions-v1-slot-25,,25,2,24,62,P19_DOC_A,37,D5_maximal,D5_maximal.html,6,right,left,2,text-enrichment-reader-round2-n30-v1:participant:25:documents:set:2:rotation:13,,,n30-round2-three-versions-v1,2026-09-04-r2-v1
n30-round2-three-versions-v1-slot-25,,25,2,25,63,P2_DOC_A,3,D1_derived,D1_derived.html,1,left,right,2,text-enrichment-reader-round2-n30-v1:participant:25:documents:set:2:rotation:13,,,n30-round2-three-versions-v1,2026-09-04-r2-v1
n30-round2-three-versions-v1-slot-25,,25,2,26,64,P7_DOC_B,14,D3_derived,D3_derived.html,4,right,left,2,text-enrichment-reader-round2-n30-v1:participant:25:documents:set:2:rotation:13,,,n30-round2-three-versions-v1,2026-09-04-r2-v1
n30-round2-three-versions-v1-slot-25,,25,2,27,65,P12_DOC_A,23,D4_derived,D4_derived.html,5,left,right,2,text-enrichment-reader-round2-n30-v1:participant:25:documents:set:2:rotation:13,,,n30-round2-three-versions-v1,2026-09-04-r2-v1
n30-round2-three-versions-v1-slot-25,,25,2,28,66,P11_DOC_B,22,D2_derived,D2_derived.html,2,left,right,2,text-enrichment-reader-round2-n30-v1:participant:25:documents:set:2:rotation:13,,,n30-round2-three-versions-v1,2026-09-04-r2-v1
n30-round2-three-versions-v1-slot-25,,25,2,29,67,P2_DOC_B,4,D4_derived,D4_derived.html,5,right,left,2,text-enrichment-reader-round2-n30-v1:participant:25:documents:set:2:rotation:13,,,n30-round2-three-versions-v1,2026-09-04-r2-v1
n30-round2-three-versions-v1-slot-25,,25,2,30,68,P9_DOC_A,17,D2_derived,D2_derived.html,2,right,left,2,text-enrichment-reader-round2-n30-v1:participant:25:documents:set:2:rotation:13,,,n30-round2-three-versions-v1,2026-09-04-r2-v1
n30-round2-three-versions-v1-slot-25,,25,2,31,69,P16_DOC_B,32,D1_derived,D1_derived.html,1,left,right,2,text-enrichment-reader-round2-n30-v1:participant:25:documents:set:2:rotation:13,,,n30-round2-three-versions-v1,2026-09-04-r2-v1
n30-round2-three-versions-v1-slot-25,,25,2,32,70,P8_DOC_A,15,D1_derived,D1_derived.html,1,left,right,2,text-enrichment-reader-round2-n30-v1:participant:25:documents:set:2:rotation:13,,,n30-round2-three-versions-v1,2026-09-04-r2-v1
n30-round2-three-versions-v1-slot-25,,25,2,33,71,P1_DOC_A,1,D5_maximal,D5_maximal.html,6,right,left,2,text-enrichment-reader-round2-n30-v1:participant:25:documents:set:2:rotation:13,,,n30-round2-three-versions-v1,2026-09-04-r2-v1
n30-round2-three-versions-v1-slot-25,,25,2,34,72,P5_DOC_B,10,D2_derived,D2_derived.html,2,right,left,2,text-enrichment-reader-round2-n30-v1:participant:25:documents:set:2:rotation:13,,,n30-round2-three-versions-v1,2026-09-04-r2-v1
n30-round2-three-versions-v1-slot-25,,25,2,35,73,P6_DOC_B,12,W_writer_optimal,W_writer_optimal.html,3,right,left,2,text-enrichment-reader-round2-n30-v1:participant:25:documents:set:2:rotation:13,,,n30-round2-three-versions-v1,2026-09-04-r2-v1
n30-round2-three-versions-v1-slot-25,,25,2,36,74,P16_DOC_A,31,W_writer_optimal,W_writer_optimal.html,3,left,right,2,text-enrichment-reader-round2-n30-v1:participant:25:documents:set:2:rotation:13,,,n30-round2-three-versions-v1,2026-09-04-r2-v1
n30-round2-three-versions-v1-slot-25,,25,2,37,75,P13_DOC_B,26,D3_derived,D3_derived.html,4,left,right,2,text-enrichment-reader-round2-n30-v1:participant:25:documents:set:2:rotation:13,,,n30-round2-three-versions-v1,2026-09-04-r2-v1
n30-round2-three-versions-v1-slot-25,,25,2,38,76,P11_DOC_A,21,D3_derived,D3_derived.html,4,left,right,2,text-enrichment-reader-round2-n30-v1:participant:25:documents:set:2:rotation:13,,,n30-round2-three-versions-v1,2026-09-04-r2-v1
n30-round2-three-versions-v1-slot-25,,25,3,1,77,P14_DOC_B,28,W_writer_optimal,W_writer_optimal.html,3,left,right,3,text-enrichment-reader-round2-n30-v1:participant:25:documents:set:3:rotation:26,,,n30-round2-three-versions-v1,2026-09-04-r2-v1
n30-round2-three-versions-v1-slot-25,,25,3,2,78,P15_DOC_B,30,D3_derived,D3_derived.html,4,left,right,3,text-enrichment-reader-round2-n30-v1:participant:25:documents:set:3:rotation:26,,,n30-round2-three-versions-v1,2026-09-04-r2-v1
n30-round2-three-versions-v1-slot-25,,25,3,3,79,P17_DOC_B,34,D5_maximal,D5_maximal.html,6,left,right,3,text-enrichment-reader-round2-n30-v1:participant:25:documents:set:3:rotation:26,,,n30-round2-three-versions-v1,2026-09-04-r2-v1
n30-round2-three-versions-v1-slot-25,,25,3,4,80,P18_DOC_B,36,D1_derived,D1_derived.html,1,left,right,3,text-enrichment-reader-round2-n30-v1:participant:25:documents:set:3:rotation:26,,,n30-round2-three-versions-v1,2026-09-04-r2-v1
n30-round2-three-versions-v1-slot-25,,25,3,5,81,P9_DOC_B,18,D3_derived,D3_derived.html,4,right,left,3,text-enrichment-reader-round2-n30-v1:participant:25:documents:set:3:rotation:26,,,n30-round2-three-versions-v1,2026-09-04-r2-v1
n30-round2-three-versions-v1-slot-25,,25,3,6,82,P3_DOC_A,5,W_writer_optimal,W_writer_optimal.html,3,right,left,3,text-enrichment-reader-round2-n30-v1:participant:25:documents:set:3:rotation:26,,,n30-round2-three-versions-v1,2026-09-04-r2-v1
n30-round2-three-versions-v1-slot-25,,25,3,7,83,P12_DOC_B,24,D1_derived,D1_derived.html,1,left,right,3,text-enrichment-reader-round2-n30-v1:participant:25:documents:set:3:rotation:26,,,n30-round2-three-versions-v1,2026-09-04-r2-v1
n30-round2-three-versions-v1-slot-25,,25,3,8,84,P3_DOC_B,6,D3_derived,D3_derived.html,4,right,left,3,text-enrichment-reader-round2-n30-v1:participant:25:documents:set:3:rotation:26,,,n30-round2-three-versions-v1,2026-09-04-r2-v1
n30-round2-three-versions-v1-slot-25,,25,3,9,85,P18_DOC_A,35,D5_maximal,D5_maximal.html,6,left,right,3,text-enrichment-reader-round2-n30-v1:participant:25:documents:set:3:rotation:26,,,n30-round2-three-versions-v1,2026-09-04-r2-v1
n30-round2-three-versions-v1-slot-25,,25,3,10,86,P4_DOC_A,7,D3_derived,D3_derived.html,4,right,left,3,text-enrichment-reader-round2-n30-v1:participant:25:documents:set:3:rotation:26,,,n30-round2-three-versions-v1,2026-09-04-r2-v1
n30-round2-three-versions-v1-slot-25,,25,3,11,87,P19_DOC_A,37,D1_derived,D1_derived.html,1,left,right,3,text-enrichment-reader-round2-n30-v1:participant:25:documents:set:3:rotation:26,,,n30-round2-three-versions-v1,2026-09-04-r2-v1
n30-round2-three-versions-v1-slot-25,,25,3,12,88,P2_DOC_A,3,D2_derived,D2_derived.html,2,right,left,3,text-enrichment-reader-round2-n30-v1:participant:25:documents:set:3:rotation:26,,,n30-round2-three-versions-v1,2026-09-04-r2-v1
n30-round2-three-versions-v1-slot-25,,25,3,13,89,P7_DOC_B,14,D2_derived,D2_derived.html,2,right,left,3,text-enrichment-reader-round2-n30-v1:participant:25:documents:set:3:rotation:26,,,n30-round2-three-versions-v1,2026-09-04-r2-v1
n30-round2-three-versions-v1-slot-25,,25,3,14,90,P12_DOC_A,23,D5_maximal,D5_maximal.html,6,left,right,3,text-enrichment-reader-round2-n30-v1:participant:25:documents:set:3:rotation:26,,,n30-round2-three-versions-v1,2026-09-04-r2-v1
n30-round2-three-versions-v1-slot-25,,25,3,15,91,P11_DOC_B,22,D5_maximal,D5_maximal.html,6,left,right,3,text-enrichment-reader-round2-n30-v1:participant:25:documents:set:3:rotation:26,,,n30-round2-three-versions-v1,2026-09-04-r2-v1
n30-round2-three-versions-v1-slot-25,,25,3,16,92,P2_DOC_B,4,W_writer_optimal,W_writer_optimal.html,3,right,left,3,text-enrichment-reader-round2-n30-v1:participant:25:documents:set:3:rotation:26,,,n30-round2-three-versions-v1,2026-09-04-r2-v1
n30-round2-three-versions-v1-slot-25,,25,3,17,93,P9_DOC_A,17,W_writer_optimal,W_writer_optimal.html,3,right,left,3,text-enrichment-reader-round2-n30-v1:participant:25:documents:set:3:rotation:26,,,n30-round2-three-versions-v1,2026-09-04-r2-v1
n30-round2-three-versions-v1-slot-25,,25,3,18,94,P16_DOC_B,32,D4_derived,D4_derived.html,5,left,right,3,text-enrichment-reader-round2-n30-v1:participant:25:documents:set:3:rotation:26,,,n30-round2-three-versions-v1,2026-09-04-r2-v1
n30-round2-three-versions-v1-slot-25,,25,3,19,95,P8_DOC_A,15,D2_derived,D2_derived.html,2,right,left,3,text-enrichment-reader-round2-n30-v1:participant:25:documents:set:3:rotation:26,,,n30-round2-three-versions-v1,2026-09-04-r2-v1
n30-round2-three-versions-v1-slot-25,,25,3,20,96,P1_DOC_A,1,D1_derived,D1_derived.html,1,right,left,3,text-enrichment-reader-round2-n30-v1:participant:25:documents:set:3:rotation:26,,,n30-round2-three-versions-v1,2026-09-04-r2-v1
n30-round2-three-versions-v1-slot-25,,25,3,21,97,P5_DOC_B,10,D5_maximal,D5_maximal.html,6,right,left,3,text-enrichment-reader-round2-n30-v1:participant:25:documents:set:3:rotation:26,,,n30-round2-three-versions-v1,2026-09-04-r2-v1
n30-round2-three-versions-v1-slot-25,,25,3,22,98,P6_DOC_B,12,D1_derived,D1_derived.html,1,right,left,3,text-enrichment-reader-round2-n30-v1:participant:25:documents:set:3:rotation:26,,,n30-round2-three-versions-v1,2026-09-04-r2-v1
n30-round2-three-versions-v1-slot-25,,25,3,23,99,P16_DOC_A,31,D3_derived,D3_derived.html,4,left,right,3,text-enrichment-reader-round2-n30-v1:participant:25:documents:set:3:rotation:26,,,n30-round2-three-versions-v1,2026-09-04-r2-v1
n30-round2-three-versions-v1-slot-25,,25,3,24,100,P13_DOC_B,26,D2_derived,D2_derived.html,2,left,right,3,text-enrichment-reader-round2-n30-v1:participant:25:documents:set:3:rotation:26,,,n30-round2-three-versions-v1,2026-09-04-r2-v1
n30-round2-three-versions-v1-slot-25,,25,3,25,101,P11_DOC_A,21,D4_derived,D4_derived.html,5,left,right,3,text-enrichment-reader-round2-n30-v1:participant:25:documents:set:3:rotation:26,,,n30-round2-three-versions-v1,2026-09-04-r2-v1
n30-round2-three-versions-v1-slot-25,,25,3,26,102,P1_DOC_B,2,D2_derived,D2_derived.html,2,right,left,3,text-enrichment-reader-round2-n30-v1:participant:25:documents:set:3:rotation:26,,,n30-round2-three-versions-v1,2026-09-04-r2-v1
n30-round2-three-versions-v1-slot-25,,25,3,27,103,P7_DOC_A,13,D1_derived,D1_derived.html,1,right,left,3,text-enrichment-reader-round2-n30-v1:participant:25:documents:set:3:rotation:26,,,n30-round2-three-versions-v1,2026-09-04-r2-v1
n30-round2-three-versions-v1-slot-25,,25,3,28,104,P10_DOC_B,20,D4_derived,D4_derived.html,5,left,right,3,text-enrichment-reader-round2-n30-v1:participant:25:documents:set:3:rotation:26,,,n30-round2-three-versions-v1,2026-09-04-r2-v1
n30-round2-three-versions-v1-slot-25,,25,3,29,105,P17_DOC_A,33,D4_derived,D4_derived.html,5,left,right,3,text-enrichment-reader-round2-n30-v1:participant:25:documents:set:3:rotation:26,,,n30-round2-three-versions-v1,2026-09-04-r2-v1
n30-round2-three-versions-v1-slot-25,,25,3,30,106,P4_DOC_B,8,D4_derived,D4_derived.html,5,right,left,3,text-enrichment-reader-round2-n30-v1:participant:25:documents:set:3:rotation:26,,,n30-round2-three-versions-v1,2026-09-04-r2-v1
n30-round2-three-versions-v1-slot-25,,25,3,31,107,P5_DOC_A,9,D4_derived,D4_derived.html,5,right,left,3,text-enrichment-reader-round2-n30-v1:participant:25:documents:set:3:rotation:26,,,n30-round2-three-versions-v1,2026-09-04-r2-v1
n30-round2-three-versions-v1-slot-25,,25,3,32,108,P8_DOC_B,16,W_writer_optimal,W_writer_optimal.html,3,right,left,3,text-enrichment-reader-round2-n30-v1:participant:25:documents:set:3:rotation:26,,,n30-round2-three-versions-v1,2026-09-04-r2-v1
n30-round2-three-versions-v1-slot-25,,25,3,33,109,P13_DOC_A,25,D1_derived,D1_derived.html,1,left,right,3,text-enrichment-reader-round2-n30-v1:participant:25:documents:set:3:rotation:26,,,n30-round2-three-versions-v1,2026-09-04-r2-v1
n30-round2-three-versions-v1-slot-25,,25,3,34,110,P6_DOC_A,11,D5_maximal,D5_maximal.html,6,right,left,3,text-enrichment-reader-round2-n30-v1:participant:25:documents:set:3:rotation:26,,,n30-round2-three-versions-v1,2026-09-04-r2-v1
n30-round2-three-versions-v1-slot-25,,25,3,35,111,P10_DOC_A,19,D3_derived,D3_derived.html,4,right,left,3,text-enrichment-reader-round2-n30-v1:participant:25:documents:set:3:rotation:26,,,n30-round2-three-versions-v1,2026-09-04-r2-v1
n30-round2-three-versions-v1-slot-25,,25,3,36,112,P19_DOC_B,38,D2_derived,D2_derived.html,2,left,right,3,text-enrichment-reader-round2-n30-v1:participant:25:documents:set:3:rotation:26,,,n30-round2-three-versions-v1,2026-09-04-r2-v1
n30-round2-three-versions-v1-slot-25,,25,3,37,113,P14_DOC_A,27,D2_derived,D2_derived.html,2,left,right,3,text-enrichment-reader-round2-n30-v1:participant:25:documents:set:3:rotation:26,,,n30-round2-three-versions-v1,2026-09-04-r2-v1
n30-round2-three-versions-v1-slot-25,,25,3,38,114,P15_DOC_A,29,W_writer_optimal,W_writer_optimal.html,3,left,right,3,text-enrichment-reader-round2-n30-v1:participant:25:documents:set:3:rotation:26,,,n30-round2-three-versions-v1,2026-09-04-r2-v1
n30-round2-three-versions-v1-slot-26,,26,1,1,1,P16_DOC_A,31,D5_maximal,D5_maximal.html,6,left,right,1,text-enrichment-reader-round2-n30-v1:participant:26:documents:set:1:rotation:0,,,n30-round2-three-versions-v1,2026-09-04-r2-v1
n30-round2-three-versions-v1-slot-26,,26,1,2,2,P12_DOC_A,23,D2_derived,D2_derived.html,2,left,right,1,text-enrichment-reader-round2-n30-v1:participant:26:documents:set:1:rotation:0,,,n30-round2-three-versions-v1,2026-09-04-r2-v1
n30-round2-three-versions-v1-slot-26,,26,1,3,3,P9_DOC_A,17,D4_derived,D4_derived.html,5,right,left,1,text-enrichment-reader-round2-n30-v1:participant:26:documents:set:1:rotation:0,,,n30-round2-three-versions-v1,2026-09-04-r2-v1
n30-round2-three-versions-v1-slot-26,,26,1,4,4,P16_DOC_B,32,D1_derived,D1_derived.html,1,left,right,1,text-enrichment-reader-round2-n30-v1:participant:26:documents:set:1:rotation:0,,,n30-round2-three-versions-v1,2026-09-04-r2-v1
n30-round2-three-versions-v1-slot-26,,26,1,5,5,P2_DOC_A,3,D3_derived,D3_derived.html,4,right,left,1,text-enrichment-reader-round2-n30-v1:participant:26:documents:set:1:rotation:0,,,n30-round2-three-versions-v1,2026-09-04-r2-v1
n30-round2-three-versions-v1-slot-26,,26,1,6,6,P9_DOC_B,18,D5_maximal,D5_maximal.html,6,right,left,1,text-enrichment-reader-round2-n30-v1:participant:26:documents:set:1:rotation:0,,,n30-round2-three-versions-v1,2026-09-04-r2-v1
n30-round2-three-versions-v1-slot-26,,26,1,7,7,P1_DOC_B,2,D3_derived,D3_derived.html,4,right,left,1,text-enrichment-reader-round2-n30-v1:participant:26:documents:set:1:rotation:0,,,n30-round2-three-versions-v1,2026-09-04-r2-v1
n30-round2-three-versions-v1-slot-26,,26,1,8,8,P15_DOC_A,29,D4_derived,D4_derived.html,5,left,right,1,text-enrichment-reader-round2-n30-v1:participant:26:documents:set:1:rotation:0,,,n30-round2-three-versions-v1,2026-09-04-r2-v1
n30-round2-three-versions-v1-slot-26,,26,1,9,9,P7_DOC_B,14,D3_derived,D3_derived.html,4,right,left,1,text-enrichment-reader-round2-n30-v1:participant:26:documents:set:1:rotation:0,,,n30-round2-three-versions-v1,2026-09-04-r2-v1
n30-round2-three-versions-v1-slot-26,,26,1,10,10,P13_DOC_B,26,D3_derived,D3_derived.html,4,left,right,1,text-enrichment-reader-round2-n30-v1:participant:26:documents:set:1:rotation:0,,,n30-round2-three-versions-v1,2026-09-04-r2-v1
n30-round2-three-versions-v1-slot-26,,26,1,11,11,P8_DOC_B,16,D4_derived,D4_derived.html,5,right,left,1,text-enrichment-reader-round2-n30-v1:participant:26:documents:set:1:rotation:0,,,n30-round2-three-versions-v1,2026-09-04-r2-v1
n30-round2-three-versions-v1-slot-26,,26,1,12,12,P11_DOC_A,21,D1_derived,D1_derived.html,1,left,right,1,text-enrichment-reader-round2-n30-v1:participant:26:documents:set:1:rotation:0,,,n30-round2-three-versions-v1,2026-09-04-r2-v1
n30-round2-three-versions-v1-slot-26,,26,1,13,13,P6_DOC_A,11,D2_derived,D2_derived.html,2,right,left,1,text-enrichment-reader-round2-n30-v1:participant:26:documents:set:1:rotation:0,,,n30-round2-three-versions-v1,2026-09-04-r2-v1
n30-round2-three-versions-v1-slot-26,,26,1,14,14,P4_DOC_B,8,D1_derived,D1_derived.html,1,right,left,1,text-enrichment-reader-round2-n30-v1:participant:26:documents:set:1:rotation:0,,,n30-round2-three-versions-v1,2026-09-04-r2-v1
n30-round2-three-versions-v1-slot-26,,26,1,15,15,P10_DOC_B,20,D1_derived,D1_derived.html,1,left,right,1,text-enrichment-reader-round2-n30-v1:participant:26:documents:set:1:rotation:0,,,n30-round2-three-versions-v1,2026-09-04-r2-v1
n30-round2-three-versions-v1-slot-26,,26,1,16,16,P5_DOC_B,10,D2_derived,D2_derived.html,2,right,left,1,text-enrichment-reader-round2-n30-v1:participant:26:documents:set:1:rotation:0,,,n30-round2-three-versions-v1,2026-09-04-r2-v1
n30-round2-three-versions-v1-slot-26,,26,1,17,17,P10_DOC_A,19,D5_maximal,D5_maximal.html,6,right,left,1,text-enrichment-reader-round2-n30-v1:participant:26:documents:set:1:rotation:0,,,n30-round2-three-versions-v1,2026-09-04-r2-v1
n30-round2-three-versions-v1-slot-26,,26,1,18,18,P19_DOC_B,38,D3_derived,D3_derived.html,4,left,right,1,text-enrichment-reader-round2-n30-v1:participant:26:documents:set:1:rotation:0,,,n30-round2-three-versions-v1,2026-09-04-r2-v1
n30-round2-three-versions-v1-slot-26,,26,1,19,19,P13_DOC_A,25,W_writer_optimal,W_writer_optimal.html,3,left,right,1,text-enrichment-reader-round2-n30-v1:participant:26:documents:set:1:rotation:0,,,n30-round2-three-versions-v1,2026-09-04-r2-v1
n30-round2-three-versions-v1-slot-26,,26,1,20,20,P14_DOC_A,27,D3_derived,D3_derived.html,4,left,right,1,text-enrichment-reader-round2-n30-v1:participant:26:documents:set:1:rotation:0,,,n30-round2-three-versions-v1,2026-09-04-r2-v1
n30-round2-three-versions-v1-slot-26,,26,1,21,21,P18_DOC_B,36,W_writer_optimal,W_writer_optimal.html,3,left,right,1,text-enrichment-reader-round2-n30-v1:participant:26:documents:set:1:rotation:0,,,n30-round2-three-versions-v1,2026-09-04-r2-v1
n30-round2-three-versions-v1-slot-26,,26,1,22,22,P12_DOC_B,24,W_writer_optimal,W_writer_optimal.html,3,left,right,1,text-enrichment-reader-round2-n30-v1:participant:26:documents:set:1:rotation:0,,,n30-round2-three-versions-v1,2026-09-04-r2-v1
n30-round2-three-versions-v1-slot-26,,26,1,23,23,P14_DOC_B,28,D4_derived,D4_derived.html,5,left,right,1,text-enrichment-reader-round2-n30-v1:participant:26:documents:set:1:rotation:0,,,n30-round2-three-versions-v1,2026-09-04-r2-v1
n30-round2-three-versions-v1-slot-26,,26,1,24,24,P6_DOC_B,12,W_writer_optimal,W_writer_optimal.html,3,right,left,1,text-enrichment-reader-round2-n30-v1:participant:26:documents:set:1:rotation:0,,,n30-round2-three-versions-v1,2026-09-04-r2-v1
n30-round2-three-versions-v1-slot-26,,26,1,25,25,P2_DOC_B,4,D4_derived,D4_derived.html,5,right,left,1,text-enrichment-reader-round2-n30-v1:participant:26:documents:set:1:rotation:0,,,n30-round2-three-versions-v1,2026-09-04-r2-v1
n30-round2-three-versions-v1-slot-26,,26,1,26,26,P3_DOC_A,5,D4_derived,D4_derived.html,5,right,left,1,text-enrichment-reader-round2-n30-v1:participant:26:documents:set:1:rotation:0,,,n30-round2-three-versions-v1,2026-09-04-r2-v1
n30-round2-three-versions-v1-slot-26,,26,1,27,27,P19_DOC_A,37,W_writer_optimal,W_writer_optimal.html,3,left,right,1,text-enrichment-reader-round2-n30-v1:participant:26:documents:set:1:rotation:0,,,n30-round2-three-versions-v1,2026-09-04-r2-v1
n30-round2-three-versions-v1-slot-26,,26,1,28,28,P17_DOC_B,34,D2_derived,D2_derived.html,2,left,right,1,text-enrichment-reader-round2-n30-v1:participant:26:documents:set:1:rotation:0,,,n30-round2-three-versions-v1,2026-09-04-r2-v1
n30-round2-three-versions-v1-slot-26,,26,1,29,29,P3_DOC_B,6,D5_maximal,D5_maximal.html,6,right,left,1,text-enrichment-reader-round2-n30-v1:participant:26:documents:set:1:rotation:0,,,n30-round2-three-versions-v1,2026-09-04-r2-v1
n30-round2-three-versions-v1-slot-26,,26,1,30,30,P1_DOC_A,1,W_writer_optimal,W_writer_optimal.html,3,right,left,1,text-enrichment-reader-round2-n30-v1:participant:26:documents:set:1:rotation:0,,,n30-round2-three-versions-v1,2026-09-04-r2-v1
n30-round2-three-versions-v1-slot-26,,26,1,31,31,P17_DOC_A,33,D1_derived,D1_derived.html,1,left,right,1,text-enrichment-reader-round2-n30-v1:participant:26:documents:set:1:rotation:0,,,n30-round2-three-versions-v1,2026-09-04-r2-v1
n30-round2-three-versions-v1-slot-26,,26,1,32,32,P11_DOC_B,22,D2_derived,D2_derived.html,2,left,right,1,text-enrichment-reader-round2-n30-v1:participant:26:documents:set:1:rotation:0,,,n30-round2-three-versions-v1,2026-09-04-r2-v1
n30-round2-three-versions-v1-slot-26,,26,1,33,33,P7_DOC_A,13,W_writer_optimal,W_writer_optimal.html,3,right,left,1,text-enrichment-reader-round2-n30-v1:participant:26:documents:set:1:rotation:0,,,n30-round2-three-versions-v1,2026-09-04-r2-v1
n30-round2-three-versions-v1-slot-26,,26,1,34,34,P5_DOC_A,9,D1_derived,D1_derived.html,1,right,left,1,text-enrichment-reader-round2-n30-v1:participant:26:documents:set:1:rotation:0,,,n30-round2-three-versions-v1,2026-09-04-r2-v1
n30-round2-three-versions-v1-slot-26,,26,1,35,35,P18_DOC_A,35,D2_derived,D2_derived.html,2,left,right,1,text-enrichment-reader-round2-n30-v1:participant:26:documents:set:1:rotation:0,,,n30-round2-three-versions-v1,2026-09-04-r2-v1
n30-round2-three-versions-v1-slot-26,,26,1,36,36,P4_DOC_A,7,D5_maximal,D5_maximal.html,6,right,left,1,text-enrichment-reader-round2-n30-v1:participant:26:documents:set:1:rotation:0,,,n30-round2-three-versions-v1,2026-09-04-r2-v1
n30-round2-three-versions-v1-slot-26,,26,1,37,37,P8_DOC_A,15,D3_derived,D3_derived.html,4,right,left,1,text-enrichment-reader-round2-n30-v1:participant:26:documents:set:1:rotation:0,,,n30-round2-three-versions-v1,2026-09-04-r2-v1
n30-round2-three-versions-v1-slot-26,,26,1,38,38,P15_DOC_B,30,D5_maximal,D5_maximal.html,6,left,right,1,text-enrichment-reader-round2-n30-v1:participant:26:documents:set:1:rotation:0,,,n30-round2-three-versions-v1,2026-09-04-r2-v1
n30-round2-three-versions-v1-slot-26,,26,2,1,39,P4_DOC_B,8,D2_derived,D2_derived.html,2,right,left,2,text-enrichment-reader-round2-n30-v1:participant:26:documents:set:2:rotation:13,,,n30-round2-three-versions-v1,2026-09-04-r2-v1
n30-round2-three-versions-v1-slot-26,,26,2,2,40,P10_DOC_B,20,D2_derived,D2_derived.html,2,left,right,2,text-enrichment-reader-round2-n30-v1:participant:26:documents:set:2:rotation:13,,,n30-round2-three-versions-v1,2026-09-04-r2-v1
n30-round2-three-versions-v1-slot-26,,26,2,3,41,P5_DOC_B,10,W_writer_optimal,W_writer_optimal.html,3,right,left,2,text-enrichment-reader-round2-n30-v1:participant:26:documents:set:2:rotation:13,,,n30-round2-three-versions-v1,2026-09-04-r2-v1
n30-round2-three-versions-v1-slot-26,,26,2,4,42,P10_DOC_A,19,W_writer_optimal,W_writer_optimal.html,3,right,left,2,text-enrichment-reader-round2-n30-v1:participant:26:documents:set:2:rotation:13,,,n30-round2-three-versions-v1,2026-09-04-r2-v1
n30-round2-three-versions-v1-slot-26,,26,2,5,43,P19_DOC_B,38,D4_derived,D4_derived.html,5,left,right,2,text-enrichment-reader-round2-n30-v1:participant:26:documents:set:2:rotation:13,,,n30-round2-three-versions-v1,2026-09-04-r2-v1
n30-round2-three-versions-v1-slot-26,,26,2,6,44,P13_DOC_A,25,D5_maximal,D5_maximal.html,6,left,right,2,text-enrichment-reader-round2-n30-v1:participant:26:documents:set:2:rotation:13,,,n30-round2-three-versions-v1,2026-09-04-r2-v1
n30-round2-three-versions-v1-slot-26,,26,2,7,45,P14_DOC_A,27,D1_derived,D1_derived.html,1,left,right,2,text-enrichment-reader-round2-n30-v1:participant:26:documents:set:2:rotation:13,,,n30-round2-three-versions-v1,2026-09-04-r2-v1
n30-round2-three-versions-v1-slot-26,,26,2,8,46,P18_DOC_B,36,D3_derived,D3_derived.html,4,left,right,2,text-enrichment-reader-round2-n30-v1:participant:26:documents:set:2:rotation:13,,,n30-round2-three-versions-v1,2026-09-04-r2-v1
n30-round2-three-versions-v1-slot-26,,26,2,9,47,P12_DOC_B,24,D3_derived,D3_derived.html,4,left,right,2,text-enrichment-reader-round2-n30-v1:participant:26:documents:set:2:rotation:13,,,n30-round2-three-versions-v1,2026-09-04-r2-v1
n30-round2-three-versions-v1-slot-26,,26,2,10,48,P14_DOC_B,28,D5_maximal,D5_maximal.html,6,left,right,2,text-enrichment-reader-round2-n30-v1:participant:26:documents:set:2:rotation:13,,,n30-round2-three-versions-v1,2026-09-04-r2-v1
n30-round2-three-versions-v1-slot-26,,26,2,11,49,P6_DOC_B,12,D3_derived,D3_derived.html,4,right,left,2,text-enrichment-reader-round2-n30-v1:participant:26:documents:set:2:rotation:13,,,n30-round2-three-versions-v1,2026-09-04-r2-v1
n30-round2-three-versions-v1-slot-26,,26,2,12,50,P2_DOC_B,4,D5_maximal,D5_maximal.html,6,right,left,2,text-enrichment-reader-round2-n30-v1:participant:26:documents:set:2:rotation:13,,,n30-round2-three-versions-v1,2026-09-04-r2-v1
n30-round2-three-versions-v1-slot-26,,26,2,13,51,P3_DOC_A,5,D2_derived,D2_derived.html,2,right,left,2,text-enrichment-reader-round2-n30-v1:participant:26:documents:set:2:rotation:13,,,n30-round2-three-versions-v1,2026-09-04-r2-v1
n30-round2-three-versions-v1-slot-26,,26,2,14,52,P19_DOC_A,37,D5_maximal,D5_maximal.html,6,left,right,2,text-enrichment-reader-round2-n30-v1:participant:26:documents:set:2:rotation:13,,,n30-round2-three-versions-v1,2026-09-04-r2-v1
n30-round2-three-versions-v1-slot-26,,26,2,15,53,P17_DOC_B,34,W_writer_optimal,W_writer_optimal.html,3,left,right,2,text-enrichment-reader-round2-n30-v1:participant:26:documents:set:2:rotation:13,,,n30-round2-three-versions-v1,2026-09-04-r2-v1
n30-round2-three-versions-v1-slot-26,,26,2,16,54,P3_DOC_B,6,D1_derived,D1_derived.html,1,right,left,2,text-enrichment-reader-round2-n30-v1:participant:26:documents:set:2:rotation:13,,,n30-round2-three-versions-v1,2026-09-04-r2-v1
n30-round2-three-versions-v1-slot-26,,26,2,17,55,P1_DOC_A,1,D5_maximal,D5_maximal.html,6,right,left,2,text-enrichment-reader-round2-n30-v1:participant:26:documents:set:2:rotation:13,,,n30-round2-three-versions-v1,2026-09-04-r2-v1
n30-round2-three-versions-v1-slot-26,,26,2,18,56,P17_DOC_A,33,D3_derived,D3_derived.html,4,left,right,2,text-enrichment-reader-round2-n30-v1:participant:26:documents:set:2:rotation:13,,,n30-round2-three-versions-v1,2026-09-04-r2-v1
n30-round2-three-versions-v1-slot-26,,26,2,19,57,P11_DOC_B,22,W_writer_optimal,W_writer_optimal.html,3,left,right,2,text-enrichment-reader-round2-n30-v1:participant:26:documents:set:2:rotation:13,,,n30-round2-three-versions-v1,2026-09-04-r2-v1
n30-round2-three-versions-v1-slot-26,,26,2,20,58,P7_DOC_A,13,D5_maximal,D5_maximal.html,6,right,left,2,text-enrichment-reader-round2-n30-v1:participant:26:documents:set:2:rotation:13,,,n30-round2-three-versions-v1,2026-09-04-r2-v1
n30-round2-three-versions-v1-slot-26,,26,2,21,59,P5_DOC_A,9,D3_derived,D3_derived.html,4,right,left,2,text-enrichment-reader-round2-n30-v1:participant:26:documents:set:2:rotation:13,,,n30-round2-three-versions-v1,2026-09-04-r2-v1
n30-round2-three-versions-v1-slot-26,,26,2,22,60,P18_DOC_A,35,D4_derived,D4_derived.html,5,left,right,2,text-enrichment-reader-round2-n30-v1:participant:26:documents:set:2:rotation:13,,,n30-round2-three-versions-v1,2026-09-04-r2-v1
n30-round2-three-versions-v1-slot-26,,26,2,23,61,P4_DOC_A,7,W_writer_optimal,W_writer_optimal.html,3,right,left,2,text-enrichment-reader-round2-n30-v1:participant:26:documents:set:2:rotation:13,,,n30-round2-three-versions-v1,2026-09-04-r2-v1
n30-round2-three-versions-v1-slot-26,,26,2,24,62,P8_DOC_A,15,D1_derived,D1_derived.html,1,right,left,2,text-enrichment-reader-round2-n30-v1:participant:26:documents:set:2:rotation:13,,,n30-round2-three-versions-v1,2026-09-04-r2-v1
n30-round2-three-versions-v1-slot-26,,26,2,25,63,P15_DOC_B,30,D1_derived,D1_derived.html,1,left,right,2,text-enrichment-reader-round2-n30-v1:participant:26:documents:set:2:rotation:13,,,n30-round2-three-versions-v1,2026-09-04-r2-v1
n30-round2-three-versions-v1-slot-26,,26,2,26,64,P16_DOC_A,31,W_writer_optimal,W_writer_optimal.html,3,left,right,2,text-enrichment-reader-round2-n30-v1:participant:26:documents:set:2:rotation:13,,,n30-round2-three-versions-v1,2026-09-04-r2-v1
n30-round2-three-versions-v1-slot-26,,26,2,27,65,P12_DOC_A,23,D4_derived,D4_derived.html,5,left,right,2,text-enrichment-reader-round2-n30-v1:participant:26:documents:set:2:rotation:13,,,n30-round2-three-versions-v1,2026-09-04-r2-v1
n30-round2-three-versions-v1-slot-26,,26,2,28,66,P9_DOC_A,17,D2_derived,D2_derived.html,2,right,left,2,text-enrichment-reader-round2-n30-v1:participant:26:documents:set:2:rotation:13,,,n30-round2-three-versions-v1,2026-09-04-r2-v1
n30-round2-three-versions-v1-slot-26,,26,2,29,67,P16_DOC_B,32,D2_derived,D2_derived.html,2,left,right,2,text-enrichment-reader-round2-n30-v1:participant:26:documents:set:2:rotation:13,,,n30-round2-three-versions-v1,2026-09-04-r2-v1
n30-round2-three-versions-v1-slot-26,,26,2,30,68,P2_DOC_A,3,D1_derived,D1_derived.html,1,right,left,2,text-enrichment-reader-round2-n30-v1:participant:26:documents:set:2:rotation:13,,,n30-round2-three-versions-v1,2026-09-04-r2-v1
n30-round2-three-versions-v1-slot-26,,26,2,31,69,P9_DOC_B,18,D1_derived,D1_derived.html,1,right,left,2,text-enrichment-reader-round2-n30-v1:participant:26:documents:set:2:rotation:13,,,n30-round2-three-versions-v1,2026-09-04-r2-v1
n30-round2-three-versions-v1-slot-26,,26,2,32,70,P1_DOC_B,2,D4_derived,D4_derived.html,5,right,left,2,text-enrichment-reader-round2-n30-v1:participant:26:documents:set:2:rotation:13,,,n30-round2-three-versions-v1,2026-09-04-r2-v1
n30-round2-three-versions-v1-slot-26,,26,2,33,71,P15_DOC_A,29,D2_derived,D2_derived.html,2,left,right,2,text-enrichment-reader-round2-n30-v1:participant:26:documents:set:2:rotation:13,,,n30-round2-three-versions-v1,2026-09-04-r2-v1
n30-round2-three-versions-v1-slot-26,,26,2,34,72,P7_DOC_B,14,D4_derived,D4_derived.html,5,right,left,2,text-enrichment-reader-round2-n30-v1:participant:26:documents:set:2:rotation:13,,,n30-round2-three-versions-v1,2026-09-04-r2-v1
n30-round2-three-versions-v1-slot-26,,26,2,35,73,P13_DOC_B,26,D4_derived,D4_derived.html,5,left,right,2,text-enrichment-reader-round2-n30-v1:participant:26:documents:set:2:rotation:13,,,n30-round2-three-versions-v1,2026-09-04-r2-v1
n30-round2-three-versions-v1-slot-26,,26,2,36,74,P8_DOC_B,16,D5_maximal,D5_maximal.html,6,right,left,2,text-enrichment-reader-round2-n30-v1:participant:26:documents:set:2:rotation:13,,,n30-round2-three-versions-v1,2026-09-04-r2-v1
n30-round2-three-versions-v1-slot-26,,26,2,37,75,P11_DOC_A,21,D3_derived,D3_derived.html,4,left,right,2,text-enrichment-reader-round2-n30-v1:participant:26:documents:set:2:rotation:13,,,n30-round2-three-versions-v1,2026-09-04-r2-v1
n30-round2-three-versions-v1-slot-26,,26,2,38,76,P6_DOC_A,11,D4_derived,D4_derived.html,5,right,left,2,text-enrichment-reader-round2-n30-v1:participant:26:documents:set:2:rotation:13,,,n30-round2-three-versions-v1,2026-09-04-r2-v1
n30-round2-three-versions-v1-slot-26,,26,3,1,77,P19_DOC_A,37,D2_derived,D2_derived.html,2,right,left,3,text-enrichment-reader-round2-n30-v1:participant:26:documents:set:3:rotation:26,,,n30-round2-three-versions-v1,2026-09-04-r2-v1
n30-round2-three-versions-v1-slot-26,,26,3,2,78,P17_DOC_B,34,D4_derived,D4_derived.html,5,right,left,3,text-enrichment-reader-round2-n30-v1:participant:26:documents:set:3:rotation:26,,,n30-round2-three-versions-v1,2026-09-04-r2-v1
n30-round2-three-versions-v1-slot-26,,26,3,3,79,P3_DOC_B,6,W_writer_optimal,W_writer_optimal.html,3,left,right,3,text-enrichment-reader-round2-n30-v1:participant:26:documents:set:3:rotation:26,,,n30-round2-three-versions-v1,2026-09-04-r2-v1
n30-round2-three-versions-v1-slot-26,,26,3,4,80,P1_DOC_A,1,D2_derived,D2_derived.html,2,right,left,3,text-enrichment-reader-round2-n30-v1:participant:26:documents:set:3:rotation:26,,,n30-round2-three-versions-v1,2026-09-04-r2-v1
n30-round2-three-versions-v1-slot-26,,26,3,5,81,P17_DOC_A,33,D5_maximal,D5_maximal.html,6,right,left,3,text-enrichment-reader-round2-n30-v1:participant:26:documents:set:3:rotation:26,,,n30-round2-three-versions-v1,2026-09-04-r2-v1
n30-round2-three-versions-v1-slot-26,,26,3,6,82,P11_DOC_B,22,D4_derived,D4_derived.html,5,left,right,3,text-enrichment-reader-round2-n30-v1:participant:26:documents:set:3:rotation:26,,,n30-round2-three-versions-v1,2026-09-04-r2-v1
n30-round2-three-versions-v1-slot-26,,26,3,7,83,P7_DOC_A,13,D2_derived,D2_derived.html,2,right,left,3,text-enrichment-reader-round2-n30-v1:participant:26:documents:set:3:rotation:26,,,n30-round2-three-versions-v1,2026-09-04-r2-v1
n30-round2-three-versions-v1-slot-26,,26,3,8,84,P5_DOC_A,9,D5_maximal,D5_maximal.html,6,right,left,3,text-enrichment-reader-round2-n30-v1:participant:26:documents:set:3:rotation:26,,,n30-round2-three-versions-v1,2026-09-04-r2-v1
n30-round2-three-versions-v1-slot-26,,26,3,9,85,P18_DOC_A,35,D1_derived,D1_derived.html,1,right,left,3,text-enrichment-reader-round2-n30-v1:participant:26:documents:set:3:rotation:26,,,n30-round2-three-versions-v1,2026-09-04-r2-v1
n30-round2-three-versions-v1-slot-26,,26,3,10,86,P4_DOC_A,7,D4_derived,D4_derived.html,5,right,left,3,text-enrichment-reader-round2-n30-v1:participant:26:documents:set:3:rotation:26,,,n30-round2-three-versions-v1,2026-09-04-r2-v1
n30-round2-three-versions-v1-slot-26,,26,3,11,87,P8_DOC_A,15,W_writer_optimal,W_writer_optimal.html,3,right,left,3,text-enrichment-reader-round2-n30-v1:participant:26:documents:set:3:rotation:26,,,n30-round2-three-versions-v1,2026-09-04-r2-v1
n30-round2-three-versions-v1-slot-26,,26,3,12,88,P15_DOC_B,30,W_writer_optimal,W_writer_optimal.html,3,right,left,3,text-enrichment-reader-round2-n30-v1:participant:26:documents:set:3:rotation:26,,,n30-round2-three-versions-v1,2026-09-04-r2-v1
n30-round2-three-versions-v1-slot-26,,26,3,13,89,P16_DOC_A,31,D4_derived,D4_derived.html,5,right,left,3,text-enrichment-reader-round2-n30-v1:participant:26:documents:set:3:rotation:26,,,n30-round2-three-versions-v1,2026-09-04-r2-v1
n30-round2-three-versions-v1-slot-26,,26,3,14,90,P12_DOC_A,23,D1_derived,D1_derived.html,1,left,right,3,text-enrichment-reader-round2-n30-v1:participant:26:documents:set:3:rotation:26,,,n30-round2-three-versions-v1,2026-09-04-r2-v1
n30-round2-three-versions-v1-slot-26,,26,3,15,91,P9_DOC_A,17,D3_derived,D3_derived.html,4,right,left,3,text-enrichment-reader-round2-n30-v1:participant:26:documents:set:3:rotation:26,,,n30-round2-three-versions-v1,2026-09-04-r2-v1
n30-round2-three-versions-v1-slot-26,,26,3,16,92,P16_DOC_B,32,D3_derived,D3_derived.html,4,right,left,3,text-enrichment-reader-round2-n30-v1:participant:26:documents:set:3:rotation:26,,,n30-round2-three-versions-v1,2026-09-04-r2-v1
n30-round2-three-versions-v1-slot-26,,26,3,17,93,P2_DOC_A,3,W_writer_optimal,W_writer_optimal.html,3,right,left,3,text-enrichment-reader-round2-n30-v1:participant:26:documents:set:3:rotation:26,,,n30-round2-three-versions-v1,2026-09-04-r2-v1
n30-round2-three-versions-v1-slot-26,,26,3,18,94,P9_DOC_B,18,W_writer_optimal,W_writer_optimal.html,3,left,right,3,text-enrichment-reader-round2-n30-v1:participant:26:documents:set:3:rotation:26,,,n30-round2-three-versions-v1,2026-09-04-r2-v1
n30-round2-three-versions-v1-slot-26,,26,3,19,95,P1_DOC_B,2,D1_derived,D1_derived.html,1,left,right,3,text-enrichment-reader-round2-n30-v1:participant:26:documents:set:3:rotation:26,,,n30-round2-three-versions-v1,2026-09-04-r2-v1
n30-round2-three-versions-v1-slot-26,,26,3,20,96,P15_DOC_A,29,D3_derived,D3_derived.html,4,left,right,3,text-enrichment-reader-round2-n30-v1:participant:26:documents:set:3:rotation:26,,,n30-round2-three-versions-v1,2026-09-04-r2-v1
n30-round2-three-versions-v1-slot-26,,26,3,21,97,P7_DOC_B,14,D1_derived,D1_derived.html,1,left,right,3,text-enrichment-reader-round2-n30-v1:participant:26:documents:set:3:rotation:26,,,n30-round2-three-versions-v1,2026-09-04-r2-v1
n30-round2-three-versions-v1-slot-26,,26,3,22,98,P13_DOC_B,26,D1_derived,D1_derived.html,1,left,right,3,text-enrichment-reader-round2-n30-v1:participant:26:documents:set:3:rotation:26,,,n30-round2-three-versions-v1,2026-09-04-r2-v1
n30-round2-three-versions-v1-slot-26,,26,3,23,99,P8_DOC_B,16,D2_derived,D2_derived.html,2,left,right,3,text-enrichment-reader-round2-n30-v1:participant:26:documents:set:3:rotation:26,,,n30-round2-three-versions-v1,2026-09-04-r2-v1
n30-round2-three-versions-v1-slot-26,,26,3,24,100,P11_DOC_A,21,D5_maximal,D5_maximal.html,6,left,right,3,text-enrichment-reader-round2-n30-v1:participant:26:documents:set:3:rotation:26,,,n30-round2-three-versions-v1,2026-09-04-r2-v1
n30-round2-three-versions-v1-slot-26,,26,3,25,101,P6_DOC_A,11,D1_derived,D1_derived.html,1,right,left,3,text-enrichment-reader-round2-n30-v1:participant:26:documents:set:3:rotation:26,,,n30-round2-three-versions-v1,2026-09-04-r2-v1
n30-round2-three-versions-v1-slot-26,,26,3,26,102,P4_DOC_B,8,D3_derived,D3_derived.html,4,left,right,3,text-enrichment-reader-round2-n30-v1:participant:26:documents:set:3:rotation:26,,,n30-round2-three-versions-v1,2026-09-04-r2-v1
n30-round2-three-versions-v1-slot-26,,26,3,27,103,P10_DOC_B,20,D3_derived,D3_derived.html,4,left,right,3,text-enrichment-reader-round2-n30-v1:participant:26:documents:set:3:rotation:26,,,n30-round2-three-versions-v1,2026-09-04-r2-v1
n30-round2-three-versions-v1-slot-26,,26,3,28,104,P5_DOC_B,10,D4_derived,D4_derived.html,5,left,right,3,text-enrichment-reader-round2-n30-v1:participant:26:documents:set:3:rotation:26,,,n30-round2-three-versions-v1,2026-09-04-r2-v1
n30-round2-three-versions-v1-slot-26,,26,3,29,105,P10_DOC_A,19,D4_derived,D4_derived.html,5,right,left,3,text-enrichment-reader-round2-n30-v1:participant:26:documents:set:3:rotation:26,,,n30-round2-three-versions-v1,2026-09-04-r2-v1
n30-round2-three-versions-v1-slot-26,,26,3,30,106,P19_DOC_B,38,D1_derived,D1_derived.html,1,right,left,3,text-enrichment-reader-round2-n30-v1:participant:26:documents:set:3:rotation:26,,,n30-round2-three-versions-v1,2026-09-04-r2-v1
n30-round2-three-versions-v1-slot-26,,26,3,31,107,P13_DOC_A,25,D2_derived,D2_derived.html,2,left,right,3,text-enrichment-reader-round2-n30-v1:participant:26:documents:set:3:rotation:26,,,n30-round2-three-versions-v1,2026-09-04-r2-v1
n30-round2-three-versions-v1-slot-26,,26,3,32,108,P14_DOC_A,27,W_writer_optimal,W_writer_optimal.html,3,left,right,3,text-enrichment-reader-round2-n30-v1:participant:26:documents:set:3:rotation:26,,,n30-round2-three-versions-v1,2026-09-04-r2-v1
n30-round2-three-versions-v1-slot-26,,26,3,33,109,P18_DOC_B,36,D5_maximal,D5_maximal.html,6,right,left,3,text-enrichment-reader-round2-n30-v1:participant:26:documents:set:3:rotation:26,,,n30-round2-three-versions-v1,2026-09-04-r2-v1
n30-round2-three-versions-v1-slot-26,,26,3,34,110,P12_DOC_B,24,D5_maximal,D5_maximal.html,6,left,right,3,text-enrichment-reader-round2-n30-v1:participant:26:documents:set:3:rotation:26,,,n30-round2-three-versions-v1,2026-09-04-r2-v1
n30-round2-three-versions-v1-slot-26,,26,3,35,111,P14_DOC_B,28,D2_derived,D2_derived.html,2,left,right,3,text-enrichment-reader-round2-n30-v1:participant:26:documents:set:3:rotation:26,,,n30-round2-three-versions-v1,2026-09-04-r2-v1
n30-round2-three-versions-v1-slot-26,,26,3,36,112,P6_DOC_B,12,D5_maximal,D5_maximal.html,6,left,right,3,text-enrichment-reader-round2-n30-v1:participant:26:documents:set:3:rotation:26,,,n30-round2-three-versions-v1,2026-09-04-r2-v1
n30-round2-three-versions-v1-slot-26,,26,3,37,113,P2_DOC_B,4,D2_derived,D2_derived.html,2,left,right,3,text-enrichment-reader-round2-n30-v1:participant:26:documents:set:3:rotation:26,,,n30-round2-three-versions-v1,2026-09-04-r2-v1
n30-round2-three-versions-v1-slot-26,,26,3,38,114,P3_DOC_A,5,D3_derived,D3_derived.html,4,right,left,3,text-enrichment-reader-round2-n30-v1:participant:26:documents:set:3:rotation:26,,,n30-round2-three-versions-v1,2026-09-04-r2-v1
n30-round2-three-versions-v1-slot-27,,27,1,1,1,P16_DOC_B,32,D5_maximal,D5_maximal.html,6,left,right,1,text-enrichment-reader-round2-n30-v1:participant:27:documents:set:1:rotation:0,,,n30-round2-three-versions-v1,2026-09-04-r2-v1
n30-round2-three-versions-v1-slot-27,,27,1,2,2,P4_DOC_A,7,D1_derived,D1_derived.html,1,right,left,1,text-enrichment-reader-round2-n30-v1:participant:27:documents:set:1:rotation:0,,,n30-round2-three-versions-v1,2026-09-04-r2-v1
n30-round2-three-versions-v1-slot-27,,27,1,3,3,P1_DOC_A,1,D3_derived,D3_derived.html,4,right,left,1,text-enrichment-reader-round2-n30-v1:participant:27:documents:set:1:rotation:0,,,n30-round2-three-versions-v1,2026-09-04-r2-v1
n30-round2-three-versions-v1-slot-27,,27,1,4,4,P3_DOC_B,6,D4_derived,D4_derived.html,5,right,left,1,text-enrichment-reader-round2-n30-v1:participant:27:documents:set:1:rotation:0,,,n30-round2-three-versions-v1,2026-09-04-r2-v1
n30-round2-three-versions-v1-slot-27,,27,1,5,5,P8_DOC_A,15,D4_derived,D4_derived.html,5,right,left,1,text-enrichment-reader-round2-n30-v1:participant:27:documents:set:1:rotation:0,,,n30-round2-three-versions-v1,2026-09-04-r2-v1
n30-round2-three-versions-v1-slot-27,,27,1,6,6,P10_DOC_B,20,D5_maximal,D5_maximal.html,6,left,right,1,text-enrichment-reader-round2-n30-v1:participant:27:documents:set:1:rotation:0,,,n30-round2-three-versions-v1,2026-09-04-r2-v1
n30-round2-three-versions-v1-slot-27,,27,1,7,7,P15_DOC_A,29,D5_maximal,D5_maximal.html,6,left,right,1,text-enrichment-reader-round2-n30-v1:participant:27:documents:set:1:rotation:0,,,n30-round2-three-versions-v1,2026-09-04-r2-v1
n30-round2-three-versions-v1-slot-27,,27,1,8,8,P5_DOC_B,10,D1_derived,D1_derived.html,1,right,left,1,text-enrichment-reader-round2-n30-v1:participant:27:documents:set:1:rotation:0,,,n30-round2-three-versions-v1,2026-09-04-r2-v1
n30-round2-three-versions-v1-slot-27,,27,1,9,9,P12_DOC_B,24,D2_derived,D2_derived.html,2,left,right,1,text-enrichment-reader-round2-n30-v1:participant:27:documents:set:1:rotation:0,,,n30-round2-three-versions-v1,2026-09-04-r2-v1
n30-round2-three-versions-v1-slot-27,,27,1,10,10,P5_DOC_A,9,D2_derived,D2_derived.html,2,right,left,1,text-enrichment-reader-round2-n30-v1:participant:27:documents:set:1:rotation:0,,,n30-round2-three-versions-v1,2026-09-04-r2-v1
n30-round2-three-versions-v1-slot-27,,27,1,11,11,P11_DOC_A,21,D2_derived,D2_derived.html,2,left,right,1,text-enrichment-reader-round2-n30-v1:participant:27:documents:set:1:rotation:0,,,n30-round2-three-versions-v1,2026-09-04-r2-v1
n30-round2-three-versions-v1-slot-27,,27,1,12,12,P2_DOC_A,3,D4_derived,D4_derived.html,5,right,left,1,text-enrichment-reader-round2-n30-v1:participant:27:documents:set:1:rotation:0,,,n30-round2-three-versions-v1,2026-09-04-r2-v1
n30-round2-three-versions-v1-slot-27,,27,1,13,13,P14_DOC_B,28,D3_derived,D3_derived.html,4,left,right,1,text-enrichment-reader-round2-n30-v1:participant:27:documents:set:1:rotation:0,,,n30-round2-three-versions-v1,2026-09-04-r2-v1
n30-round2-three-versions-v1-slot-27,,27,1,14,14,P18_DOC_A,35,W_writer_optimal,W_writer_optimal.html,3,left,right,1,text-enrichment-reader-round2-n30-v1:participant:27:documents:set:1:rotation:0,,,n30-round2-three-versions-v1,2026-09-04-r2-v1
n30-round2-three-versions-v1-slot-27,,27,1,15,15,P14_DOC_A,27,D4_derived,D4_derived.html,5,left,right,1,text-enrichment-reader-round2-n30-v1:participant:27:documents:set:1:rotation:0,,,n30-round2-three-versions-v1,2026-09-04-r2-v1
n30-round2-three-versions-v1-slot-27,,27,1,16,16,P19_DOC_A,37,D3_derived,D3_derived.html,4,left,right,1,text-enrichment-reader-round2-n30-v1:participant:27:documents:set:1:rotation:0,,,n30-round2-three-versions-v1,2026-09-04-r2-v1
n30-round2-three-versions-v1-slot-27,,27,1,17,17,P3_DOC_A,5,D5_maximal,D5_maximal.html,6,right,left,1,text-enrichment-reader-round2-n30-v1:participant:27:documents:set:1:rotation:0,,,n30-round2-three-versions-v1,2026-09-04-r2-v1
n30-round2-three-versions-v1-slot-27,,27,1,18,18,P11_DOC_B,22,D1_derived,D1_derived.html,1,left,right,1,text-enrichment-reader-round2-n30-v1:participant:27:documents:set:1:rotation:0,,,n30-round2-three-versions-v1,2026-09-04-r2-v1
n30-round2-three-versions-v1-slot-27,,27,1,19,19,P9_DOC_A,17,D5_maximal,D5_maximal.html,6,right,left,1,text-enrichment-reader-round2-n30-v1:participant:27:documents:set:1:rotation:0,,,n30-round2-three-versions-v1,2026-09-04-r2-v1
n30-round2-three-versions-v1-slot-27,,27,1,20,20,P19_DOC_B,38,W_writer_optimal,W_writer_optimal.html,3,left,right,1,text-enrichment-reader-round2-n30-v1:participant:27:documents:set:1:rotation:0,,,n30-round2-three-versions-v1,2026-09-04-r2-v1
n30-round2-three-versions-v1-slot-27,,27,1,21,21,P6_DOC_B,12,D2_derived,D2_derived.html,2,right,left,1,text-enrichment-reader-round2-n30-v1:participant:27:documents:set:1:rotation:0,,,n30-round2-three-versions-v1,2026-09-04-r2-v1
n30-round2-three-versions-v1-slot-27,,27,1,22,22,P12_DOC_A,23,W_writer_optimal,W_writer_optimal.html,3,left,right,1,text-enrichment-reader-round2-n30-v1:participant:27:documents:set:1:rotation:0,,,n30-round2-three-versions-v1,2026-09-04-r2-v1
n30-round2-three-versions-v1-slot-27,,27,1,23,23,P7_DOC_B,14,W_writer_optimal,W_writer_optimal.html,3,right,left,1,text-enrichment-reader-round2-n30-v1:participant:27:documents:set:1:rotation:0,,,n30-round2-three-versions-v1,2026-09-04-r2-v1
n30-round2-three-versions-v1-slot-27,,27,1,24,24,P17_DOC_B,34,D1_derived,D1_derived.html,1,left,right,1,text-enrichment-reader-round2-n30-v1:participant:27:documents:set:1:rotation:0,,,n30-round2-three-versions-v1,2026-09-04-r2-v1
n30-round2-three-versions-v1-slot-27,,27,1,25,25,P17_DOC_A,33,D2_derived,D2_derived.html,2,left,right,1,text-enrichment-reader-round2-n30-v1:participant:27:documents:set:1:rotation:0,,,n30-round2-three-versions-v1,2026-09-04-r2-v1
n30-round2-three-versions-v1-slot-27,,27,1,26,26,P10_DOC_A,19,D1_derived,D1_derived.html,1,right,left,1,text-enrichment-reader-round2-n30-v1:participant:27:documents:set:1:rotation:0,,,n30-round2-three-versions-v1,2026-09-04-r2-v1
n30-round2-three-versions-v1-slot-27,,27,1,27,27,P1_DOC_B,2,W_writer_optimal,W_writer_optimal.html,3,right,left,1,text-enrichment-reader-round2-n30-v1:participant:27:documents:set:1:rotation:0,,,n30-round2-three-versions-v1,2026-09-04-r2-v1
n30-round2-three-versions-v1-slot-27,,27,1,28,28,P8_DOC_B,16,D3_derived,D3_derived.html,4,right,left,1,text-enrichment-reader-round2-n30-v1:participant:27:documents:set:1:rotation:0,,,n30-round2-three-versions-v1,2026-09-04-r2-v1
n30-round2-three-versions-v1-slot-27,,27,1,29,29,P13_DOC_A,25,D3_derived,D3_derived.html,4,left,right,1,text-enrichment-reader-round2-n30-v1:participant:27:documents:set:1:rotation:0,,,n30-round2-three-versions-v1,2026-09-04-r2-v1
n30-round2-three-versions-v1-slot-27,,27,1,30,30,P13_DOC_B,26,W_writer_optimal,W_writer_optimal.html,3,left,right,1,text-enrichment-reader-round2-n30-v1:participant:27:documents:set:1:rotation:0,,,n30-round2-three-versions-v1,2026-09-04-r2-v1
n30-round2-three-versions-v1-slot-27,,27,1,31,31,P9_DOC_B,18,D4_derived,D4_derived.html,5,right,left,1,text-enrichment-reader-round2-n30-v1:participant:27:documents:set:1:rotation:0,,,n30-round2-three-versions-v1,2026-09-04-r2-v1
n30-round2-three-versions-v1-slot-27,,27,1,32,32,P15_DOC_B,30,D4_derived,D4_derived.html,5,left,right,1,text-enrichment-reader-round2-n30-v1:participant:27:documents:set:1:rotation:0,,,n30-round2-three-versions-v1,2026-09-04-r2-v1
n30-round2-three-versions-v1-slot-27,,27,1,33,33,P2_DOC_B,4,D3_derived,D3_derived.html,4,right,left,1,text-enrichment-reader-round2-n30-v1:participant:27:documents:set:1:rotation:0,,,n30-round2-three-versions-v1,2026-09-04-r2-v1
n30-round2-three-versions-v1-slot-27,,27,1,34,34,P16_DOC_A,31,D1_derived,D1_derived.html,1,left,right,1,text-enrichment-reader-round2-n30-v1:participant:27:documents:set:1:rotation:0,,,n30-round2-three-versions-v1,2026-09-04-r2-v1
n30-round2-three-versions-v1-slot-27,,27,1,35,35,P7_DOC_A,13,D3_derived,D3_derived.html,4,right,left,1,text-enrichment-reader-round2-n30-v1:participant:27:documents:set:1:rotation:0,,,n30-round2-three-versions-v1,2026-09-04-r2-v1
n30-round2-three-versions-v1-slot-27,,27,1,36,36,P18_DOC_B,36,D2_derived,D2_derived.html,2,left,right,1,text-enrichment-reader-round2-n30-v1:participant:27:documents:set:1:rotation:0,,,n30-round2-three-versions-v1,2026-09-04-r2-v1
n30-round2-three-versions-v1-slot-27,,27,1,37,37,P4_DOC_B,8,D5_maximal,D5_maximal.html,6,right,left,1,text-enrichment-reader-round2-n30-v1:participant:27:documents:set:1:rotation:0,,,n30-round2-three-versions-v1,2026-09-04-r2-v1
n30-round2-three-versions-v1-slot-27,,27,1,38,38,P6_DOC_A,11,W_writer_optimal,W_writer_optimal.html,3,right,left,1,text-enrichment-reader-round2-n30-v1:participant:27:documents:set:1:rotation:0,,,n30-round2-three-versions-v1,2026-09-04-r2-v1
n30-round2-three-versions-v1-slot-27,,27,2,1,39,P18_DOC_A,35,D3_derived,D3_derived.html,4,right,left,2,text-enrichment-reader-round2-n30-v1:participant:27:documents:set:2:rotation:13,,,n30-round2-three-versions-v1,2026-09-04-r2-v1
n30-round2-three-versions-v1-slot-27,,27,2,2,40,P14_DOC_A,27,D5_maximal,D5_maximal.html,6,left,right,2,text-enrichment-reader-round2-n30-v1:participant:27:documents:set:2:rotation:13,,,n30-round2-three-versions-v1,2026-09-04-r2-v1
n30-round2-three-versions-v1-slot-27,,27,2,3,41,P19_DOC_A,37,D4_derived,D4_derived.html,5,right,left,2,text-enrichment-reader-round2-n30-v1:participant:27:documents:set:2:rotation:13,,,n30-round2-three-versions-v1,2026-09-04-r2-v1
n30-round2-three-versions-v1-slot-27,,27,2,4,42,P3_DOC_A,5,D1_derived,D1_derived.html,1,left,right,2,text-enrichment-reader-round2-n30-v1:participant:27:documents:set:2:rotation:13,,,n30-round2-three-versions-v1,2026-09-04-r2-v1
n30-round2-three-versions-v1-slot-27,,27,2,5,43,P11_DOC_B,22,D3_derived,D3_derived.html,4,left,right,2,text-enrichment-reader-round2-n30-v1:participant:27:documents:set:2:rotation:13,,,n30-round2-three-versions-v1,2026-09-04-r2-v1
n30-round2-three-versions-v1-slot-27,,27,2,6,44,P9_DOC_A,17,D1_derived,D1_derived.html,1,left,right,2,text-enrichment-reader-round2-n30-v1:participant:27:documents:set:2:rotation:13,,,n30-round2-three-versions-v1,2026-09-04-r2-v1
n30-round2-three-versions-v1-slot-27,,27,2,7,45,P19_DOC_B,38,D5_maximal,D5_maximal.html,6,right,left,2,text-enrichment-reader-round2-n30-v1:participant:27:documents:set:2:rotation:13,,,n30-round2-three-versions-v1,2026-09-04-r2-v1
n30-round2-three-versions-v1-slot-27,,27,2,8,46,P6_DOC_B,12,D4_derived,D4_derived.html,5,right,left,2,text-enrichment-reader-round2-n30-v1:participant:27:documents:set:2:rotation:13,,,n30-round2-three-versions-v1,2026-09-04-r2-v1
n30-round2-three-versions-v1-slot-27,,27,2,9,47,P12_DOC_A,23,D3_derived,D3_derived.html,4,left,right,2,text-enrichment-reader-round2-n30-v1:participant:27:documents:set:2:rotation:13,,,n30-round2-three-versions-v1,2026-09-04-r2-v1
n30-round2-three-versions-v1-slot-27,,27,2,10,48,P7_DOC_B,14,D5_maximal,D5_maximal.html,6,right,left,2,text-enrichment-reader-round2-n30-v1:participant:27:documents:set:2:rotation:13,,,n30-round2-three-versions-v1,2026-09-04-r2-v1
n30-round2-three-versions-v1-slot-27,,27,2,11,49,P17_DOC_B,34,D3_derived,D3_derived.html,4,right,left,2,text-enrichment-reader-round2-n30-v1:participant:27:documents:set:2:rotation:13,,,n30-round2-three-versions-v1,2026-09-04-r2-v1
n30-round2-three-versions-v1-slot-27,,27,2,12,50,P17_DOC_A,33,W_writer_optimal,W_writer_optimal.html,3,left,right,2,text-enrichment-reader-round2-n30-v1:participant:27:documents:set:2:rotation:13,,,n30-round2-three-versions-v1,2026-09-04-r2-v1
n30-round2-three-versions-v1-slot-27,,27,2,13,51,P10_DOC_A,19,D2_derived,D2_derived.html,2,right,left,2,text-enrichment-reader-round2-n30-v1:participant:27:documents:set:2:rotation:13,,,n30-round2-three-versions-v1,2026-09-04-r2-v1
n30-round2-three-versions-v1-slot-27,,27,2,14,52,P1_DOC_B,2,D5_maximal,D5_maximal.html,6,right,left,2,text-enrichment-reader-round2-n30-v1:participant:27:documents:set:2:rotation:13,,,n30-round2-three-versions-v1,2026-09-04-r2-v1
n30-round2-three-versions-v1-slot-27,,27,2,15,53,P8_DOC_B,16,D1_derived,D1_derived.html,1,right,left,2,text-enrichment-reader-round2-n30-v1:participant:27:documents:set:2:rotation:13,,,n30-round2-three-versions-v1,2026-09-04-r2-v1
n30-round2-three-versions-v1-slot-27,,27,2,16,54,P13_DOC_A,25,D4_derived,D4_derived.html,5,left,right,2,text-enrichment-reader-round2-n30-v1:participant:27:documents:set:2:rotation:13,,,n30-round2-three-versions-v1,2026-09-04-r2-v1
n30-round2-three-versions-v1-slot-27,,27,2,17,55,P13_DOC_B,26,D5_maximal,D5_maximal.html,6,left,right,2,text-enrichment-reader-round2-n30-v1:participant:27:documents:set:2:rotation:13,,,n30-round2-three-versions-v1,2026-09-04-r2-v1
n30-round2-three-versions-v1-slot-27,,27,2,18,56,P9_DOC_B,18,D2_derived,D2_derived.html,2,right,left,2,text-enrichment-reader-round2-n30-v1:participant:27:documents:set:2:rotation:13,,,n30-round2-three-versions-v1,2026-09-04-r2-v1
n30-round2-three-versions-v1-slot-27,,27,2,19,57,P15_DOC_B,30,D2_derived,D2_derived.html,2,left,right,2,text-enrichment-reader-round2-n30-v1:participant:27:documents:set:2:rotation:13,,,n30-round2-three-versions-v1,2026-09-04-r2-v1
n30-round2-three-versions-v1-slot-27,,27,2,20,58,P2_DOC_B,4,D1_derived,D1_derived.html,1,right,left,2,text-enrichment-reader-round2-n30-v1:participant:27:documents:set:2:rotation:13,,,n30-round2-three-versions-v1,2026-09-04-r2-v1
n30-round2-three-versions-v1-slot-27,,27,2,21,59,P16_DOC_A,31,D2_derived,D2_derived.html,2,left,right,2,text-enrichment-reader-round2-n30-v1:participant:27:documents:set:2:rotation:13,,,n30-round2-three-versions-v1,2026-09-04-r2-v1
n30-round2-three-versions-v1-slot-27,,27,2,22,60,P7_DOC_A,13,D4_derived,D4_derived.html,5,left,right,2,text-enrichment-reader-round2-n30-v1:participant:27:documents:set:2:rotation:13,,,n30-round2-three-versions-v1,2026-09-04-r2-v1
n30-round2-three-versions-v1-slot-27,,27,2,23,61,P18_DOC_B,36,D4_derived,D4_derived.html,5,right,left,2,text-enrichment-reader-round2-n30-v1:participant:27:documents:set:2:rotation:13,,,n30-round2-three-versions-v1,2026-09-04-r2-v1
n30-round2-three-versions-v1-slot-27,,27,2,24,62,P4_DOC_B,8,W_writer_optimal,W_writer_optimal.html,3,right,left,2,text-enrichment-reader-round2-n30-v1:participant:27:documents:set:2:rotation:13,,,n30-round2-three-versions-v1,2026-09-04-r2-v1
n30-round2-three-versions-v1-slot-27,,27,2,25,63,P6_DOC_A,11,D3_derived,D3_derived.html,4,right,left,2,text-enrichment-reader-round2-n30-v1:participant:27:documents:set:2:rotation:13,,,n30-round2-three-versions-v1,2026-09-04-r2-v1
n30-round2-three-versions-v1-slot-27,,27,2,26,64,P16_DOC_B,32,W_writer_optimal,W_writer_optimal.html,3,left,right,2,text-enrichment-reader-round2-n30-v1:participant:27:documents:set:2:rotation:13,,,n30-round2-three-versions-v1,2026-09-04-r2-v1
n30-round2-three-versions-v1-slot-27,,27,2,27,65,P4_DOC_A,7,D2_derived,D2_derived.html,2,right,left,2,text-enrichment-reader-round2-n30-v1:participant:27:documents:set:2:rotation:13,,,n30-round2-three-versions-v1,2026-09-04-r2-v1
n30-round2-three-versions-v1-slot-27,,27,2,28,66,P1_DOC_A,1,D4_derived,D4_derived.html,5,left,right,2,text-enrichment-reader-round2-n30-v1:participant:27:documents:set:2:rotation:13,,,n30-round2-three-versions-v1,2026-09-04-r2-v1
n30-round2-three-versions-v1-slot-27,,27,2,29,67,P3_DOC_B,6,D2_derived,D2_derived.html,2,right,left,2,text-enrichment-reader-round2-n30-v1:participant:27:documents:set:2:rotation:13,,,n30-round2-three-versions-v1,2026-09-04-r2-v1
n30-round2-three-versions-v1-slot-27,,27,2,30,68,P8_DOC_A,15,D5_maximal,D5_maximal.html,6,right,left,2,text-enrichment-reader-round2-n30-v1:participant:27:documents:set:2:rotation:13,,,n30-round2-three-versions-v1,2026-09-04-r2-v1
n30-round2-three-versions-v1-slot-27,,27,2,31,69,P10_DOC_B,20,W_writer_optimal,W_writer_optimal.html,3,left,right,2,text-enrichment-reader-round2-n30-v1:participant:27:documents:set:2:rotation:13,,,n30-round2-three-versions-v1,2026-09-04-r2-v1
n30-round2-three-versions-v1-slot-27,,27,2,32,70,P15_DOC_A,29,D1_derived,D1_derived.html,1,left,right,2,text-enrichment-reader-round2-n30-v1:participant:27:documents:set:2:rotation:13,,,n30-round2-three-versions-v1,2026-09-04-r2-v1
n30-round2-three-versions-v1-slot-27,,27,2,33,71,P5_DOC_B,10,D3_derived,D3_derived.html,4,right,left,2,text-enrichment-reader-round2-n30-v1:participant:27:documents:set:2:rotation:13,,,n30-round2-three-versions-v1,2026-09-04-r2-v1
n30-round2-three-versions-v1-slot-27,,27,2,34,72,P12_DOC_B,24,D4_derived,D4_derived.html,5,left,right,2,text-enrichment-reader-round2-n30-v1:participant:27:documents:set:2:rotation:13,,,n30-round2-three-versions-v1,2026-09-04-r2-v1
n30-round2-three-versions-v1-slot-27,,27,2,35,73,P5_DOC_A,9,W_writer_optimal,W_writer_optimal.html,3,left,right,2,text-enrichment-reader-round2-n30-v1:participant:27:documents:set:2:rotation:13,,,n30-round2-three-versions-v1,2026-09-04-r2-v1
n30-round2-three-versions-v1-slot-27,,27,2,36,74,P11_DOC_A,21,W_writer_optimal,W_writer_optimal.html,3,left,right,2,text-enrichment-reader-round2-n30-v1:participant:27:documents:set:2:rotation:13,,,n30-round2-three-versions-v1,2026-09-04-r2-v1
n30-round2-three-versions-v1-slot-27,,27,2,37,75,P2_DOC_A,3,D5_maximal,D5_maximal.html,6,right,left,2,text-enrichment-reader-round2-n30-v1:participant:27:documents:set:2:rotation:13,,,n30-round2-three-versions-v1,2026-09-04-r2-v1
n30-round2-three-versions-v1-slot-27,,27,2,38,76,P14_DOC_B,28,D1_derived,D1_derived.html,1,left,right,2,text-enrichment-reader-round2-n30-v1:participant:27:documents:set:2:rotation:13,,,n30-round2-three-versions-v1,2026-09-04-r2-v1
n30-round2-three-versions-v1-slot-27,,27,3,1,77,P1_DOC_B,2,D1_derived,D1_derived.html,1,right,left,3,text-enrichment-reader-round2-n30-v1:participant:27:documents:set:3:rotation:26,,,n30-round2-three-versions-v1,2026-09-04-r2-v1
n30-round2-three-versions-v1-slot-27,,27,3,2,78,P8_DOC_B,16,D2_derived,D2_derived.html,2,left,right,3,text-enrichment-reader-round2-n30-v1:participant:27:documents:set:3:rotation:26,,,n30-round2-three-versions-v1,2026-09-04-r2-v1
n30-round2-three-versions-v1-slot-27,,27,3,3,79,P13_DOC_A,25,D2_derived,D2_derived.html,2,left,right,3,text-enrichment-reader-round2-n30-v1:participant:27:documents:set:3:rotation:26,,,n30-round2-three-versions-v1,2026-09-04-r2-v1
n30-round2-three-versions-v1-slot-27,,27,3,4,80,P13_DOC_B,26,D1_derived,D1_derived.html,1,left,right,3,text-enrichment-reader-round2-n30-v1:participant:27:documents:set:3:rotation:26,,,n30-round2-three-versions-v1,2026-09-04-r2-v1
n30-round2-three-versions-v1-slot-27,,27,3,5,81,P9_DOC_B,18,W_writer_optimal,W_writer_optimal.html,3,right,left,3,text-enrichment-reader-round2-n30-v1:participant:27:documents:set:3:rotation:26,,,n30-round2-three-versions-v1,2026-09-04-r2-v1
n30-round2-three-versions-v1-slot-27,,27,3,6,82,P15_DOC_B,30,W_writer_optimal,W_writer_optimal.html,3,left,right,3,text-enrichment-reader-round2-n30-v1:participant:27:documents:set:3:rotation:26,,,n30-round2-three-versions-v1,2026-09-04-r2-v1
n30-round2-three-versions-v1-slot-27,,27,3,7,83,P2_DOC_B,4,D2_derived,D2_derived.html,2,left,right,3,text-enrichment-reader-round2-n30-v1:participant:27:documents:set:3:rotation:26,,,n30-round2-three-versions-v1,2026-09-04-r2-v1
n30-round2-three-versions-v1-slot-27,,27,3,8,84,P16_DOC_A,31,D4_derived,D4_derived.html,5,left,right,3,text-enrichment-reader-round2-n30-v1:participant:27:documents:set:3:rotation:26,,,n30-round2-three-versions-v1,2026-09-04-r2-v1
n30-round2-three-versions-v1-slot-27,,27,3,9,85,P7_DOC_A,13,D2_derived,D2_derived.html,2,right,left,3,text-enrichment-reader-round2-n30-v1:participant:27:documents:set:3:rotation:26,,,n30-round2-three-versions-v1,2026-09-04-r2-v1
n30-round2-three-versions-v1-slot-27,,27,3,10,86,P18_DOC_B,36,D5_maximal,D5_maximal.html,6,right,left,3,text-enrichment-reader-round2-n30-v1:participant:27:documents:set:3:rotation:26,,,n30-round2-three-versions-v1,2026-09-04-r2-v1
n30-round2-three-versions-v1-slot-27,,27,3,11,87,P4_DOC_B,8,D3_derived,D3_derived.html,4,left,right,3,text-enrichment-reader-round2-n30-v1:participant:27:documents:set:3:rotation:26,,,n30-round2-three-versions-v1,2026-09-04-r2-v1
n30-round2-three-versions-v1-slot-27,,27,3,12,88,P6_DOC_A,11,D1_derived,D1_derived.html,1,right,left,3,text-enrichment-reader-round2-n30-v1:participant:27:documents:set:3:rotation:26,,,n30-round2-three-versions-v1,2026-09-04-r2-v1
n30-round2-three-versions-v1-slot-27,,27,3,13,89,P16_DOC_B,32,D3_derived,D3_derived.html,4,left,right,3,text-enrichment-reader-round2-n30-v1:participant:27:documents:set:3:rotation:26,,,n30-round2-three-versions-v1,2026-09-04-r2-v1
n30-round2-three-versions-v1-slot-27,,27,3,14,90,P4_DOC_A,7,D4_derived,D4_derived.html,5,right,left,3,text-enrichment-reader-round2-n30-v1:participant:27:documents:set:3:rotation:26,,,n30-round2-three-versions-v1,2026-09-04-r2-v1
n30-round2-three-versions-v1-slot-27,,27,3,15,91,P1_DOC_A,1,D2_derived,D2_derived.html,2,right,left,3,text-enrichment-reader-round2-n30-v1:participant:27:documents:set:3:rotation:26,,,n30-round2-three-versions-v1,2026-09-04-r2-v1
n30-round2-three-versions-v1-slot-27,,27,3,16,92,P3_DOC_B,6,W_writer_optimal,W_writer_optimal.html,3,right,left,3,text-enrichment-reader-round2-n30-v1:participant:27:documents:set:3:rotation:26,,,n30-round2-three-versions-v1,2026-09-04-r2-v1
n30-round2-three-versions-v1-slot-27,,27,3,17,93,P8_DOC_A,15,W_writer_optimal,W_writer_optimal.html,3,right,left,3,text-enrichment-reader-round2-n30-v1:participant:27:documents:set:3:rotation:26,,,n30-round2-three-versions-v1,2026-09-04-r2-v1
n30-round2-three-versions-v1-slot-27,,27,3,18,94,P10_DOC_B,20,D3_derived,D3_derived.html,4,left,right,3,text-enrichment-reader-round2-n30-v1:participant:27:documents:set:3:rotation:26,,,n30-round2-three-versions-v1,2026-09-04-r2-v1
n30-round2-three-versions-v1-slot-27,,27,3,19,95,P15_DOC_A,29,D3_derived,D3_derived.html,4,left,right,3,text-enrichment-reader-round2-n30-v1:participant:27:documents:set:3:rotation:26,,,n30-round2-three-versions-v1,2026-09-04-r2-v1
n30-round2-three-versions-v1-slot-27,,27,3,20,96,P5_DOC_B,10,D4_derived,D4_derived.html,5,right,left,3,text-enrichment-reader-round2-n30-v1:participant:27:documents:set:3:rotation:26,,,n30-round2-three-versions-v1,2026-09-04-r2-v1
n30-round2-three-versions-v1-slot-27,,27,3,21,97,P12_DOC_B,24,D5_maximal,D5_maximal.html,6,left,right,3,text-enrichment-reader-round2-n30-v1:participant:27:documents:set:3:rotation:26,,,n30-round2-three-versions-v1,2026-09-04-r2-v1
n30-round2-three-versions-v1-slot-27,,27,3,22,98,P5_DOC_A,9,D5_maximal,D5_maximal.html,6,right,left,3,text-enrichment-reader-round2-n30-v1:participant:27:documents:set:3:rotation:26,,,n30-round2-three-versions-v1,2026-09-04-r2-v1
n30-round2-three-versions-v1-slot-27,,27,3,23,99,P11_DOC_A,21,D5_maximal,D5_maximal.html,6,left,right,3,text-enrichment-reader-round2-n30-v1:participant:27:documents:set:3:rotation:26,,,n30-round2-three-versions-v1,2026-09-04-r2-v1
n30-round2-three-versions-v1-slot-27,,27,3,24,100,P2_DOC_A,3,W_writer_optimal,W_writer_optimal.html,3,right,left,3,text-enrichment-reader-round2-n30-v1:participant:27:documents:set:3:rotation:26,,,n30-round2-three-versions-v1,2026-09-04-r2-v1
n30-round2-three-versions-v1-slot-27,,27,3,25,101,P14_DOC_B,28,D2_derived,D2_derived.html,2,left,right,3,text-enrichment-reader-round2-n30-v1:participant:27:documents:set:3:rotation:26,,,n30-round2-three-versions-v1,2026-09-04-r2-v1
n30-round2-three-versions-v1-slot-27,,27,3,26,102,P18_DOC_A,35,D1_derived,D1_derived.html,1,right,left,3,text-enrichment-reader-round2-n30-v1:participant:27:documents:set:3:rotation:26,,,n30-round2-three-versions-v1,2026-09-04-r2-v1
n30-round2-three-versions-v1-slot-27,,27,3,27,103,P14_DOC_A,27,W_writer_optimal,W_writer_optimal.html,3,left,right,3,text-enrichment-reader-round2-n30-v1:participant:27:documents:set:3:rotation:26,,,n30-round2-three-versions-v1,2026-09-04-r2-v1
n30-round2-three-versions-v1-slot-27,,27,3,28,104,P19_DOC_A,37,D2_derived,D2_derived.html,2,right,left,3,text-enrichment-reader-round2-n30-v1:participant:27:documents:set:3:rotation:26,,,n30-round2-three-versions-v1,2026-09-04-r2-v1
n30-round2-three-versions-v1-slot-27,,27,3,29,105,P3_DOC_A,5,D3_derived,D3_derived.html,4,right,left,3,text-enrichment-reader-round2-n30-v1:participant:27:documents:set:3:rotation:26,,,n30-round2-three-versions-v1,2026-09-04-r2-v1
n30-round2-three-versions-v1-slot-27,,27,3,30,106,P11_DOC_B,22,D4_derived,D4_derived.html,5,left,right,3,text-enrichment-reader-round2-n30-v1:participant:27:documents:set:3:rotation:26,,,n30-round2-three-versions-v1,2026-09-04-r2-v1
n30-round2-three-versions-v1-slot-27,,27,3,31,107,P9_DOC_A,17,D3_derived,D3_derived.html,4,right,left,3,text-enrichment-reader-round2-n30-v1:participant:27:documents:set:3:rotation:26,,,n30-round2-three-versions-v1,2026-09-04-r2-v1
n30-round2-three-versions-v1-slot-27,,27,3,32,108,P19_DOC_B,38,D1_derived,D1_derived.html,1,right,left,3,text-enrichment-reader-round2-n30-v1:participant:27:documents:set:3:rotation:26,,,n30-round2-three-versions-v1,2026-09-04-r2-v1
n30-round2-three-versions-v1-slot-27,,27,3,33,109,P6_DOC_B,12,D5_maximal,D5_maximal.html,6,left,right,3,text-enrichment-reader-round2-n30-v1:participant:27:documents:set:3:rotation:26,,,n30-round2-three-versions-v1,2026-09-04-r2-v1
n30-round2-three-versions-v1-slot-27,,27,3,34,110,P12_DOC_A,23,D1_derived,D1_derived.html,1,left,right,3,text-enrichment-reader-round2-n30-v1:participant:27:documents:set:3:rotation:26,,,n30-round2-three-versions-v1,2026-09-04-r2-v1
n30-round2-three-versions-v1-slot-27,,27,3,35,111,P7_DOC_B,14,D1_derived,D1_derived.html,1,right,left,3,text-enrichment-reader-round2-n30-v1:participant:27:documents:set:3:rotation:26,,,n30-round2-three-versions-v1,2026-09-04-r2-v1
n30-round2-three-versions-v1-slot-27,,27,3,36,112,P17_DOC_B,34,D4_derived,D4_derived.html,5,left,right,3,text-enrichment-reader-round2-n30-v1:participant:27:documents:set:3:rotation:26,,,n30-round2-three-versions-v1,2026-09-04-r2-v1
n30-round2-three-versions-v1-slot-27,,27,3,37,113,P17_DOC_A,33,D5_maximal,D5_maximal.html,6,left,right,3,text-enrichment-reader-round2-n30-v1:participant:27:documents:set:3:rotation:26,,,n30-round2-three-versions-v1,2026-09-04-r2-v1
n30-round2-three-versions-v1-slot-27,,27,3,38,114,P10_DOC_A,19,D4_derived,D4_derived.html,5,right,left,3,text-enrichment-reader-round2-n30-v1:participant:27:documents:set:3:rotation:26,,,n30-round2-three-versions-v1,2026-09-04-r2-v1
n30-round2-three-versions-v1-slot-28,,28,1,1,1,P19_DOC_B,38,W_writer_optimal,W_writer_optimal.html,3,left,right,1,text-enrichment-reader-round2-n30-v1:participant:28:documents:set:1:rotation:0,,,n30-round2-three-versions-v1,2026-09-04-r2-v1
n30-round2-three-versions-v1-slot-28,,28,1,2,2,P15_DOC_A,29,D1_derived,D1_derived.html,1,left,right,1,text-enrichment-reader-round2-n30-v1:participant:28:documents:set:1:rotation:0,,,n30-round2-three-versions-v1,2026-09-04-r2-v1
n30-round2-three-versions-v1-slot-28,,28,1,3,3,P14_DOC_B,28,D3_derived,D3_derived.html,4,left,right,1,text-enrichment-reader-round2-n30-v1:participant:28:documents:set:1:rotation:0,,,n30-round2-three-versions-v1,2026-09-04-r2-v1
n30-round2-three-versions-v1-slot-28,,28,1,4,4,P17_DOC_A,33,W_writer_optimal,W_writer_optimal.html,3,left,right,1,text-enrichment-reader-round2-n30-v1:participant:28:documents:set:1:rotation:0,,,n30-round2-three-versions-v1,2026-09-04-r2-v1
n30-round2-three-versions-v1-slot-28,,28,1,5,5,P18_DOC_B,36,D2_derived,D2_derived.html,2,left,right,1,text-enrichment-reader-round2-n30-v1:participant:28:documents:set:1:rotation:0,,,n30-round2-three-versions-v1,2026-09-04-r2-v1
n30-round2-three-versions-v1-slot-28,,28,1,6,6,P6_DOC_A,11,D3_derived,D3_derived.html,4,right,left,1,text-enrichment-reader-round2-n30-v1:participant:28:documents:set:1:rotation:0,,,n30-round2-three-versions-v1,2026-09-04-r2-v1
n30-round2-three-versions-v1-slot-28,,28,1,7,7,P10_DOC_A,19,D2_derived,D2_derived.html,2,right,left,1,text-enrichment-reader-round2-n30-v1:participant:28:documents:set:1:rotation:0,,,n30-round2-three-versions-v1,2026-09-04-r2-v1
n30-round2-three-versions-v1-slot-28,,28,1,8,8,P1_DOC_B,2,W_writer_optimal,W_writer_optimal.html,3,right,left,1,text-enrichment-reader-round2-n30-v1:participant:28:documents:set:1:rotation:0,,,n30-round2-three-versions-v1,2026-09-04-r2-v1
n30-round2-three-versions-v1-slot-28,,28,1,9,9,P7_DOC_B,14,W_writer_optimal,W_writer_optimal.html,3,right,left,1,text-enrichment-reader-round2-n30-v1:participant:28:documents:set:1:rotation:0,,,n30-round2-three-versions-v1,2026-09-04-r2-v1
n30-round2-three-versions-v1-slot-28,,28,1,10,10,P12_DOC_B,24,D2_derived,D2_derived.html,2,left,right,1,text-enrichment-reader-round2-n30-v1:participant:28:documents:set:1:rotation:0,,,n30-round2-three-versions-v1,2026-09-04-r2-v1
n30-round2-three-versions-v1-slot-28,,28,1,11,11,P3_DOC_A,5,D1_derived,D1_derived.html,1,right,left,1,text-enrichment-reader-round2-n30-v1:participant:28:documents:set:1:rotation:0,,,n30-round2-three-versions-v1,2026-09-04-r2-v1
n30-round2-three-versions-v1-slot-28,,28,1,12,12,P7_DOC_A,13,D4_derived,D4_derived.html,5,right,left,1,text-enrichment-reader-round2-n30-v1:participant:28:documents:set:1:rotation:0,,,n30-round2-three-versions-v1,2026-09-04-r2-v1
n30-round2-three-versions-v1-slot-28,,28,1,13,13,P18_DOC_A,35,D3_derived,D3_derived.html,4,left,right,1,text-enrichment-reader-round2-n30-v1:participant:28:documents:set:1:rotation:0,,,n30-round2-three-versions-v1,2026-09-04-r2-v1
n30-round2-three-versions-v1-slot-28,,28,1,14,14,P2_DOC_A,3,D5_maximal,D5_maximal.html,6,right,left,1,text-enrichment-reader-round2-n30-v1:participant:28:documents:set:1:rotation:0,,,n30-round2-three-versions-v1,2026-09-04-r2-v1
n30-round2-three-versions-v1-slot-28,,28,1,15,15,P5_DOC_B,10,D1_derived,D1_derived.html,1,right,left,1,text-enrichment-reader-round2-n30-v1:participant:28:documents:set:1:rotation:0,,,n30-round2-three-versions-v1,2026-09-04-r2-v1
n30-round2-three-versions-v1-slot-28,,28,1,16,16,P9_DOC_B,18,D4_derived,D4_derived.html,5,right,left,1,text-enrichment-reader-round2-n30-v1:participant:28:documents:set:1:rotation:0,,,n30-round2-three-versions-v1,2026-09-04-r2-v1
n30-round2-three-versions-v1-slot-28,,28,1,17,17,P5_DOC_A,9,W_writer_optimal,W_writer_optimal.html,3,right,left,1,text-enrichment-reader-round2-n30-v1:participant:28:documents:set:1:rotation:0,,,n30-round2-three-versions-v1,2026-09-04-r2-v1
n30-round2-three-versions-v1-slot-28,,28,1,18,18,P3_DOC_B,6,D4_derived,D4_derived.html,5,right,left,1,text-enrichment-reader-round2-n30-v1:participant:28:documents:set:1:rotation:0,,,n30-round2-three-versions-v1,2026-09-04-r2-v1
n30-round2-three-versions-v1-slot-28,,28,1,19,19,P6_DOC_B,12,D2_derived,D2_derived.html,2,right,left,1,text-enrichment-reader-round2-n30-v1:participant:28:documents:set:1:rotation:0,,,n30-round2-three-versions-v1,2026-09-04-r2-v1
n30-round2-three-versions-v1-slot-28,,28,1,20,20,P15_DOC_B,30,D4_derived,D4_derived.html,5,left,right,1,text-enrichment-reader-round2-n30-v1:participant:28:documents:set:1:rotation:0,,,n30-round2-three-versions-v1,2026-09-04-r2-v1
n30-round2-three-versions-v1-slot-28,,28,1,21,21,P14_DOC_A,27,D5_maximal,D5_maximal.html,6,left,right,1,text-enrichment-reader-round2-n30-v1:participant:28:documents:set:1:rotation:0,,,n30-round2-three-versions-v1,2026-09-04-r2-v1
n30-round2-three-versions-v1-slot-28,,28,1,22,22,P8_DOC_B,16,D3_derived,D3_derived.html,4,right,left,1,text-enrichment-reader-round2-n30-v1:participant:28:documents:set:1:rotation:0,,,n30-round2-three-versions-v1,2026-09-04-r2-v1
n30-round2-three-versions-v1-slot-28,,28,1,23,23,P10_DOC_B,20,D5_maximal,D5_maximal.html,6,left,right,1,text-enrichment-reader-round2-n30-v1:participant:28:documents:set:1:rotation:0,,,n30-round2-three-versions-v1,2026-09-04-r2-v1
n30-round2-three-versions-v1-slot-28,,28,1,24,24,P11_DOC_B,22,D1_derived,D1_derived.html,1,left,right,1,text-enrichment-reader-round2-n30-v1:participant:28:documents:set:1:rotation:0,,,n30-round2-three-versions-v1,2026-09-04-r2-v1
n30-round2-three-versions-v1-slot-28,,28,1,25,25,P4_DOC_B,8,D5_maximal,D5_maximal.html,6,right,left,1,text-enrichment-reader-round2-n30-v1:participant:28:documents:set:1:rotation:0,,,n30-round2-three-versions-v1,2026-09-04-r2-v1
n30-round2-three-versions-v1-slot-28,,28,1,26,26,P8_DOC_A,15,D5_maximal,D5_maximal.html,6,right,left,1,text-enrichment-reader-round2-n30-v1:participant:28:documents:set:1:rotation:0,,,n30-round2-three-versions-v1,2026-09-04-r2-v1
n30-round2-three-versions-v1-slot-28,,28,1,27,27,P13_DOC_B,26,W_writer_optimal,W_writer_optimal.html,3,left,right,1,text-enrichment-reader-round2-n30-v1:participant:28:documents:set:1:rotation:0,,,n30-round2-three-versions-v1,2026-09-04-r2-v1
n30-round2-three-versions-v1-slot-28,,28,1,28,28,P4_DOC_A,7,D2_derived,D2_derived.html,2,right,left,1,text-enrichment-reader-round2-n30-v1:participant:28:documents:set:1:rotation:0,,,n30-round2-three-versions-v1,2026-09-04-r2-v1
n30-round2-three-versions-v1-slot-28,,28,1,29,29,P16_DOC_B,32,D5_maximal,D5_maximal.html,6,left,right,1,text-enrichment-reader-round2-n30-v1:participant:28:documents:set:1:rotation:0,,,n30-round2-three-versions-v1,2026-09-04-r2-v1
n30-round2-three-versions-v1-slot-28,,28,1,30,30,P16_DOC_A,31,D2_derived,D2_derived.html,2,left,right,1,text-enrichment-reader-round2-n30-v1:participant:28:documents:set:1:rotation:0,,,n30-round2-three-versions-v1,2026-09-04-r2-v1
n30-round2-three-versions-v1-slot-28,,28,1,31,31,P11_DOC_A,21,W_writer_optimal,W_writer_optimal.html,3,left,right,1,text-enrichment-reader-round2-n30-v1:participant:28:documents:set:1:rotation:0,,,n30-round2-three-versions-v1,2026-09-04-r2-v1
n30-round2-three-versions-v1-slot-28,,28,1,32,32,P13_DOC_A,25,D4_derived,D4_derived.html,5,left,right,1,text-enrichment-reader-round2-n30-v1:participant:28:documents:set:1:rotation:0,,,n30-round2-three-versions-v1,2026-09-04-r2-v1
n30-round2-three-versions-v1-slot-28,,28,1,33,33,P19_DOC_A,37,D4_derived,D4_derived.html,5,left,right,1,text-enrichment-reader-round2-n30-v1:participant:28:documents:set:1:rotation:0,,,n30-round2-three-versions-v1,2026-09-04-r2-v1
n30-round2-three-versions-v1-slot-28,,28,1,34,34,P2_DOC_B,4,D3_derived,D3_derived.html,4,right,left,1,text-enrichment-reader-round2-n30-v1:participant:28:documents:set:1:rotation:0,,,n30-round2-three-versions-v1,2026-09-04-r2-v1
n30-round2-three-versions-v1-slot-28,,28,1,35,35,P17_DOC_B,34,D1_derived,D1_derived.html,1,left,right,1,text-enrichment-reader-round2-n30-v1:participant:28:documents:set:1:rotation:0,,,n30-round2-three-versions-v1,2026-09-04-r2-v1
n30-round2-three-versions-v1-slot-28,,28,1,36,36,P9_DOC_A,17,D1_derived,D1_derived.html,1,right,left,1,text-enrichment-reader-round2-n30-v1:participant:28:documents:set:1:rotation:0,,,n30-round2-three-versions-v1,2026-09-04-r2-v1
n30-round2-three-versions-v1-slot-28,,28,1,37,37,P1_DOC_A,1,D4_derived,D4_derived.html,5,right,left,1,text-enrichment-reader-round2-n30-v1:participant:28:documents:set:1:rotation:0,,,n30-round2-three-versions-v1,2026-09-04-r2-v1
n30-round2-three-versions-v1-slot-28,,28,1,38,38,P12_DOC_A,23,D3_derived,D3_derived.html,4,left,right,1,text-enrichment-reader-round2-n30-v1:participant:28:documents:set:1:rotation:0,,,n30-round2-three-versions-v1,2026-09-04-r2-v1
n30-round2-three-versions-v1-slot-28,,28,2,1,39,P2_DOC_A,3,D1_derived,D1_derived.html,1,right,left,2,text-enrichment-reader-round2-n30-v1:participant:28:documents:set:2:rotation:13,,,n30-round2-three-versions-v1,2026-09-04-r2-v1
n30-round2-three-versions-v1-slot-28,,28,2,2,40,P5_DOC_B,10,D2_derived,D2_derived.html,2,right,left,2,text-enrichment-reader-round2-n30-v1:participant:28:documents:set:2:rotation:13,,,n30-round2-three-versions-v1,2026-09-04-r2-v1
n30-round2-three-versions-v1-slot-28,,28,2,3,41,P9_DOC_B,18,D5_maximal,D5_maximal.html,6,right,left,2,text-enrichment-reader-round2-n30-v1:participant:28:documents:set:2:rotation:13,,,n30-round2-three-versions-v1,2026-09-04-r2-v1
n30-round2-three-versions-v1-slot-28,,28,2,4,42,P5_DOC_A,9,D3_derived,D3_derived.html,4,right,left,2,text-enrichment-reader-round2-n30-v1:participant:28:documents:set:2:rotation:13,,,n30-round2-three-versions-v1,2026-09-04-r2-v1
n30-round2-three-versions-v1-slot-28,,28,2,5,43,P3_DOC_B,6,D5_maximal,D5_maximal.html,6,right,left,2,text-enrichment-reader-round2-n30-v1:participant:28:documents:set:2:rotation:13,,,n30-round2-three-versions-v1,2026-09-04-r2-v1
n30-round2-three-versions-v1-slot-28,,28,2,6,44,P6_DOC_B,12,W_writer_optimal,W_writer_optimal.html,3,right,left,2,text-enrichment-reader-round2-n30-v1:participant:28:documents:set:2:rotation:13,,,n30-round2-three-versions-v1,2026-09-04-r2-v1
n30-round2-three-versions-v1-slot-28,,28,2,7,45,P15_DOC_B,30,D5_maximal,D5_maximal.html,6,left,right,2,text-enrichment-reader-round2-n30-v1:participant:28:documents:set:2:rotation:13,,,n30-round2-three-versions-v1,2026-09-04-r2-v1
n30-round2-three-versions-v1-slot-28,,28,2,8,46,P14_DOC_A,27,D1_derived,D1_derived.html,1,left,right,2,text-enrichment-reader-round2-n30-v1:participant:28:documents:set:2:rotation:13,,,n30-round2-three-versions-v1,2026-09-04-r2-v1
n30-round2-three-versions-v1-slot-28,,28,2,9,47,P8_DOC_B,16,D4_derived,D4_derived.html,5,right,left,2,text-enrichment-reader-round2-n30-v1:participant:28:documents:set:2:rotation:13,,,n30-round2-three-versions-v1,2026-09-04-r2-v1
n30-round2-three-versions-v1-slot-28,,28,2,10,48,P10_DOC_B,20,D1_derived,D1_derived.html,1,left,right,2,text-enrichment-reader-round2-n30-v1:participant:28:documents:set:2:rotation:13,,,n30-round2-three-versions-v1,2026-09-04-r2-v1
n30-round2-three-versions-v1-slot-28,,28,2,11,49,P11_DOC_B,22,D2_derived,D2_derived.html,2,left,right,2,text-enrichment-reader-round2-n30-v1:participant:28:documents:set:2:rotation:13,,,n30-round2-three-versions-v1,2026-09-04-r2-v1
n30-round2-three-versions-v1-slot-28,,28,2,12,50,P4_DOC_B,8,D1_derived,D1_derived.html,1,right,left,2,text-enrichment-reader-round2-n30-v1:participant:28:documents:set:2:rotation:13,,,n30-round2-three-versions-v1,2026-09-04-r2-v1
n30-round2-three-versions-v1-slot-28,,28,2,13,51,P8_DOC_A,15,D1_derived,D1_derived.html,1,right,left,2,text-enrichment-reader-round2-n30-v1:participant:28:documents:set:2:rotation:13,,,n30-round2-three-versions-v1,2026-09-04-r2-v1
n30-round2-three-versions-v1-slot-28,,28,2,14,52,P13_DOC_B,26,D3_derived,D3_derived.html,4,left,right,2,text-enrichment-reader-round2-n30-v1:participant:28:documents:set:2:rotation:13,,,n30-round2-three-versions-v1,2026-09-04-r2-v1
n30-round2-three-versions-v1-slot-28,,28,2,15,53,P4_DOC_A,7,W_writer_optimal,W_writer_optimal.html,3,right,left,2,text-enrichment-reader-round2-n30-v1:participant:28:documents:set:2:rotation:13,,,n30-round2-three-versions-v1,2026-09-04-r2-v1
n30-round2-three-versions-v1-slot-28,,28,2,16,54,P16_DOC_B,32,D1_derived,D1_derived.html,1,left,right,2,text-enrichment-reader-round2-n30-v1:participant:28:documents:set:2:rotation:13,,,n30-round2-three-versions-v1,2026-09-04-r2-v1
n30-round2-three-versions-v1-slot-28,,28,2,17,55,P16_DOC_A,31,W_writer_optimal,W_writer_optimal.html,3,left,right,2,text-enrichment-reader-round2-n30-v1:participant:28:documents:set:2:rotation:13,,,n30-round2-three-versions-v1,2026-09-04-r2-v1
n30-round2-three-versions-v1-slot-28,,28,2,18,56,P11_DOC_A,21,D3_derived,D3_derived.html,4,left,right,2,text-enrichment-reader-round2-n30-v1:participant:28:documents:set:2:rotation:13,,,n30-round2-three-versions-v1,2026-09-04-r2-v1
n30-round2-three-versions-v1-slot-28,,28,2,19,57,P13_DOC_A,25,D5_maximal,D5_maximal.html,6,left,right,2,text-enrichment-reader-round2-n30-v1:participant:28:documents:set:2:rotation:13,,,n30-round2-three-versions-v1,2026-09-04-r2-v1
n30-round2-three-versions-v1-slot-28,,28,2,20,58,P19_DOC_A,37,D5_maximal,D5_maximal.html,6,left,right,2,text-enrichment-reader-round2-n30-v1:participant:28:documents:set:2:rotation:13,,,n30-round2-three-versions-v1,2026-09-04-r2-v1
n30-round2-three-versions-v1-slot-28,,28,2,21,59,P2_DOC_B,4,D4_derived,D4_derived.html,5,right,left,2,text-enrichment-reader-round2-n30-v1:participant:28:documents:set:2:rotation:13,,,n30-round2-three-versions-v1,2026-09-04-r2-v1
n30-round2-three-versions-v1-slot-28,,28,2,22,60,P17_DOC_B,34,D2_derived,D2_derived.html,2,left,right,2,text-enrichment-reader-round2-n30-v1:participant:28:documents:set:2:rotation:13,,,n30-round2-three-versions-v1,2026-09-04-r2-v1
n30-round2-three-versions-v1-slot-28,,28,2,23,61,P9_DOC_A,17,D2_derived,D2_derived.html,2,right,left,2,text-enrichment-reader-round2-n30-v1:participant:28:documents:set:2:rotation:13,,,n30-round2-three-versions-v1,2026-09-04-r2-v1
n30-round2-three-versions-v1-slot-28,,28,2,24,62,P1_DOC_A,1,D5_maximal,D5_maximal.html,6,right,left,2,text-enrichment-reader-round2-n30-v1:participant:28:documents:set:2:rotation:13,,,n30-round2-three-versions-v1,2026-09-04-r2-v1
n30-round2-three-versions-v1-slot-28,,28,2,25,63,P12_DOC_A,23,D4_derived,D4_derived.html,5,left,right,2,text-enrichment-reader-round2-n30-v1:participant:28:documents:set:2:rotation:13,,,n30-round2-three-versions-v1,2026-09-04-r2-v1
n30-round2-three-versions-v1-slot-28,,28,2,26,64,P19_DOC_B,38,D3_derived,D3_derived.html,4,left,right,2,text-enrichment-reader-round2-n30-v1:participant:28:documents:set:2:rotation:13,,,n30-round2-three-versions-v1,2026-09-04-r2-v1
n30-round2-three-versions-v1-slot-28,,28,2,27,65,P15_DOC_A,29,D2_derived,D2_derived.html,2,left,right,2,text-enrichment-reader-round2-n30-v1:participant:28:documents:set:2:rotation:13,,,n30-round2-three-versions-v1,2026-09-04-r2-v1
n30-round2-three-versions-v1-slot-28,,28,2,28,66,P14_DOC_B,28,D4_derived,D4_derived.html,5,left,right,2,text-enrichment-reader-round2-n30-v1:participant:28:documents:set:2:rotation:13,,,n30-round2-three-versions-v1,2026-09-04-r2-v1
n30-round2-three-versions-v1-slot-28,,28,2,29,67,P17_DOC_A,33,D3_derived,D3_derived.html,4,left,right,2,text-enrichment-reader-round2-n30-v1:participant:28:documents:set:2:rotation:13,,,n30-round2-three-versions-v1,2026-09-04-r2-v1
n30-round2-three-versions-v1-slot-28,,28,2,30,68,P18_DOC_B,36,W_writer_optimal,W_writer_optimal.html,3,left,right,2,text-enrichment-reader-round2-n30-v1:participant:28:documents:set:2:rotation:13,,,n30-round2-three-versions-v1,2026-09-04-r2-v1
n30-round2-three-versions-v1-slot-28,,28,2,31,69,P6_DOC_A,11,D4_derived,D4_derived.html,5,right,left,2,text-enrichment-reader-round2-n30-v1:participant:28:documents:set:2:rotation:13,,,n30-round2-three-versions-v1,2026-09-04-r2-v1
n30-round2-three-versions-v1-slot-28,,28,2,32,70,P10_DOC_A,19,W_writer_optimal,W_writer_optimal.html,3,right,left,2,text-enrichment-reader-round2-n30-v1:participant:28:documents:set:2:rotation:13,,,n30-round2-three-versions-v1,2026-09-04-r2-v1
n30-round2-three-versions-v1-slot-28,,28,2,33,71,P1_DOC_B,2,D3_derived,D3_derived.html,4,right,left,2,text-enrichment-reader-round2-n30-v1:participant:28:documents:set:2:rotation:13,,,n30-round2-three-versions-v1,2026-09-04-r2-v1
n30-round2-three-versions-v1-slot-28,,28,2,34,72,P7_DOC_B,14,D3_derived,D3_derived.html,4,right,left,2,text-enrichment-reader-round2-n30-v1:participant:28:documents:set:2:rotation:13,,,n30-round2-three-versions-v1,2026-09-04-r2-v1
n30-round2-three-versions-v1-slot-28,,28,2,35,73,P12_DOC_B,24,W_writer_optimal,W_writer_optimal.html,3,left,right,2,text-enrichment-reader-round2-n30-v1:participant:28:documents:set:2:rotation:13,,,n30-round2-three-versions-v1,2026-09-04-r2-v1
n30-round2-three-versions-v1-slot-28,,28,2,36,74,P3_DOC_A,5,D2_derived,D2_derived.html,2,right,left,2,text-enrichment-reader-round2-n30-v1:participant:28:documents:set:2:rotation:13,,,n30-round2-three-versions-v1,2026-09-04-r2-v1
n30-round2-three-versions-v1-slot-28,,28,2,37,75,P7_DOC_A,13,D5_maximal,D5_maximal.html,6,right,left,2,text-enrichment-reader-round2-n30-v1:participant:28:documents:set:2:rotation:13,,,n30-round2-three-versions-v1,2026-09-04-r2-v1
n30-round2-three-versions-v1-slot-28,,28,2,38,76,P18_DOC_A,35,D4_derived,D4_derived.html,5,left,right,2,text-enrichment-reader-round2-n30-v1:participant:28:documents:set:2:rotation:13,,,n30-round2-three-versions-v1,2026-09-04-r2-v1
n30-round2-three-versions-v1-slot-28,,28,3,1,77,P13_DOC_B,26,D1_derived,D1_derived.html,1,left,right,3,text-enrichment-reader-round2-n30-v1:participant:28:documents:set:3:rotation:26,,,n30-round2-three-versions-v1,2026-09-04-r2-v1
n30-round2-three-versions-v1-slot-28,,28,3,2,78,P4_DOC_A,7,D4_derived,D4_derived.html,5,right,left,3,text-enrichment-reader-round2-n30-v1:participant:28:documents:set:3:rotation:26,,,n30-round2-three-versions-v1,2026-09-04-r2-v1
n30-round2-three-versions-v1-slot-28,,28,3,3,79,P16_DOC_B,32,D3_derived,D3_derived.html,4,left,right,3,text-enrichment-reader-round2-n30-v1:participant:28:documents:set:3:rotation:26,,,n30-round2-three-versions-v1,2026-09-04-r2-v1
n30-round2-three-versions-v1-slot-28,,28,3,4,80,P16_DOC_A,31,D4_derived,D4_derived.html,5,left,right,3,text-enrichment-reader-round2-n30-v1:participant:28:documents:set:3:rotation:26,,,n30-round2-three-versions-v1,2026-09-04-r2-v1
n30-round2-three-versions-v1-slot-28,,28,3,5,81,P11_DOC_A,21,D5_maximal,D5_maximal.html,6,left,right,3,text-enrichment-reader-round2-n30-v1:participant:28:documents:set:3:rotation:26,,,n30-round2-three-versions-v1,2026-09-04-r2-v1
n30-round2-three-versions-v1-slot-28,,28,3,6,82,P13_DOC_A,25,D2_derived,D2_derived.html,2,left,right,3,text-enrichment-reader-round2-n30-v1:participant:28:documents:set:3:rotation:26,,,n30-round2-three-versions-v1,2026-09-04-r2-v1
n30-round2-three-versions-v1-slot-28,,28,3,7,83,P19_DOC_A,37,D2_derived,D2_derived.html,2,left,right,3,text-enrichment-reader-round2-n30-v1:participant:28:documents:set:3:rotation:26,,,n30-round2-three-versions-v1,2026-09-04-r2-v1
n30-round2-three-versions-v1-slot-28,,28,3,8,84,P2_DOC_B,4,D2_derived,D2_derived.html,2,right,left,3,text-enrichment-reader-round2-n30-v1:participant:28:documents:set:3:rotation:26,,,n30-round2-three-versions-v1,2026-09-04-r2-v1
n30-round2-three-versions-v1-slot-28,,28,3,9,85,P17_DOC_B,34,D4_derived,D4_derived.html,5,left,right,3,text-enrichment-reader-round2-n30-v1:participant:28:documents:set:3:rotation:26,,,n30-round2-three-versions-v1,2026-09-04-r2-v1
n30-round2-three-versions-v1-slot-28,,28,3,10,86,P9_DOC_A,17,D3_derived,D3_derived.html,4,right,left,3,text-enrichment-reader-round2-n30-v1:participant:28:documents:set:3:rotation:26,,,n30-round2-three-versions-v1,2026-09-04-r2-v1
n30-round2-three-versions-v1-slot-28,,28,3,11,87,P1_DOC_A,1,D2_derived,D2_derived.html,2,right,left,3,text-enrichment-reader-round2-n30-v1:participant:28:documents:set:3:rotation:26,,,n30-round2-three-versions-v1,2026-09-04-r2-v1
n30-round2-three-versions-v1-slot-28,,28,3,12,88,P12_DOC_A,23,D1_derived,D1_derived.html,1,left,right,3,text-enrichment-reader-round2-n30-v1:participant:28:documents:set:3:rotation:26,,,n30-round2-three-versions-v1,2026-09-04-r2-v1
n30-round2-three-versions-v1-slot-28,,28,3,13,89,P19_DOC_B,38,D1_derived,D1_derived.html,1,left,right,3,text-enrichment-reader-round2-n30-v1:participant:28:documents:set:3:rotation:26,,,n30-round2-three-versions-v1,2026-09-04-r2-v1
n30-round2-three-versions-v1-slot-28,,28,3,14,90,P15_DOC_A,29,D3_derived,D3_derived.html,4,left,right,3,text-enrichment-reader-round2-n30-v1:participant:28:documents:set:3:rotation:26,,,n30-round2-three-versions-v1,2026-09-04-r2-v1
n30-round2-three-versions-v1-slot-28,,28,3,15,91,P14_DOC_B,28,D2_derived,D2_derived.html,2,left,right,3,text-enrichment-reader-round2-n30-v1:participant:28:documents:set:3:rotation:26,,,n30-round2-three-versions-v1,2026-09-04-r2-v1
n30-round2-three-versions-v1-slot-28,,28,3,16,92,P17_DOC_A,33,D5_maximal,D5_maximal.html,6,left,right,3,text-enrichment-reader-round2-n30-v1:participant:28:documents:set:3:rotation:26,,,n30-round2-three-versions-v1,2026-09-04-r2-v1
n30-round2-three-versions-v1-slot-28,,28,3,17,93,P18_DOC_B,36,D5_maximal,D5_maximal.html,6,left,right,3,text-enrichment-reader-round2-n30-v1:participant:28:documents:set:3:rotation:26,,,n30-round2-three-versions-v1,2026-09-04-r2-v1
n30-round2-three-versions-v1-slot-28,,28,3,18,94,P6_DOC_A,11,D1_derived,D1_derived.html,1,right,left,3,text-enrichment-reader-round2-n30-v1:participant:28:documents:set:3:rotation:26,,,n30-round2-three-versions-v1,2026-09-04-r2-v1
n30-round2-three-versions-v1-slot-28,,28,3,19,95,P10_DOC_A,19,D4_derived,D4_derived.html,5,right,left,3,text-enrichment-reader-round2-n30-v1:participant:28:documents:set:3:rotation:26,,,n30-round2-three-versions-v1,2026-09-04-r2-v1
n30-round2-three-versions-v1-slot-28,,28,3,20,96,P1_DOC_B,2,D1_derived,D1_derived.html,1,right,left,3,text-enrichment-reader-round2-n30-v1:participant:28:documents:set:3:rotation:26,,,n30-round2-three-versions-v1,2026-09-04-r2-v1
n30-round2-three-versions-v1-slot-28,,28,3,21,97,P7_DOC_B,14,D1_derived,D1_derived.html,1,right,left,3,text-enrichment-reader-round2-n30-v1:participant:28:documents:set:3:rotation:26,,,n30-round2-three-versions-v1,2026-09-04-r2-v1
n30-round2-three-versions-v1-slot-28,,28,3,22,98,P12_DOC_B,24,D5_maximal,D5_maximal.html,6,left,right,3,text-enrichment-reader-round2-n30-v1:participant:28:documents:set:3:rotation:26,,,n30-round2-three-versions-v1,2026-09-04-r2-v1
n30-round2-three-versions-v1-slot-28,,28,3,23,99,P3_DOC_A,5,D3_derived,D3_derived.html,4,right,left,3,text-enrichment-reader-round2-n30-v1:participant:28:documents:set:3:rotation:26,,,n30-round2-three-versions-v1,2026-09-04-r2-v1
n30-round2-three-versions-v1-slot-28,,28,3,24,100,P7_DOC_A,13,D2_derived,D2_derived.html,2,right,left,3,text-enrichment-reader-round2-n30-v1:participant:28:documents:set:3:rotation:26,,,n30-round2-three-versions-v1,2026-09-04-r2-v1
n30-round2-three-versions-v1-slot-28,,28,3,25,101,P18_DOC_A,35,D1_derived,D1_derived.html,1,left,right,3,text-enrichment-reader-round2-n30-v1:participant:28:documents:set:3:rotation:26,,,n30-round2-three-versions-v1,2026-09-04-r2-v1
n30-round2-three-versions-v1-slot-28,,28,3,26,102,P2_DOC_A,3,W_writer_optimal,W_writer_optimal.html,3,right,left,3,text-enrichment-reader-round2-n30-v1:participant:28:documents:set:3:rotation:26,,,n30-round2-three-versions-v1,2026-09-04-r2-v1
n30-round2-three-versions-v1-slot-28,,28,3,27,103,P5_DOC_B,10,D4_derived,D4_derived.html,5,right,left,3,text-enrichment-reader-round2-n30-v1:participant:28:documents:set:3:rotation:26,,,n30-round2-three-versions-v1,2026-09-04-r2-v1
n30-round2-three-versions-v1-slot-28,,28,3,28,104,P9_DOC_B,18,W_writer_optimal,W_writer_optimal.html,3,right,left,3,text-enrichment-reader-round2-n30-v1:participant:28:documents:set:3:rotation:26,,,n30-round2-three-versions-v1,2026-09-04-r2-v1
n30-round2-three-versions-v1-slot-28,,28,3,29,105,P5_DOC_A,9,D5_maximal,D5_maximal.html,6,right,left,3,text-enrichment-reader-round2-n30-v1:participant:28:documents:set:3:rotation:26,,,n30-round2-three-versions-v1,2026-09-04-r2-v1
n30-round2-three-versions-v1-slot-28,,28,3,30,106,P3_DOC_B,6,W_writer_optimal,W_writer_optimal.html,3,right,left,3,text-enrichment-reader-round2-n30-v1:participant:28:documents:set:3:rotation:26,,,n30-round2-three-versions-v1,2026-09-04-r2-v1
n30-round2-three-versions-v1-slot-28,,28,3,31,107,P6_DOC_B,12,D5_maximal,D5_maximal.html,6,right,left,3,text-enrichment-reader-round2-n30-v1:participant:28:documents:set:3:rotation:26,,,n30-round2-three-versions-v1,2026-09-04-r2-v1
n30-round2-three-versions-v1-slot-28,,28,3,32,108,P15_DOC_B,30,W_writer_optimal,W_writer_optimal.html,3,left,right,3,text-enrichment-reader-round2-n30-v1:participant:28:documents:set:3:rotation:26,,,n30-round2-three-versions-v1,2026-09-04-r2-v1
n30-round2-three-versions-v1-slot-28,,28,3,33,109,P14_DOC_A,27,W_writer_optimal,W_writer_optimal.html,3,left,right,3,text-enrichment-reader-round2-n30-v1:participant:28:documents:set:3:rotation:26,,,n30-round2-three-versions-v1,2026-09-04-r2-v1
n30-round2-three-versions-v1-slot-28,,28,3,34,110,P8_DOC_B,16,D2_derived,D2_derived.html,2,right,left,3,text-enrichment-reader-round2-n30-v1:participant:28:documents:set:3:rotation:26,,,n30-round2-three-versions-v1,2026-09-04-r2-v1
n30-round2-three-versions-v1-slot-28,,28,3,35,111,P10_DOC_B,20,D3_derived,D3_derived.html,4,left,right,3,text-enrichment-reader-round2-n30-v1:participant:28:documents:set:3:rotation:26,,,n30-round2-three-versions-v1,2026-09-04-r2-v1
n30-round2-three-versions-v1-slot-28,,28,3,36,112,P11_DOC_B,22,D4_derived,D4_derived.html,5,left,right,3,text-enrichment-reader-round2-n30-v1:participant:28:documents:set:3:rotation:26,,,n30-round2-three-versions-v1,2026-09-04-r2-v1
n30-round2-three-versions-v1-slot-28,,28,3,37,113,P4_DOC_B,8,D3_derived,D3_derived.html,4,right,left,3,text-enrichment-reader-round2-n30-v1:participant:28:documents:set:3:rotation:26,,,n30-round2-three-versions-v1,2026-09-04-r2-v1
n30-round2-three-versions-v1-slot-28,,28,3,38,114,P8_DOC_A,15,W_writer_optimal,W_writer_optimal.html,3,right,left,3,text-enrichment-reader-round2-n30-v1:participant:28:documents:set:3:rotation:26,,,n30-round2-three-versions-v1,2026-09-04-r2-v1
n30-round2-three-versions-v1-slot-29,,29,1,1,1,P16_DOC_B,32,D4_derived,D4_derived.html,5,left,right,1,text-enrichment-reader-round2-n30-v1:participant:29:documents:set:1:rotation:0,,,n30-round2-three-versions-v1,2026-09-04-r2-v1
n30-round2-three-versions-v1-slot-29,,29,1,2,2,P18_DOC_A,35,W_writer_optimal,W_writer_optimal.html,3,left,right,1,text-enrichment-reader-round2-n30-v1:participant:29:documents:set:1:rotation:0,,,n30-round2-three-versions-v1,2026-09-04-r2-v1
n30-round2-three-versions-v1-slot-29,,29,1,3,3,P8_DOC_A,15,D4_derived,D4_derived.html,5,right,left,1,text-enrichment-reader-round2-n30-v1:participant:29:documents:set:1:rotation:0,,,n30-round2-three-versions-v1,2026-09-04-r2-v1
n30-round2-three-versions-v1-slot-29,,29,1,4,4,P9_DOC_A,17,D5_maximal,D5_maximal.html,6,right,left,1,text-enrichment-reader-round2-n30-v1:participant:29:documents:set:1:rotation:0,,,n30-round2-three-versions-v1,2026-09-04-r2-v1
n30-round2-three-versions-v1-slot-29,,29,1,5,5,P13_DOC_A,25,D3_derived,D3_derived.html,4,left,right,1,text-enrichment-reader-round2-n30-v1:participant:29:documents:set:1:rotation:0,,,n30-round2-three-versions-v1,2026-09-04-r2-v1
n30-round2-three-versions-v1-slot-29,,29,1,6,6,P9_DOC_B,18,D3_derived,D3_derived.html,4,right,left,1,text-enrichment-reader-round2-n30-v1:participant:29:documents:set:1:rotation:0,,,n30-round2-three-versions-v1,2026-09-04-r2-v1
n30-round2-three-versions-v1-slot-29,,29,1,7,7,P11_DOC_A,21,D2_derived,D2_derived.html,2,left,right,1,text-enrichment-reader-round2-n30-v1:participant:29:documents:set:1:rotation:0,,,n30-round2-three-versions-v1,2026-09-04-r2-v1
n30-round2-three-versions-v1-slot-29,,29,1,8,8,P4_DOC_B,8,D4_derived,D4_derived.html,5,right,left,1,text-enrichment-reader-round2-n30-v1:participant:29:documents:set:1:rotation:0,,,n30-round2-three-versions-v1,2026-09-04-r2-v1
n30-round2-three-versions-v1-slot-29,,29,1,9,9,P7_DOC_B,14,D2_derived,D2_derived.html,2,right,left,1,text-enrichment-reader-round2-n30-v1:participant:29:documents:set:1:rotation:0,,,n30-round2-three-versions-v1,2026-09-04-r2-v1
n30-round2-three-versions-v1-slot-29,,29,1,10,10,P19_DOC_B,38,D2_derived,D2_derived.html,2,left,right,1,text-enrichment-reader-round2-n30-v1:participant:29:documents:set:1:rotation:0,,,n30-round2-three-versions-v1,2026-09-04-r2-v1
n30-round2-three-versions-v1-slot-29,,29,1,11,11,P6_DOC_B,12,D1_derived,D1_derived.html,1,right,left,1,text-enrichment-reader-round2-n30-v1:participant:29:documents:set:1:rotation:0,,,n30-round2-three-versions-v1,2026-09-04-r2-v1
n30-round2-three-versions-v1-slot-29,,29,1,12,12,P14_DOC_B,28,W_writer_optimal,W_writer_optimal.html,3,left,right,1,text-enrichment-reader-round2-n30-v1:participant:29:documents:set:1:rotation:0,,,n30-round2-three-versions-v1,2026-09-04-r2-v1
n30-round2-three-versions-v1-slot-29,,29,1,13,13,P8_DOC_B,16,W_writer_optimal,W_writer_optimal.html,3,right,left,1,text-enrichment-reader-round2-n30-v1:participant:29:documents:set:1:rotation:0,,,n30-round2-three-versions-v1,2026-09-04-r2-v1
n30-round2-three-versions-v1-slot-29,,29,1,14,14,P2_DOC_A,3,D4_derived,D4_derived.html,5,right,left,1,text-enrichment-reader-round2-n30-v1:participant:29:documents:set:1:rotation:0,,,n30-round2-three-versions-v1,2026-09-04-r2-v1
n30-round2-three-versions-v1-slot-29,,29,1,15,15,P15_DOC_A,29,D5_maximal,D5_maximal.html,6,left,right,1,text-enrichment-reader-round2-n30-v1:participant:29:documents:set:1:rotation:0,,,n30-round2-three-versions-v1,2026-09-04-r2-v1
n30-round2-three-versions-v1-slot-29,,29,1,16,16,P13_DOC_B,26,D2_derived,D2_derived.html,2,left,right,1,text-enrichment-reader-round2-n30-v1:participant:29:documents:set:1:rotation:0,,,n30-round2-three-versions-v1,2026-09-04-r2-v1
n30-round2-three-versions-v1-slot-29,,29,1,17,17,P4_DOC_A,7,D1_derived,D1_derived.html,1,right,left,1,text-enrichment-reader-round2-n30-v1:participant:29:documents:set:1:rotation:0,,,n30-round2-three-versions-v1,2026-09-04-r2-v1
n30-round2-three-versions-v1-slot-29,,29,1,18,18,P12_DOC_A,23,W_writer_optimal,W_writer_optimal.html,3,left,right,1,text-enrichment-reader-round2-n30-v1:participant:29:documents:set:1:rotation:0,,,n30-round2-three-versions-v1,2026-09-04-r2-v1
n30-round2-three-versions-v1-slot-29,,29,1,19,19,P18_DOC_B,36,D1_derived,D1_derived.html,1,left,right,1,text-enrichment-reader-round2-n30-v1:participant:29:documents:set:1:rotation:0,,,n30-round2-three-versions-v1,2026-09-04-r2-v1
n30-round2-three-versions-v1-slot-29,,29,1,20,20,P5_DOC_A,9,D2_derived,D2_derived.html,2,right,left,1,text-enrichment-reader-round2-n30-v1:participant:29:documents:set:1:rotation:0,,,n30-round2-three-versions-v1,2026-09-04-r2-v1
n30-round2-three-versions-v1-slot-29,,29,1,21,21,P14_DOC_A,27,D4_derived,D4_derived.html,5,left,right,1,text-enrichment-reader-round2-n30-v1:participant:29:documents:set:1:rotation:0,,,n30-round2-three-versions-v1,2026-09-04-r2-v1
n30-round2-three-versions-v1-slot-29,,29,1,22,22,P3_DOC_A,5,D5_maximal,D5_maximal.html,6,right,left,1,text-enrichment-reader-round2-n30-v1:participant:29:documents:set:1:rotation:0,,,n30-round2-three-versions-v1,2026-09-04-r2-v1
n30-round2-three-versions-v1-slot-29,,29,1,23,23,P2_DOC_B,4,W_writer_optimal,W_writer_optimal.html,3,right,left,1,text-enrichment-reader-round2-n30-v1:participant:29:documents:set:1:rotation:0,,,n30-round2-three-versions-v1,2026-09-04-r2-v1
n30-round2-three-versions-v1-slot-29,,29,1,24,24,P17_DOC_A,33,D2_derived,D2_derived.html,2,left,right,1,text-enrichment-reader-round2-n30-v1:participant:29:documents:set:1:rotation:0,,,n30-round2-three-versions-v1,2026-09-04-r2-v1
n30-round2-three-versions-v1-slot-29,,29,1,25,25,P3_DOC_B,6,D3_derived,D3_derived.html,4,right,left,1,text-enrichment-reader-round2-n30-v1:participant:29:documents:set:1:rotation:0,,,n30-round2-three-versions-v1,2026-09-04-r2-v1
n30-round2-three-versions-v1-slot-29,,29,1,26,26,P10_DOC_A,19,D1_derived,D1_derived.html,1,right,left,1,text-enrichment-reader-round2-n30-v1:participant:29:documents:set:1:rotation:0,,,n30-round2-three-versions-v1,2026-09-04-r2-v1
n30-round2-three-versions-v1-slot-29,,29,1,27,27,P5_DOC_B,10,D5_maximal,D5_maximal.html,6,right,left,1,text-enrichment-reader-round2-n30-v1:participant:29:documents:set:1:rotation:0,,,n30-round2-three-versions-v1,2026-09-04-r2-v1
n30-round2-three-versions-v1-slot-29,,29,1,28,28,P1_DOC_A,1,D3_derived,D3_derived.html,4,right,left,1,text-enrichment-reader-round2-n30-v1:participant:29:documents:set:1:rotation:0,,,n30-round2-three-versions-v1,2026-09-04-r2-v1
n30-round2-three-versions-v1-slot-29,,29,1,29,29,P19_DOC_A,37,D3_derived,D3_derived.html,4,left,right,1,text-enrichment-reader-round2-n30-v1:participant:29:documents:set:1:rotation:0,,,n30-round2-three-versions-v1,2026-09-04-r2-v1
n30-round2-three-versions-v1-slot-29,,29,1,30,30,P11_DOC_B,22,D5_maximal,D5_maximal.html,6,left,right,1,text-enrichment-reader-round2-n30-v1:participant:29:documents:set:1:rotation:0,,,n30-round2-three-versions-v1,2026-09-04-r2-v1
n30-round2-three-versions-v1-slot-29,,29,1,31,31,P1_DOC_B,2,D2_derived,D2_derived.html,2,right,left,1,text-enrichment-reader-round2-n30-v1:participant:29:documents:set:1:rotation:0,,,n30-round2-three-versions-v1,2026-09-04-r2-v1
n30-round2-three-versions-v1-slot-29,,29,1,32,32,P17_DOC_B,34,D5_maximal,D5_maximal.html,6,left,right,1,text-enrichment-reader-round2-n30-v1:participant:29:documents:set:1:rotation:0,,,n30-round2-three-versions-v1,2026-09-04-r2-v1
n30-round2-three-versions-v1-slot-29,,29,1,33,33,P7_DOC_A,13,D3_derived,D3_derived.html,4,right,left,1,text-enrichment-reader-round2-n30-v1:participant:29:documents:set:1:rotation:0,,,n30-round2-three-versions-v1,2026-09-04-r2-v1
n30-round2-three-versions-v1-slot-29,,29,1,34,34,P6_DOC_A,11,W_writer_optimal,W_writer_optimal.html,3,right,left,1,text-enrichment-reader-round2-n30-v1:participant:29:documents:set:1:rotation:0,,,n30-round2-three-versions-v1,2026-09-04-r2-v1
n30-round2-three-versions-v1-slot-29,,29,1,35,35,P12_DOC_B,24,D1_derived,D1_derived.html,1,left,right,1,text-enrichment-reader-round2-n30-v1:participant:29:documents:set:1:rotation:0,,,n30-round2-three-versions-v1,2026-09-04-r2-v1
n30-round2-three-versions-v1-slot-29,,29,1,36,36,P10_DOC_B,20,D4_derived,D4_derived.html,5,left,right,1,text-enrichment-reader-round2-n30-v1:participant:29:documents:set:1:rotation:0,,,n30-round2-three-versions-v1,2026-09-04-r2-v1
n30-round2-three-versions-v1-slot-29,,29,1,37,37,P16_DOC_A,31,D1_derived,D1_derived.html,1,left,right,1,text-enrichment-reader-round2-n30-v1:participant:29:documents:set:1:rotation:0,,,n30-round2-three-versions-v1,2026-09-04-r2-v1
n30-round2-three-versions-v1-slot-29,,29,1,38,38,P15_DOC_B,30,D3_derived,D3_derived.html,4,left,right,1,text-enrichment-reader-round2-n30-v1:participant:29:documents:set:1:rotation:0,,,n30-round2-three-versions-v1,2026-09-04-r2-v1
n30-round2-three-versions-v1-slot-29,,29,2,1,39,P2_DOC_A,3,D5_maximal,D5_maximal.html,6,right,left,2,text-enrichment-reader-round2-n30-v1:participant:29:documents:set:2:rotation:13,,,n30-round2-three-versions-v1,2026-09-04-r2-v1
n30-round2-three-versions-v1-slot-29,,29,2,2,40,P15_DOC_A,29,D1_derived,D1_derived.html,1,left,right,2,text-enrichment-reader-round2-n30-v1:participant:29:documents:set:2:rotation:13,,,n30-round2-three-versions-v1,2026-09-04-r2-v1
n30-round2-three-versions-v1-slot-29,,29,2,3,41,P13_DOC_B,26,D5_maximal,D5_maximal.html,6,left,right,2,text-enrichment-reader-round2-n30-v1:participant:29:documents:set:2:rotation:13,,,n30-round2-three-versions-v1,2026-09-04-r2-v1
n30-round2-three-versions-v1-slot-29,,29,2,4,42,P4_DOC_A,7,D2_derived,D2_derived.html,2,right,left,2,text-enrichment-reader-round2-n30-v1:participant:29:documents:set:2:rotation:13,,,n30-round2-three-versions-v1,2026-09-04-r2-v1
n30-round2-three-versions-v1-slot-29,,29,2,5,43,P12_DOC_A,23,D3_derived,D3_derived.html,4,left,right,2,text-enrichment-reader-round2-n30-v1:participant:29:documents:set:2:rotation:13,,,n30-round2-three-versions-v1,2026-09-04-r2-v1
n30-round2-three-versions-v1-slot-29,,29,2,6,44,P18_DOC_B,36,D4_derived,D4_derived.html,5,left,right,2,text-enrichment-reader-round2-n30-v1:participant:29:documents:set:2:rotation:13,,,n30-round2-three-versions-v1,2026-09-04-r2-v1
n30-round2-three-versions-v1-slot-29,,29,2,7,45,P5_DOC_A,9,W_writer_optimal,W_writer_optimal.html,3,right,left,2,text-enrichment-reader-round2-n30-v1:participant:29:documents:set:2:rotation:13,,,n30-round2-three-versions-v1,2026-09-04-r2-v1
n30-round2-three-versions-v1-slot-29,,29,2,8,46,P14_DOC_A,27,D5_maximal,D5_maximal.html,6,left,right,2,text-enrichment-reader-round2-n30-v1:participant:29:documents:set:2:rotation:13,,,n30-round2-three-versions-v1,2026-09-04-r2-v1
n30-round2-three-versions-v1-slot-29,,29,2,9,47,P3_DOC_A,5,D1_derived,D1_derived.html,1,right,left,2,text-enrichment-reader-round2-n30-v1:participant:29:documents:set:2:rotation:13,,,n30-round2-three-versions-v1,2026-09-04-r2-v1
n30-round2-three-versions-v1-slot-29,,29,2,10,48,P2_DOC_B,4,D1_derived,D1_derived.html,1,right,left,2,text-enrichment-reader-round2-n30-v1:participant:29:documents:set:2:rotation:13,,,n30-round2-three-versions-v1,2026-09-04-r2-v1
n30-round2-three-versions-v1-slot-29,,29,2,11,49,P17_DOC_A,33,W_writer_optimal,W_writer_optimal.html,3,left,right,2,text-enrichment-reader-round2-n30-v1:participant:29:documents:set:2:rotation:13,,,n30-round2-three-versions-v1,2026-09-04-r2-v1
n30-round2-three-versions-v1-slot-29,,29,2,12,50,P3_DOC_B,6,D2_derived,D2_derived.html,2,right,left,2,text-enrichment-reader-round2-n30-v1:participant:29:documents:set:2:rotation:13,,,n30-round2-three-versions-v1,2026-09-04-r2-v1
n30-round2-three-versions-v1-slot-29,,29,2,13,51,P10_DOC_A,19,D2_derived,D2_derived.html,2,right,left,2,text-enrichment-reader-round2-n30-v1:participant:29:documents:set:2:rotation:13,,,n30-round2-three-versions-v1,2026-09-04-r2-v1
n30-round2-three-versions-v1-slot-29,,29,2,14,52,P5_DOC_B,10,D3_derived,D3_derived.html,4,right,left,2,text-enrichment-reader-round2-n30-v1:participant:29:documents:set:2:rotation:13,,,n30-round2-three-versions-v1,2026-09-04-r2-v1
n30-round2-three-versions-v1-slot-29,,29,2,15,53,P1_DOC_A,1,D4_derived,D4_derived.html,5,right,left,2,text-enrichment-reader-round2-n30-v1:participant:29:documents:set:2:rotation:13,,,n30-round2-three-versions-v1,2026-09-04-r2-v1
n30-round2-three-versions-v1-slot-29,,29,2,16,54,P19_DOC_A,37,D4_derived,D4_derived.html,5,left,right,2,text-enrichment-reader-round2-n30-v1:participant:29:documents:set:2:rotation:13,,,n30-round2-three-versions-v1,2026-09-04-r2-v1
n30-round2-three-versions-v1-slot-29,,29,2,17,55,P11_DOC_B,22,D3_derived,D3_derived.html,4,left,right,2,text-enrichment-reader-round2-n30-v1:participant:29:documents:set:2:rotation:13,,,n30-round2-three-versions-v1,2026-09-04-r2-v1
n30-round2-three-versions-v1-slot-29,,29,2,18,56,P1_DOC_B,2,D5_maximal,D5_maximal.html,6,right,left,2,text-enrichment-reader-round2-n30-v1:participant:29:documents:set:2:rotation:13,,,n30-round2-three-versions-v1,2026-09-04-r2-v1
n30-round2-three-versions-v1-slot-29,,29,2,19,57,P17_DOC_B,34,D3_derived,D3_derived.html,4,left,right,2,text-enrichment-reader-round2-n30-v1:participant:29:documents:set:2:rotation:13,,,n30-round2-three-versions-v1,2026-09-04-r2-v1
n30-round2-three-versions-v1-slot-29,,29,2,20,58,P7_DOC_A,13,D4_derived,D4_derived.html,5,right,left,2,text-enrichment-reader-round2-n30-v1:participant:29:documents:set:2:rotation:13,,,n30-round2-three-versions-v1,2026-09-04-r2-v1
n30-round2-three-versions-v1-slot-29,,29,2,21,59,P6_DOC_A,11,D3_derived,D3_derived.html,4,right,left,2,text-enrichment-reader-round2-n30-v1:participant:29:documents:set:2:rotation:13,,,n30-round2-three-versions-v1,2026-09-04-r2-v1
n30-round2-three-versions-v1-slot-29,,29,2,22,60,P12_DOC_B,24,D4_derived,D4_derived.html,5,left,right,2,text-enrichment-reader-round2-n30-v1:participant:29:documents:set:2:rotation:13,,,n30-round2-three-versions-v1,2026-09-04-r2-v1
n30-round2-three-versions-v1-slot-29,,29,2,23,61,P10_DOC_B,20,W_writer_optimal,W_writer_optimal.html,3,left,right,2,text-enrichment-reader-round2-n30-v1:participant:29:documents:set:2:rotation:13,,,n30-round2-three-versions-v1,2026-09-04-r2-v1
n30-round2-three-versions-v1-slot-29,,29,2,24,62,P16_DOC_A,31,D2_derived,D2_derived.html,2,left,right,2,text-enrichment-reader-round2-n30-v1:participant:29:documents:set:2:rotation:13,,,n30-round2-three-versions-v1,2026-09-04-r2-v1
n30-round2-three-versions-v1-slot-29,,29,2,25,63,P15_DOC_B,30,D2_derived,D2_derived.html,2,left,right,2,text-enrichment-reader-round2-n30-v1:participant:29:documents:set:2:rotation:13,,,n30-round2-three-versions-v1,2026-09-04-r2-v1
n30-round2-three-versions-v1-slot-29,,29,2,26,64,P16_DOC_B,32,W_writer_optimal,W_writer_optimal.html,3,left,right,2,text-enrichment-reader-round2-n30-v1:participant:29:documents:set:2:rotation:13,,,n30-round2-three-versions-v1,2026-09-04-r2-v1
n30-round2-three-versions-v1-slot-29,,29,2,27,65,P18_DOC_A,35,D3_derived,D3_derived.html,4,left,right,2,text-enrichment-reader-round2-n30-v1:participant:29:documents:set:2:rotation:13,,,n30-round2-three-versions-v1,2026-09-04-r2-v1
n30-round2-three-versions-v1-slot-29,,29,2,28,66,P8_DOC_A,15,D5_maximal,D5_maximal.html,6,right,left,2,text-enrichment-reader-round2-n30-v1:participant:29:documents:set:2:rotation:13,,,n30-round2-three-versions-v1,2026-09-04-r2-v1
n30-round2-three-versions-v1-slot-29,,29,2,29,67,P9_DOC_A,17,D1_derived,D1_derived.html,1,right,left,2,text-enrichment-reader-round2-n30-v1:participant:29:documents:set:2:rotation:13,,,n30-round2-three-versions-v1,2026-09-04-r2-v1
n30-round2-three-versions-v1-slot-29,,29,2,30,68,P13_DOC_A,25,D4_derived,D4_derived.html,5,left,right,2,text-enrichment-reader-round2-n30-v1:participant:29:documents:set:2:rotation:13,,,n30-round2-three-versions-v1,2026-09-04-r2-v1
n30-round2-three-versions-v1-slot-29,,29,2,31,69,P9_DOC_B,18,D2_derived,D2_derived.html,2,right,left,2,text-enrichment-reader-round2-n30-v1:participant:29:documents:set:2:rotation:13,,,n30-round2-three-versions-v1,2026-09-04-r2-v1
n30-round2-three-versions-v1-slot-29,,29,2,32,70,P11_DOC_A,21,W_writer_optimal,W_writer_optimal.html,3,left,right,2,text-enrichment-reader-round2-n30-v1:participant:29:documents:set:2:rotation:13,,,n30-round2-three-versions-v1,2026-09-04-r2-v1
n30-round2-three-versions-v1-slot-29,,29,2,33,71,P4_DOC_B,8,W_writer_optimal,W_writer_optimal.html,3,right,left,2,text-enrichment-reader-round2-n30-v1:participant:29:documents:set:2:rotation:13,,,n30-round2-three-versions-v1,2026-09-04-r2-v1
n30-round2-three-versions-v1-slot-29,,29,2,34,72,P7_DOC_B,14,D5_maximal,D5_maximal.html,6,right,left,2,text-enrichment-reader-round2-n30-v1:participant:29:documents:set:2:rotation:13,,,n30-round2-three-versions-v1,2026-09-04-r2-v1
n30-round2-three-versions-v1-slot-29,,29,2,35,73,P19_DOC_B,38,D5_maximal,D5_maximal.html,6,left,right,2,text-enrichment-reader-round2-n30-v1:participant:29:documents:set:2:rotation:13,,,n30-round2-three-versions-v1,2026-09-04-r2-v1
n30-round2-three-versions-v1-slot-29,,29,2,36,74,P6_DOC_B,12,D4_derived,D4_derived.html,5,right,left,2,text-enrichment-reader-round2-n30-v1:participant:29:documents:set:2:rotation:13,,,n30-round2-three-versions-v1,2026-09-04-r2-v1
n30-round2-three-versions-v1-slot-29,,29,2,37,75,P14_DOC_B,28,D1_derived,D1_derived.html,1,left,right,2,text-enrichment-reader-round2-n30-v1:participant:29:documents:set:2:rotation:13,,,n30-round2-three-versions-v1,2026-09-04-r2-v1
n30-round2-three-versions-v1-slot-29,,29,2,38,76,P8_DOC_B,16,D1_derived,D1_derived.html,1,right,left,2,text-enrichment-reader-round2-n30-v1:participant:29:documents:set:2:rotation:13,,,n30-round2-three-versions-v1,2026-09-04-r2-v1
n30-round2-three-versions-v1-slot-29,,29,3,1,77,P5_DOC_B,10,D4_derived,D4_derived.html,5,right,left,3,text-enrichment-reader-round2-n30-v1:participant:29:documents:set:3:rotation:26,,,n30-round2-three-versions-v1,2026-09-04-r2-v1
n30-round2-three-versions-v1-slot-29,,29,3,2,78,P1_DOC_A,1,W_writer_optimal,W_writer_optimal.html,3,right,left,3,text-enrichment-reader-round2-n30-v1:participant:29:documents:set:3:rotation:26,,,n30-round2-three-versions-v1,2026-09-04-r2-v1
n30-round2-three-versions-v1-slot-29,,29,3,3,79,P19_DOC_A,37,W_writer_optimal,W_writer_optimal.html,3,left,right,3,text-enrichment-reader-round2-n30-v1:participant:29:documents:set:3:rotation:26,,,n30-round2-three-versions-v1,2026-09-04-r2-v1
n30-round2-three-versions-v1-slot-29,,29,3,4,80,P11_DOC_B,22,D4_derived,D4_derived.html,5,left,right,3,text-enrichment-reader-round2-n30-v1:participant:29:documents:set:3:rotation:26,,,n30-round2-three-versions-v1,2026-09-04-r2-v1
n30-round2-three-versions-v1-slot-29,,29,3,5,81,P1_DOC_B,2,D1_derived,D1_derived.html,1,right,left,3,text-enrichment-reader-round2-n30-v1:participant:29:documents:set:3:rotation:26,,,n30-round2-three-versions-v1,2026-09-04-r2-v1
n30-round2-three-versions-v1-slot-29,,29,3,6,82,P17_DOC_B,34,D4_derived,D4_derived.html,5,left,right,3,text-enrichment-reader-round2-n30-v1:participant:29:documents:set:3:rotation:26,,,n30-round2-three-versions-v1,2026-09-04-r2-v1
n30-round2-three-versions-v1-slot-29,,29,3,7,83,P7_DOC_A,13,W_writer_optimal,W_writer_optimal.html,3,right,left,3,text-enrichment-reader-round2-n30-v1:participant:29:documents:set:3:rotation:26,,,n30-round2-three-versions-v1,2026-09-04-r2-v1
n30-round2-three-versions-v1-slot-29,,29,3,8,84,P6_DOC_A,11,D2_derived,D2_derived.html,2,right,left,3,text-enrichment-reader-round2-n30-v1:participant:29:documents:set:3:rotation:26,,,n30-round2-three-versions-v1,2026-09-04-r2-v1
n30-round2-three-versions-v1-slot-29,,29,3,9,85,P12_DOC_B,24,D5_maximal,D5_maximal.html,6,left,right,3,text-enrichment-reader-round2-n30-v1:participant:29:documents:set:3:rotation:26,,,n30-round2-three-versions-v1,2026-09-04-r2-v1
n30-round2-three-versions-v1-slot-29,,29,3,10,86,P10_DOC_B,20,D3_derived,D3_derived.html,4,left,right,3,text-enrichment-reader-round2-n30-v1:participant:29:documents:set:3:rotation:26,,,n30-round2-three-versions-v1,2026-09-04-r2-v1
n30-round2-three-versions-v1-slot-29,,29,3,11,87,P16_DOC_A,31,D5_maximal,D5_maximal.html,6,left,right,3,text-enrichment-reader-round2-n30-v1:participant:29:documents:set:3:rotation:26,,,n30-round2-three-versions-v1,2026-09-04-r2-v1
n30-round2-three-versions-v1-slot-29,,29,3,12,88,P15_DOC_B,30,W_writer_optimal,W_writer_optimal.html,3,left,right,3,text-enrichment-reader-round2-n30-v1:participant:29:documents:set:3:rotation:26,,,n30-round2-three-versions-v1,2026-09-04-r2-v1
n30-round2-three-versions-v1-slot-29,,29,3,13,89,P16_DOC_B,32,D3_derived,D3_derived.html,4,left,right,3,text-enrichment-reader-round2-n30-v1:participant:29:documents:set:3:rotation:26,,,n30-round2-three-versions-v1,2026-09-04-r2-v1
n30-round2-three-versions-v1-slot-29,,29,3,14,90,P18_DOC_A,35,D2_derived,D2_derived.html,2,left,right,3,text-enrichment-reader-round2-n30-v1:participant:29:documents:set:3:rotation:26,,,n30-round2-three-versions-v1,2026-09-04-r2-v1
n30-round2-three-versions-v1-slot-29,,29,3,15,91,P8_DOC_A,15,D3_derived,D3_derived.html,4,right,left,3,text-enrichment-reader-round2-n30-v1:participant:29:documents:set:3:rotation:26,,,n30-round2-three-versions-v1,2026-09-04-r2-v1
n30-round2-three-versions-v1-slot-29,,29,3,16,92,P9_DOC_A,17,D4_derived,D4_derived.html,5,right,left,3,text-enrichment-reader-round2-n30-v1:participant:29:documents:set:3:rotation:26,,,n30-round2-three-versions-v1,2026-09-04-r2-v1
n30-round2-three-versions-v1-slot-29,,29,3,17,93,P13_DOC_A,25,W_writer_optimal,W_writer_optimal.html,3,left,right,3,text-enrichment-reader-round2-n30-v1:participant:29:documents:set:3:rotation:26,,,n30-round2-three-versions-v1,2026-09-04-r2-v1
n30-round2-three-versions-v1-slot-29,,29,3,18,94,P9_DOC_B,18,W_writer_optimal,W_writer_optimal.html,3,right,left,3,text-enrichment-reader-round2-n30-v1:participant:29:documents:set:3:rotation:26,,,n30-round2-three-versions-v1,2026-09-04-r2-v1
n30-round2-three-versions-v1-slot-29,,29,3,19,95,P11_DOC_A,21,D1_derived,D1_derived.html,1,left,right,3,text-enrichment-reader-round2-n30-v1:participant:29:documents:set:3:rotation:26,,,n30-round2-three-versions-v1,2026-09-04-r2-v1
n30-round2-three-versions-v1-slot-29,,29,3,20,96,P4_DOC_B,8,D3_derived,D3_derived.html,4,right,left,3,text-enrichment-reader-round2-n30-v1:participant:29:documents:set:3:rotation:26,,,n30-round2-three-versions-v1,2026-09-04-r2-v1
n30-round2-three-versions-v1-slot-29,,29,3,21,97,P7_DOC_B,14,D1_derived,D1_derived.html,1,right,left,3,text-enrichment-reader-round2-n30-v1:participant:29:documents:set:3:rotation:26,,,n30-round2-three-versions-v1,2026-09-04-r2-v1
n30-round2-three-versions-v1-slot-29,,29,3,22,98,P19_DOC_B,38,D1_derived,D1_derived.html,1,left,right,3,text-enrichment-reader-round2-n30-v1:participant:29:documents:set:3:rotation:26,,,n30-round2-three-versions-v1,2026-09-04-r2-v1
n30-round2-three-versions-v1-slot-29,,29,3,23,99,P6_DOC_B,12,D5_maximal,D5_maximal.html,6,right,left,3,text-enrichment-reader-round2-n30-v1:participant:29:documents:set:3:rotation:26,,,n30-round2-three-versions-v1,2026-09-04-r2-v1
n30-round2-three-versions-v1-slot-29,,29,3,24,100,P14_DOC_B,28,D2_derived,D2_derived.html,2,left,right,3,text-enrichment-reader-round2-n30-v1:participant:29:documents:set:3:rotation:26,,,n30-round2-three-versions-v1,2026-09-04-r2-v1
n30-round2-three-versions-v1-slot-29,,29,3,25,101,P8_DOC_B,16,D2_derived,D2_derived.html,2,right,left,3,text-enrichment-reader-round2-n30-v1:participant:29:documents:set:3:rotation:26,,,n30-round2-three-versions-v1,2026-09-04-r2-v1
n30-round2-three-versions-v1-slot-29,,29,3,26,102,P2_DOC_A,3,D3_derived,D3_derived.html,4,right,left,3,text-enrichment-reader-round2-n30-v1:participant:29:documents:set:3:rotation:26,,,n30-round2-three-versions-v1,2026-09-04-r2-v1
n30-round2-three-versions-v1-slot-29,,29,3,27,103,P15_DOC_A,29,D4_derived,D4_derived.html,5,left,right,3,text-enrichment-reader-round2-n30-v1:participant:29:documents:set:3:rotation:26,,,n30-round2-three-versions-v1,2026-09-04-r2-v1
n30-round2-three-versions-v1-slot-29,,29,3,28,104,P13_DOC_B,26,D1_derived,D1_derived.html,1,left,right,3,text-enrichment-reader-round2-n30-v1:participant:29:documents:set:3:rotation:26,,,n30-round2-three-versions-v1,2026-09-04-r2-v1
n30-round2-three-versions-v1-slot-29,,29,3,29,105,P4_DOC_A,7,D5_maximal,D5_maximal.html,6,right,left,3,text-enrichment-reader-round2-n30-v1:participant:29:documents:set:3:rotation:26,,,n30-round2-three-versions-v1,2026-09-04-r2-v1
n30-round2-three-versions-v1-slot-29,,29,3,30,106,P12_DOC_A,23,D2_derived,D2_derived.html,2,left,right,3,text-enrichment-reader-round2-n30-v1:participant:29:documents:set:3:rotation:26,,,n30-round2-three-versions-v1,2026-09-04-r2-v1
n30-round2-three-versions-v1-slot-29,,29,3,31,107,P18_DOC_B,36,D5_maximal,D5_maximal.html,6,left,right,3,text-enrichment-reader-round2-n30-v1:participant:29:documents:set:3:rotation:26,,,n30-round2-three-versions-v1,2026-09-04-r2-v1
n30-round2-three-versions-v1-slot-29,,29,3,32,108,P5_DOC_A,9,D1_derived,D1_derived.html,1,right,left,3,text-enrichment-reader-round2-n30-v1:participant:29:documents:set:3:rotation:26,,,n30-round2-three-versions-v1,2026-09-04-r2-v1
n30-round2-three-versions-v1-slot-29,,29,3,33,109,P14_DOC_A,27,D3_derived,D3_derived.html,4,left,right,3,text-enrichment-reader-round2-n30-v1:participant:29:documents:set:3:rotation:26,,,n30-round2-three-versions-v1,2026-09-04-r2-v1
n30-round2-three-versions-v1-slot-29,,29,3,34,110,P3_DOC_A,5,D4_derived,D4_derived.html,5,right,left,3,text-enrichment-reader-round2-n30-v1:participant:29:documents:set:3:rotation:26,,,n30-round2-three-versions-v1,2026-09-04-r2-v1
n30-round2-three-versions-v1-slot-29,,29,3,35,111,P2_DOC_B,4,D2_derived,D2_derived.html,2,right,left,3,text-enrichment-reader-round2-n30-v1:participant:29:documents:set:3:rotation:26,,,n30-round2-three-versions-v1,2026-09-04-r2-v1
n30-round2-three-versions-v1-slot-29,,29,3,36,112,P17_DOC_A,33,D1_derived,D1_derived.html,1,left,right,3,text-enrichment-reader-round2-n30-v1:participant:29:documents:set:3:rotation:26,,,n30-round2-three-versions-v1,2026-09-04-r2-v1
n30-round2-three-versions-v1-slot-29,,29,3,37,113,P3_DOC_B,6,W_writer_optimal,W_writer_optimal.html,3,right,left,3,text-enrichment-reader-round2-n30-v1:participant:29:documents:set:3:rotation:26,,,n30-round2-three-versions-v1,2026-09-04-r2-v1
n30-round2-three-versions-v1-slot-29,,29,3,38,114,P10_DOC_A,19,D5_maximal,D5_maximal.html,6,right,left,3,text-enrichment-reader-round2-n30-v1:participant:29:documents:set:3:rotation:26,,,n30-round2-three-versions-v1,2026-09-04-r2-v1
n30-round2-three-versions-v1-slot-30,,30,1,1,1,P19_DOC_A,37,D3_derived,D3_derived.html,4,left,right,1,text-enrichment-reader-round2-n30-v1:participant:30:documents:set:1:rotation:0,,,n30-round2-three-versions-v1,2026-09-04-r2-v1
n30-round2-three-versions-v1-slot-30,,30,1,2,2,P5_DOC_B,10,D5_maximal,D5_maximal.html,6,right,left,1,text-enrichment-reader-round2-n30-v1:participant:30:documents:set:1:rotation:0,,,n30-round2-three-versions-v1,2026-09-04-r2-v1
n30-round2-three-versions-v1-slot-30,,30,1,3,3,P13_DOC_A,25,D3_derived,D3_derived.html,4,left,right,1,text-enrichment-reader-round2-n30-v1:participant:30:documents:set:1:rotation:0,,,n30-round2-three-versions-v1,2026-09-04-r2-v1
n30-round2-three-versions-v1-slot-30,,30,1,4,4,P3_DOC_B,6,D3_derived,D3_derived.html,4,right,left,1,text-enrichment-reader-round2-n30-v1:participant:30:documents:set:1:rotation:0,,,n30-round2-three-versions-v1,2026-09-04-r2-v1
n30-round2-three-versions-v1-slot-30,,30,1,5,5,P12_DOC_A,23,W_writer_optimal,W_writer_optimal.html,3,left,right,1,text-enrichment-reader-round2-n30-v1:participant:30:documents:set:1:rotation:0,,,n30-round2-three-versions-v1,2026-09-04-r2-v1
n30-round2-three-versions-v1-slot-30,,30,1,6,6,P3_DOC_A,5,D5_maximal,D5_maximal.html,6,right,left,1,text-enrichment-reader-round2-n30-v1:participant:30:documents:set:1:rotation:0,,,n30-round2-three-versions-v1,2026-09-04-r2-v1
n30-round2-three-versions-v1-slot-30,,30,1,7,7,P6_DOC_B,12,D1_derived,D1_derived.html,1,right,left,1,text-enrichment-reader-round2-n30-v1:participant:30:documents:set:1:rotation:0,,,n30-round2-three-versions-v1,2026-09-04-r2-v1
n30-round2-three-versions-v1-slot-30,,30,1,8,8,P11_DOC_B,22,D5_maximal,D5_maximal.html,6,left,right,1,text-enrichment-reader-round2-n30-v1:participant:30:documents:set:1:rotation:0,,,n30-round2-three-versions-v1,2026-09-04-r2-v1
n30-round2-three-versions-v1-slot-30,,30,1,9,9,P15_DOC_B,30,D3_derived,D3_derived.html,4,left,right,1,text-enrichment-reader-round2-n30-v1:participant:30:documents:set:1:rotation:0,,,n30-round2-three-versions-v1,2026-09-04-r2-v1
n30-round2-three-versions-v1-slot-30,,30,1,10,10,P8_DOC_B,16,W_writer_optimal,W_writer_optimal.html,3,right,left,1,text-enrichment-reader-round2-n30-v1:participant:30:documents:set:1:rotation:0,,,n30-round2-three-versions-v1,2026-09-04-r2-v1
n30-round2-three-versions-v1-slot-30,,30,1,11,11,P9_DOC_A,17,D5_maximal,D5_maximal.html,6,right,left,1,text-enrichment-reader-round2-n30-v1:participant:30:documents:set:1:rotation:0,,,n30-round2-three-versions-v1,2026-09-04-r2-v1
n30-round2-three-versions-v1-slot-30,,30,1,12,12,P7_DOC_A,13,D3_derived,D3_derived.html,4,right,left,1,text-enrichment-reader-round2-n30-v1:participant:30:documents:set:1:rotation:0,,,n30-round2-three-versions-v1,2026-09-04-r2-v1
n30-round2-three-versions-v1-slot-30,,30,1,13,13,P14_DOC_B,28,W_writer_optimal,W_writer_optimal.html,3,left,right,1,text-enrichment-reader-round2-n30-v1:participant:30:documents:set:1:rotation:0,,,n30-round2-three-versions-v1,2026-09-04-r2-v1
n30-round2-three-versions-v1-slot-30,,30,1,14,14,P1_DOC_B,2,D2_derived,D2_derived.html,2,right,left,1,text-enrichment-reader-round2-n30-v1:participant:30:documents:set:1:rotation:0,,,n30-round2-three-versions-v1,2026-09-04-r2-v1
n30-round2-three-versions-v1-slot-30,,30,1,15,15,P14_DOC_A,27,D4_derived,D4_derived.html,5,left,right,1,text-enrichment-reader-round2-n30-v1:participant:30:documents:set:1:rotation:0,,,n30-round2-three-versions-v1,2026-09-04-r2-v1
n30-round2-three-versions-v1-slot-30,,30,1,16,16,P1_DOC_A,1,D3_derived,D3_derived.html,4,right,left,1,text-enrichment-reader-round2-n30-v1:participant:30:documents:set:1:rotation:0,,,n30-round2-three-versions-v1,2026-09-04-r2-v1
n30-round2-three-versions-v1-slot-30,,30,1,17,17,P9_DOC_B,18,D3_derived,D3_derived.html,4,right,left,1,text-enrichment-reader-round2-n30-v1:participant:30:documents:set:1:rotation:0,,,n30-round2-three-versions-v1,2026-09-04-r2-v1
n30-round2-three-versions-v1-slot-30,,30,1,18,18,P16_DOC_B,32,D4_derived,D4_derived.html,5,left,right,1,text-enrichment-reader-round2-n30-v1:participant:30:documents:set:1:rotation:0,,,n30-round2-three-versions-v1,2026-09-04-r2-v1
n30-round2-three-versions-v1-slot-30,,30,1,19,19,P16_DOC_A,31,D1_derived,D1_derived.html,1,left,right,1,text-enrichment-reader-round2-n30-v1:participant:30:documents:set:1:rotation:0,,,n30-round2-three-versions-v1,2026-09-04-r2-v1
n30-round2-three-versions-v1-slot-30,,30,1,20,20,P4_DOC_B,8,D4_derived,D4_derived.html,5,right,left,1,text-enrichment-reader-round2-n30-v1:participant:30:documents:set:1:rotation:0,,,n30-round2-three-versions-v1,2026-09-04-r2-v1
n30-round2-three-versions-v1-slot-30,,30,1,21,21,P13_DOC_B,26,D2_derived,D2_derived.html,2,left,right,1,text-enrichment-reader-round2-n30-v1:participant:30:documents:set:1:rotation:0,,,n30-round2-three-versions-v1,2026-09-04-r2-v1
n30-round2-three-versions-v1-slot-30,,30,1,22,22,P2_DOC_B,4,W_writer_optimal,W_writer_optimal.html,3,right,left,1,text-enrichment-reader-round2-n30-v1:participant:30:documents:set:1:rotation:0,,,n30-round2-three-versions-v1,2026-09-04-r2-v1
n30-round2-three-versions-v1-slot-30,,30,1,23,23,P5_DOC_A,9,D2_derived,D2_derived.html,2,right,left,1,text-enrichment-reader-round2-n30-v1:participant:30:documents:set:1:rotation:0,,,n30-round2-three-versions-v1,2026-09-04-r2-v1
n30-round2-three-versions-v1-slot-30,,30,1,24,24,P17_DOC_A,33,D2_derived,D2_derived.html,2,left,right,1,text-enrichment-reader-round2-n30-v1:participant:30:documents:set:1:rotation:0,,,n30-round2-three-versions-v1,2026-09-04-r2-v1
n30-round2-three-versions-v1-slot-30,,30,1,25,25,P2_DOC_A,3,D4_derived,D4_derived.html,5,right,left,1,text-enrichment-reader-round2-n30-v1:participant:30:documents:set:1:rotation:0,,,n30-round2-three-versions-v1,2026-09-04-r2-v1
n30-round2-three-versions-v1-slot-30,,30,1,26,26,P10_DOC_A,19,D1_derived,D1_derived.html,1,right,left,1,text-enrichment-reader-round2-n30-v1:participant:30:documents:set:1:rotation:0,,,n30-round2-three-versions-v1,2026-09-04-r2-v1
n30-round2-three-versions-v1-slot-30,,30,1,27,27,P17_DOC_B,34,D5_maximal,D5_maximal.html,6,left,right,1,text-enrichment-reader-round2-n30-v1:participant:30:documents:set:1:rotation:0,,,n30-round2-three-versions-v1,2026-09-04-r2-v1
n30-round2-three-versions-v1-slot-30,,30,1,28,28,P11_DOC_A,21,D2_derived,D2_derived.html,2,left,right,1,text-enrichment-reader-round2-n30-v1:participant:30:documents:set:1:rotation:0,,,n30-round2-three-versions-v1,2026-09-04-r2-v1
n30-round2-three-versions-v1-slot-30,,30,1,29,29,P7_DOC_B,14,D2_derived,D2_derived.html,2,right,left,1,text-enrichment-reader-round2-n30-v1:participant:30:documents:set:1:rotation:0,,,n30-round2-three-versions-v1,2026-09-04-r2-v1
n30-round2-three-versions-v1-slot-30,,30,1,30,30,P19_DOC_B,38,D2_derived,D2_derived.html,2,left,right,1,text-enrichment-reader-round2-n30-v1:participant:30:documents:set:1:rotation:0,,,n30-round2-three-versions-v1,2026-09-04-r2-v1
n30-round2-three-versions-v1-slot-30,,30,1,31,31,P6_DOC_A,11,W_writer_optimal,W_writer_optimal.html,3,right,left,1,text-enrichment-reader-round2-n30-v1:participant:30:documents:set:1:rotation:0,,,n30-round2-three-versions-v1,2026-09-04-r2-v1
n30-round2-three-versions-v1-slot-30,,30,1,32,32,P12_DOC_B,24,D1_derived,D1_derived.html,1,left,right,1,text-enrichment-reader-round2-n30-v1:participant:30:documents:set:1:rotation:0,,,n30-round2-three-versions-v1,2026-09-04-r2-v1
n30-round2-three-versions-v1-slot-30,,30,1,33,33,P18_DOC_B,36,D1_derived,D1_derived.html,1,left,right,1,text-enrichment-reader-round2-n30-v1:participant:30:documents:set:1:rotation:0,,,n30-round2-three-versions-v1,2026-09-04-r2-v1
n30-round2-three-versions-v1-slot-30,,30,1,34,34,P15_DOC_A,29,D5_maximal,D5_maximal.html,6,left,right,1,text-enrichment-reader-round2-n30-v1:participant:30:documents:set:1:rotation:0,,,n30-round2-three-versions-v1,2026-09-04-r2-v1
n30-round2-three-versions-v1-slot-30,,30,1,35,35,P10_DOC_B,20,D4_derived,D4_derived.html,5,left,right,1,text-enrichment-reader-round2-n30-v1:participant:30:documents:set:1:rotation:0,,,n30-round2-three-versions-v1,2026-09-04-r2-v1
n30-round2-three-versions-v1-slot-30,,30,1,36,36,P18_DOC_A,35,W_writer_optimal,W_writer_optimal.html,3,left,right,1,text-enrichment-reader-round2-n30-v1:participant:30:documents:set:1:rotation:0,,,n30-round2-three-versions-v1,2026-09-04-r2-v1
n30-round2-three-versions-v1-slot-30,,30,1,37,37,P8_DOC_A,15,D4_derived,D4_derived.html,5,right,left,1,text-enrichment-reader-round2-n30-v1:participant:30:documents:set:1:rotation:0,,,n30-round2-three-versions-v1,2026-09-04-r2-v1
n30-round2-three-versions-v1-slot-30,,30,1,38,38,P4_DOC_A,7,D1_derived,D1_derived.html,1,right,left,1,text-enrichment-reader-round2-n30-v1:participant:30:documents:set:1:rotation:0,,,n30-round2-three-versions-v1,2026-09-04-r2-v1
n30-round2-three-versions-v1-slot-30,,30,2,1,39,P1_DOC_B,2,D4_derived,D4_derived.html,5,right,left,2,text-enrichment-reader-round2-n30-v1:participant:30:documents:set:2:rotation:13,,,n30-round2-three-versions-v1,2026-09-04-r2-v1
n30-round2-three-versions-v1-slot-30,,30,2,2,40,P14_DOC_A,27,D1_derived,D1_derived.html,1,left,right,2,text-enrichment-reader-round2-n30-v1:participant:30:documents:set:2:rotation:13,,,n30-round2-three-versions-v1,2026-09-04-r2-v1
n30-round2-three-versions-v1-slot-30,,30,2,3,41,P1_DOC_A,1,D5_maximal,D5_maximal.html,6,right,left,2,text-enrichment-reader-round2-n30-v1:participant:30:documents:set:2:rotation:13,,,n30-round2-three-versions-v1,2026-09-04-r2-v1
n30-round2-three-versions-v1-slot-30,,30,2,4,42,P9_DOC_B,18,D1_derived,D1_derived.html,1,right,left,2,text-enrichment-reader-round2-n30-v1:participant:30:documents:set:2:rotation:13,,,n30-round2-three-versions-v1,2026-09-04-r2-v1
n30-round2-three-versions-v1-slot-30,,30,2,5,43,P16_DOC_B,32,D2_derived,D2_derived.html,2,left,right,2,text-enrichment-reader-round2-n30-v1:participant:30:documents:set:2:rotation:13,,,n30-round2-three-versions-v1,2026-09-04-r2-v1
n30-round2-three-versions-v1-slot-30,,30,2,6,44,P16_DOC_A,31,W_writer_optimal,W_writer_optimal.html,3,left,right,2,text-enrichment-reader-round2-n30-v1:participant:30:documents:set:2:rotation:13,,,n30-round2-three-versions-v1,2026-09-04-r2-v1
n30-round2-three-versions-v1-slot-30,,30,2,7,45,P4_DOC_B,8,D2_derived,D2_derived.html,2,right,left,2,text-enrichment-reader-round2-n30-v1:participant:30:documents:set:2:rotation:13,,,n30-round2-three-versions-v1,2026-09-04-r2-v1
n30-round2-three-versions-v1-slot-30,,30,2,8,46,P13_DOC_B,26,D4_derived,D4_derived.html,5,left,right,2,text-enrichment-reader-round2-n30-v1:participant:30:documents:set:2:rotation:13,,,n30-round2-three-versions-v1,2026-09-04-r2-v1
n30-round2-three-versions-v1-slot-30,,30,2,9,47,P2_DOC_B,4,D5_maximal,D5_maximal.html,6,right,left,2,text-enrichment-reader-round2-n30-v1:participant:30:documents:set:2:rotation:13,,,n30-round2-three-versions-v1,2026-09-04-r2-v1
n30-round2-three-versions-v1-slot-30,,30,2,10,48,P5_DOC_A,9,D3_derived,D3_derived.html,4,right,left,2,text-enrichment-reader-round2-n30-v1:participant:30:documents:set:2:rotation:13,,,n30-round2-three-versions-v1,2026-09-04-r2-v1
n30-round2-three-versions-v1-slot-30,,30,2,11,49,P17_DOC_A,33,D3_derived,D3_derived.html,4,left,right,2,text-enrichment-reader-round2-n30-v1:participant:30:documents:set:2:rotation:13,,,n30-round2-three-versions-v1,2026-09-04-r2-v1
n30-round2-three-versions-v1-slot-30,,30,2,12,50,P2_DOC_A,3,D1_derived,D1_derived.html,1,right,left,2,text-enrichment-reader-round2-n30-v1:participant:30:documents:set:2:rotation:13,,,n30-round2-three-versions-v1,2026-09-04-r2-v1
n30-round2-three-versions-v1-slot-30,,30,2,13,51,P10_DOC_A,19,W_writer_optimal,W_writer_optimal.html,3,right,left,2,text-enrichment-reader-round2-n30-v1:participant:30:documents:set:2:rotation:13,,,n30-round2-three-versions-v1,2026-09-04-r2-v1
n30-round2-three-versions-v1-slot-30,,30,2,14,52,P17_DOC_B,34,W_writer_optimal,W_writer_optimal.html,3,left,right,2,text-enrichment-reader-round2-n30-v1:participant:30:documents:set:2:rotation:13,,,n30-round2-three-versions-v1,2026-09-04-r2-v1
n30-round2-three-versions-v1-slot-30,,30,2,15,53,P11_DOC_A,21,D3_derived,D3_derived.html,4,left,right,2,text-enrichment-reader-round2-n30-v1:participant:30:documents:set:2:rotation:13,,,n30-round2-three-versions-v1,2026-09-04-r2-v1
n30-round2-three-versions-v1-slot-30,,30,2,16,54,P7_DOC_B,14,D4_derived,D4_derived.html,5,right,left,2,text-enrichment-reader-round2-n30-v1:participant:30:documents:set:2:rotation:13,,,n30-round2-three-versions-v1,2026-09-04-r2-v1
n30-round2-three-versions-v1-slot-30,,30,2,17,55,P19_DOC_B,38,D4_derived,D4_derived.html,5,left,right,2,text-enrichment-reader-round2-n30-v1:participant:30:documents:set:2:rotation:13,,,n30-round2-three-versions-v1,2026-09-04-r2-v1
n30-round2-three-versions-v1-slot-30,,30,2,18,56,P6_DOC_A,11,D4_derived,D4_derived.html,5,right,left,2,text-enrichment-reader-round2-n30-v1:participant:30:documents:set:2:rotation:13,,,n30-round2-three-versions-v1,2026-09-04-r2-v1
n30-round2-three-versions-v1-slot-30,,30,2,19,57,P12_DOC_B,24,D3_derived,D3_derived.html,4,left,right,2,text-enrichment-reader-round2-n30-v1:participant:30:documents:set:2:rotation:13,,,n30-round2-three-versions-v1,2026-09-04-r2-v1
n30-round2-three-versions-v1-slot-30,,30,2,20,58,P18_DOC_B,36,D3_derived,D3_derived.html,4,left,right,2,text-enrichment-reader-round2-n30-v1:participant:30:documents:set:2:rotation:13,,,n30-round2-three-versions-v1,2026-09-04-r2-v1
n30-round2-three-versions-v1-slot-30,,30,2,21,59,P15_DOC_A,29,D2_derived,D2_derived.html,2,left,right,2,text-enrichment-reader-round2-n30-v1:participant:30:documents:set:2:rotation:13,,,n30-round2-three-versions-v1,2026-09-04-r2-v1
n30-round2-three-versions-v1-slot-30,,30,2,22,60,P10_DOC_B,20,D2_derived,D2_derived.html,2,left,right,2,text-enrichment-reader-round2-n30-v1:participant:30:documents:set:2:rotation:13,,,n30-round2-three-versions-v1,2026-09-04-r2-v1
n30-round2-three-versions-v1-slot-30,,30,2,23,61,P18_DOC_A,35,D4_derived,D4_derived.html,5,left,right,2,text-enrichment-reader-round2-n30-v1:participant:30:documents:set:2:rotation:13,,,n30-round2-three-versions-v1,2026-09-04-r2-v1
n30-round2-three-versions-v1-slot-30,,30,2,24,62,P8_DOC_A,15,D1_derived,D1_derived.html,1,right,left,2,text-enrichment-reader-round2-n30-v1:participant:30:documents:set:2:rotation:13,,,n30-round2-three-versions-v1,2026-09-04-r2-v1
n30-round2-three-versions-v1-slot-30,,30,2,25,63,P4_DOC_A,7,W_writer_optimal,W_writer_optimal.html,3,right,left,2,text-enrichment-reader-round2-n30-v1:participant:30:documents:set:2:rotation:13,,,n30-round2-three-versions-v1,2026-09-04-r2-v1
n30-round2-three-versions-v1-slot-30,,30,2,26,64,P19_DOC_A,37,D5_maximal,D5_maximal.html,6,left,right,2,text-enrichment-reader-round2-n30-v1:participant:30:documents:set:2:rotation:13,,,n30-round2-three-versions-v1,2026-09-04-r2-v1
n30-round2-three-versions-v1-slot-30,,30,2,27,65,P5_DOC_B,10,W_writer_optimal,W_writer_optimal.html,3,right,left,2,text-enrichment-reader-round2-n30-v1:participant:30:documents:set:2:rotation:13,,,n30-round2-three-versions-v1,2026-09-04-r2-v1
n30-round2-three-versions-v1-slot-30,,30,2,28,66,P13_DOC_A,25,D5_maximal,D5_maximal.html,6,left,right,2,text-enrichment-reader-round2-n30-v1:participant:30:documents:set:2:rotation:13,,,n30-round2-three-versions-v1,2026-09-04-r2-v1
n30-round2-three-versions-v1-slot-30,,30,2,29,67,P3_DOC_B,6,D1_derived,D1_derived.html,1,right,left,2,text-enrichment-reader-round2-n30-v1:participant:30:documents:set:2:rotation:13,,,n30-round2-three-versions-v1,2026-09-04-r2-v1
n30-round2-three-versions-v1-slot-30,,30,2,30,68,P12_DOC_A,23,D4_derived,D4_derived.html,5,left,right,2,text-enrichment-reader-round2-n30-v1:participant:30:documents:set:2:rotation:13,,,n30-round2-three-versions-v1,2026-09-04-r2-v1
n30-round2-three-versions-v1-slot-30,,30,2,31,69,P3_DOC_A,5,D2_derived,D2_derived.html,2,right,left,2,text-enrichment-reader-round2-n30-v1:participant:30:documents:set:2:rotation:13,,,n30-round2-three-versions-v1,2026-09-04-r2-v1
n30-round2-three-versions-v1-slot-30,,30,2,32,70,P6_DOC_B,12,D3_derived,D3_derived.html,4,right,left,2,text-enrichment-reader-round2-n30-v1:participant:30:documents:set:2:rotation:13,,,n30-round2-three-versions-v1,2026-09-04-r2-v1
n30-round2-three-versions-v1-slot-30,,30,2,33,71,P11_DOC_B,22,W_writer_optimal,W_writer_optimal.html,3,left,right,2,text-enrichment-reader-round2-n30-v1:participant:30:documents:set:2:rotation:13,,,n30-round2-three-versions-v1,2026-09-04-r2-v1
n30-round2-three-versions-v1-slot-30,,30,2,34,72,P15_DOC_B,30,D1_derived,D1_derived.html,1,left,right,2,text-enrichment-reader-round2-n30-v1:participant:30:documents:set:2:rotation:13,,,n30-round2-three-versions-v1,2026-09-04-r2-v1
n30-round2-three-versions-v1-slot-30,,30,2,35,73,P8_DOC_B,16,D5_maximal,D5_maximal.html,6,right,left,2,text-enrichment-reader-round2-n30-v1:participant:30:documents:set:2:rotation:13,,,n30-round2-three-versions-v1,2026-09-04-r2-v1
n30-round2-three-versions-v1-slot-30,,30,2,36,74,P9_DOC_A,17,D2_derived,D2_derived.html,2,right,left,2,text-enrichment-reader-round2-n30-v1:participant:30:documents:set:2:rotation:13,,,n30-round2-three-versions-v1,2026-09-04-r2-v1
n30-round2-three-versions-v1-slot-30,,30,2,37,75,P7_DOC_A,13,D5_maximal,D5_maximal.html,6,right,left,2,text-enrichment-reader-round2-n30-v1:participant:30:documents:set:2:rotation:13,,,n30-round2-three-versions-v1,2026-09-04-r2-v1
n30-round2-three-versions-v1-slot-30,,30,2,38,76,P14_DOC_B,28,D5_maximal,D5_maximal.html,6,left,right,2,text-enrichment-reader-round2-n30-v1:participant:30:documents:set:2:rotation:13,,,n30-round2-three-versions-v1,2026-09-04-r2-v1
n30-round2-three-versions-v1-slot-30,,30,3,1,77,P17_DOC_B,34,D4_derived,D4_derived.html,5,left,right,3,text-enrichment-reader-round2-n30-v1:participant:30:documents:set:3:rotation:26,,,n30-round2-three-versions-v1,2026-09-04-r2-v1
n30-round2-three-versions-v1-slot-30,,30,3,2,78,P11_DOC_A,21,D1_derived,D1_derived.html,1,left,right,3,text-enrichment-reader-round2-n30-v1:participant:30:documents:set:3:rotation:26,,,n30-round2-three-versions-v1,2026-09-04-r2-v1
n30-round2-three-versions-v1-slot-30,,30,3,3,79,P7_DOC_B,14,D1_derived,D1_derived.html,1,right,left,3,text-enrichment-reader-round2-n30-v1:participant:30:documents:set:3:rotation:26,,,n30-round2-three-versions-v1,2026-09-04-r2-v1
n30-round2-three-versions-v1-slot-30,,30,3,4,80,P19_DOC_B,38,D1_derived,D1_derived.html,1,left,right,3,text-enrichment-reader-round2-n30-v1:participant:30:documents:set:3:rotation:26,,,n30-round2-three-versions-v1,2026-09-04-r2-v1
n30-round2-three-versions-v1-slot-30,,30,3,5,81,P6_DOC_A,11,D2_derived,D2_derived.html,2,right,left,3,text-enrichment-reader-round2-n30-v1:participant:30:documents:set:3:rotation:26,,,n30-round2-three-versions-v1,2026-09-04-r2-v1
n30-round2-three-versions-v1-slot-30,,30,3,6,82,P12_DOC_B,24,D5_maximal,D5_maximal.html,6,left,right,3,text-enrichment-reader-round2-n30-v1:participant:30:documents:set:3:rotation:26,,,n30-round2-three-versions-v1,2026-09-04-r2-v1
n30-round2-three-versions-v1-slot-30,,30,3,7,83,P18_DOC_B,36,D5_maximal,D5_maximal.html,6,left,right,3,text-enrichment-reader-round2-n30-v1:participant:30:documents:set:3:rotation:26,,,n30-round2-three-versions-v1,2026-09-04-r2-v1
n30-round2-three-versions-v1-slot-30,,30,3,8,84,P15_DOC_A,29,D4_derived,D4_derived.html,5,left,right,3,text-enrichment-reader-round2-n30-v1:participant:30:documents:set:3:rotation:26,,,n30-round2-three-versions-v1,2026-09-04-r2-v1
n30-round2-three-versions-v1-slot-30,,30,3,9,85,P10_DOC_B,20,D3_derived,D3_derived.html,4,left,right,3,text-enrichment-reader-round2-n30-v1:participant:30:documents:set:3:rotation:26,,,n30-round2-three-versions-v1,2026-09-04-r2-v1
n30-round2-three-versions-v1-slot-30,,30,3,10,86,P18_DOC_A,35,D2_derived,D2_derived.html,2,left,right,3,text-enrichment-reader-round2-n30-v1:participant:30:documents:set:3:rotation:26,,,n30-round2-three-versions-v1,2026-09-04-r2-v1
n30-round2-three-versions-v1-slot-30,,30,3,11,87,P8_DOC_A,15,D3_derived,D3_derived.html,4,right,left,3,text-enrichment-reader-round2-n30-v1:participant:30:documents:set:3:rotation:26,,,n30-round2-three-versions-v1,2026-09-04-r2-v1
n30-round2-three-versions-v1-slot-30,,30,3,12,88,P4_DOC_A,7,D5_maximal,D5_maximal.html,6,right,left,3,text-enrichment-reader-round2-n30-v1:participant:30:documents:set:3:rotation:26,,,n30-round2-three-versions-v1,2026-09-04-r2-v1
n30-round2-three-versions-v1-slot-30,,30,3,13,89,P19_DOC_A,37,W_writer_optimal,W_writer_optimal.html,3,left,right,3,text-enrichment-reader-round2-n30-v1:participant:30:documents:set:3:rotation:26,,,n30-round2-three-versions-v1,2026-09-04-r2-v1
n30-round2-three-versions-v1-slot-30,,30,3,14,90,P5_DOC_B,10,D4_derived,D4_derived.html,5,right,left,3,text-enrichment-reader-round2-n30-v1:participant:30:documents:set:3:rotation:26,,,n30-round2-three-versions-v1,2026-09-04-r2-v1
n30-round2-three-versions-v1-slot-30,,30,3,15,91,P13_DOC_A,25,W_writer_optimal,W_writer_optimal.html,3,left,right,3,text-enrichment-reader-round2-n30-v1:participant:30:documents:set:3:rotation:26,,,n30-round2-three-versions-v1,2026-09-04-r2-v1
n30-round2-three-versions-v1-slot-30,,30,3,16,92,P3_DOC_B,6,W_writer_optimal,W_writer_optimal.html,3,right,left,3,text-enrichment-reader-round2-n30-v1:participant:30:documents:set:3:rotation:26,,,n30-round2-three-versions-v1,2026-09-04-r2-v1
n30-round2-three-versions-v1-slot-30,,30,3,17,93,P12_DOC_A,23,D2_derived,D2_derived.html,2,left,right,3,text-enrichment-reader-round2-n30-v1:participant:30:documents:set:3:rotation:26,,,n30-round2-three-versions-v1,2026-09-04-r2-v1
n30-round2-three-versions-v1-slot-30,,30,3,18,94,P3_DOC_A,5,D4_derived,D4_derived.html,5,right,left,3,text-enrichment-reader-round2-n30-v1:participant:30:documents:set:3:rotation:26,,,n30-round2-three-versions-v1,2026-09-04-r2-v1
n30-round2-three-versions-v1-slot-30,,30,3,19,95,P6_DOC_B,12,D5_maximal,D5_maximal.html,6,right,left,3,text-enrichment-reader-round2-n30-v1:participant:30:documents:set:3:rotation:26,,,n30-round2-three-versions-v1,2026-09-04-r2-v1
n30-round2-three-versions-v1-slot-30,,30,3,20,96,P11_DOC_B,22,D4_derived,D4_derived.html,5,left,right,3,text-enrichment-reader-round2-n30-v1:participant:30:documents:set:3:rotation:26,,,n30-round2-three-versions-v1,2026-09-04-r2-v1
n30-round2-three-versions-v1-slot-30,,30,3,21,97,P15_DOC_B,30,W_writer_optimal,W_writer_optimal.html,3,left,right,3,text-enrichment-reader-round2-n30-v1:participant:30:documents:set:3:rotation:26,,,n30-round2-three-versions-v1,2026-09-04-r2-v1
n30-round2-three-versions-v1-slot-30,,30,3,22,98,P8_DOC_B,16,D2_derived,D2_derived.html,2,right,left,3,text-enrichment-reader-round2-n30-v1:participant:30:documents:set:3:rotation:26,,,n30-round2-three-versions-v1,2026-09-04-r2-v1
n30-round2-three-versions-v1-slot-30,,30,3,23,99,P9_DOC_A,17,D4_derived,D4_derived.html,5,right,left,3,text-enrichment-reader-round2-n30-v1:participant:30:documents:set:3:rotation:26,,,n30-round2-three-versions-v1,2026-09-04-r2-v1
n30-round2-three-versions-v1-slot-30,,30,3,24,100,P7_DOC_A,13,W_writer_optimal,W_writer_optimal.html,3,right,left,3,text-enrichment-reader-round2-n30-v1:participant:30:documents:set:3:rotation:26,,,n30-round2-three-versions-v1,2026-09-04-r2-v1
n30-round2-three-versions-v1-slot-30,,30,3,25,101,P14_DOC_B,28,D2_derived,D2_derived.html,2,left,right,3,text-enrichment-reader-round2-n30-v1:participant:30:documents:set:3:rotation:26,,,n30-round2-three-versions-v1,2026-09-04-r2-v1
n30-round2-three-versions-v1-slot-30,,30,3,26,102,P1_DOC_B,2,D1_derived,D1_derived.html,1,right,left,3,text-enrichment-reader-round2-n30-v1:participant:30:documents:set:3:rotation:26,,,n30-round2-three-versions-v1,2026-09-04-r2-v1
n30-round2-three-versions-v1-slot-30,,30,3,27,103,P14_DOC_A,27,D3_derived,D3_derived.html,4,left,right,3,text-enrichment-reader-round2-n30-v1:participant:30:documents:set:3:rotation:26,,,n30-round2-three-versions-v1,2026-09-04-r2-v1
n30-round2-three-versions-v1-slot-30,,30,3,28,104,P1_DOC_A,1,W_writer_optimal,W_writer_optimal.html,3,right,left,3,text-enrichment-reader-round2-n30-v1:participant:30:documents:set:3:rotation:26,,,n30-round2-three-versions-v1,2026-09-04-r2-v1
n30-round2-three-versions-v1-slot-30,,30,3,29,105,P9_DOC_B,18,W_writer_optimal,W_writer_optimal.html,3,right,left,3,text-enrichment-reader-round2-n30-v1:participant:30:documents:set:3:rotation:26,,,n30-round2-three-versions-v1,2026-09-04-r2-v1
n30-round2-three-versions-v1-slot-30,,30,3,30,106,P16_DOC_B,32,D3_derived,D3_derived.html,4,left,right,3,text-enrichment-reader-round2-n30-v1:participant:30:documents:set:3:rotation:26,,,n30-round2-three-versions-v1,2026-09-04-r2-v1
n30-round2-three-versions-v1-slot-30,,30,3,31,107,P16_DOC_A,31,D5_maximal,D5_maximal.html,6,left,right,3,text-enrichment-reader-round2-n30-v1:participant:30:documents:set:3:rotation:26,,,n30-round2-three-versions-v1,2026-09-04-r2-v1
n30-round2-three-versions-v1-slot-30,,30,3,32,108,P4_DOC_B,8,D3_derived,D3_derived.html,4,right,left,3,text-enrichment-reader-round2-n30-v1:participant:30:documents:set:3:rotation:26,,,n30-round2-three-versions-v1,2026-09-04-r2-v1
n30-round2-three-versions-v1-slot-30,,30,3,33,109,P13_DOC_B,26,D1_derived,D1_derived.html,1,left,right,3,text-enrichment-reader-round2-n30-v1:participant:30:documents:set:3:rotation:26,,,n30-round2-three-versions-v1,2026-09-04-r2-v1
n30-round2-three-versions-v1-slot-30,,30,3,34,110,P2_DOC_B,4,D2_derived,D2_derived.html,2,right,left,3,text-enrichment-reader-round2-n30-v1:participant:30:documents:set:3:rotation:26,,,n30-round2-three-versions-v1,2026-09-04-r2-v1
n30-round2-three-versions-v1-slot-30,,30,3,35,111,P5_DOC_A,9,D1_derived,D1_derived.html,1,right,left,3,text-enrichment-reader-round2-n30-v1:participant:30:documents:set:3:rotation:26,,,n30-round2-three-versions-v1,2026-09-04-r2-v1
n30-round2-three-versions-v1-slot-30,,30,3,36,112,P17_DOC_A,33,D1_derived,D1_derived.html,1,left,right,3,text-enrichment-reader-round2-n30-v1:participant:30:documents:set:3:rotation:26,,,n30-round2-three-versions-v1,2026-09-04-r2-v1
n30-round2-three-versions-v1-slot-30,,30,3,37,113,P2_DOC_A,3,D3_derived,D3_derived.html,4,right,left,3,text-enrichment-reader-round2-n30-v1:participant:30:documents:set:3:rotation:26,,,n30-round2-three-versions-v1,2026-09-04-r2-v1
n30-round2-three-versions-v1-slot-30,,30,3,38,114,P10_DOC_A,19,D5_maximal,D5_maximal.html,6,right,left,3,text-enrichment-reader-round2-n30-v1:participant:30:documents:set:3:rotation:26,,,n30-round2-three-versions-v1,2026-09-04-r2-v1
